-16.922, -20.01
-16.825, -20.318
-16.732, -20.603
-16.639, -20.888
-16.546, -21.173
-16.453, -21.458
-16.356, -21.753
-16.263, -22.038
-16.17, -22.323
-16.077, -22.608
-15.984, -22.894
-15.891, -23.179
-15.798, -23.464
-15.699, -23.763
-15.589, -24.1
-15.475, -24.458
-15.362, -24.8
-15.277, -24.396
-15.392, -24.038
-15.502, -23.701
-16.627, -20.256
-16.534, -20.541
-16.441, -20.826
-16.348, -21.111
-16.255, -21.397
-16.159, -21.691
-16.066, -21.976
-15.973, -22.261
-15.88, -22.546
-15.787, -22.831
-15.694, -23.116
-15.6, -23.402
-16.725, -19.948
-15.079, -24.334
-15.194, -23.976
-15.304, -23.639
-16.429, -20.194
-16.336, -20.479
-16.243, -20.764
-16.15, -21.049
-16.057, -21.335
-15.961, -21.629
-15.868, -21.914
-15.775, -22.199
-15.682, -22.484
-15.589, -22.77
-15.496, -23.055
-15.403, -23.34
-16.527, -19.886
-14.881, -24.272
-14.996, -23.914
-15.106, -23.577
-16.231, -20.132
-16.138, -20.417
-16.045, -20.702
-15.952, -20.987
-15.859, -21.272
-15.763, -21.567
-15.67, -21.852
-15.577, -22.137
-15.484, -22.423
-15.391, -22.708
-15.298, -22.993
-15.205, -23.278
-16.329, -19.824
-14.683, -24.21
-14.798, -23.852
-14.908, -23.515
-16.034, -20.07
-15.941, -20.355
-15.848, -20.64
-15.754, -20.925
-15.661, -21.21
-15.565, -21.505
-15.472, -21.79
-15.379, -22.075
-15.286, -22.36
-15.193, -22.646
-15.1, -22.931
-15.007, -23.216
-16.131, -19.762
-14.486, -24.148
-14.6, -23.79
-14.71, -23.453
-15.836, -20.008
-15.743, -20.293
-15.65, -20.578
-15.557, -20.863
-15.464, -21.148
-15.367, -21.443
-15.274, -21.728
-15.181, -22.013
-15.088, -22.298
-14.995, -22.584
-14.902, -22.869
-14.809, -23.154
-15.933, -19.7
-14.448, -23.743
-14.558, -23.405
-15.683, -19.961
-15.59, -20.246
-15.497, -20.531
-15.404, -20.816
-15.311, -21.101
-15.215, -21.396
-15.122, -21.681
-15.029, -21.966
-14.936, -22.251
-14.843, -22.536
-14.75, -22.821
-14.656, -23.106
-15.781, -19.653
-14.25, -23.681
-14.36, -23.343
-15.485, -19.898
-15.392, -20.184
-15.299, -20.469
-15.206, -20.754
-15.113, -21.039
-15.017, -21.334
-14.924, -21.619
-14.831, -21.904
-14.738, -22.189
-14.645, -22.474
-14.552, -22.759
-14.459, -23.044
-15.583, -19.591
-14.021, -23.609
-14.131, -23.272
-15.256, -19.827
-15.163, -20.112
-15.07, -20.397
-14.977, -20.682
-14.884, -20.967
-14.788, -21.262
-14.695, -21.547
-14.602, -21.832
-14.509, -22.118
-14.416, -22.403
-14.323, -22.688
-14.23, -22.973
-13.823, -23.547
-13.933, -23.21
-15.059, -19.765
-14.966, -20.05
-14.872, -20.335
-14.78, -20.62
-14.686, -20.905
-14.59, -21.2
-14.497, -21.485
-14.404, -21.77
-14.311, -22.056
-14.218, -22.341
-14.125, -22.626
-14.032, -22.911
-13.625, -23.485
-13.735, -23.148
-14.861, -19.703
-14.768, -19.988
-14.675, -20.273
-14.582, -20.558
-14.489, -20.843
-14.392, -21.138
-14.299, -21.423
-14.206, -21.708
-14.113, -21.994
-14.02, -22.279
-13.927, -22.564
-13.834, -22.849
-13.428, -23.423
-13.538, -23.086
-14.663, -19.641
-14.57, -19.926
-14.477, -20.211
-14.384, -20.496
-14.291, -20.782
-14.195, -21.076
-14.102, -21.361
-14.009, -21.646
-13.916, -21.932
-13.823, -22.217
-13.73, -22.502
-13.637, -22.787
-13.23, -23.361
-13.34, -23.023
-14.465, -19.579
-14.372, -19.864
-14.279, -20.149
-14.186, -20.434
-14.093, -20.719
-13.997, -21.014
-13.904, -21.299
-13.811, -21.584
-13.718, -21.87
-13.625, -22.155
-13.532, -22.44
-13.439, -22.725
-13.032, -23.299
-13.142, -22.962
-14.267, -19.517
-14.174, -19.802
-14.081, -20.087
-13.988, -20.372
-13.895, -20.658
-13.799, -20.952
-13.706, -21.237
-13.613, -21.522
-13.52, -21.807
-13.427, -22.093
-13.334, -22.378
-13.241, -22.663
-12.989, -22.914
-14.115, -19.469
-14.022, -19.755
-13.929, -20.04
-13.836, -20.325
-13.742, -20.61
-13.646, -20.905
-13.553, -21.19
-13.46, -21.475
-13.367, -21.76
-13.274, -22.045
-13.181, -22.33
-13.088, -22.615
-12.791, -22.852
-13.917, -19.408
-13.824, -19.693
-13.731, -19.978
-13.638, -20.263
-13.545, -20.548
-13.448, -20.843
-13.356, -21.128
-13.262, -21.413
-13.169, -21.698
-13.076, -21.983
-12.983, -22.268
-12.89, -22.553
-12.635, -22.804
-13.76, -19.359
-13.667, -19.644
-13.574, -19.929
-13.388, -20.5
-13.478, -20.199
-13.292, -20.794
-13.199, -21.079
-13.106, -21.364
-13.013, -21.65
-12.92, -21.935
-12.827, -22.22
-12.734, -22.505
-12.437, -22.742
-13.562, -19.297
-13.469, -19.582
-13.376, -19.867
-13.283, -20.153
-13.19, -20.438
-13.094, -20.732
-13.001, -21.017
-12.908, -21.303
-12.815, -21.588
-12.722, -21.873
-12.629, -22.158
-12.536, -22.443
-13.364, -19.235
-13.271, -19.52
-13.178, -19.805
-13.085, -20.091
-12.992, -20.376
-12.896, -20.67
-12.803, -20.955
-12.71, -21.241
-12.617, -21.526
-12.524, -21.811
-12.431, -22.096
-12.338, -22.381
-13.167, -19.173
-13.074, -19.458
-12.981, -19.744
-12.888, -20.028
-12.794, -20.314
-12.698, -20.608
-12.605, -20.893
-12.512, -21.179
-12.419, -21.464
-12.326, -21.749
-12.233, -22.034
-12.14, -22.319
-12.969, -19.111
-12.876, -19.396
-12.783, -19.681
-12.69, -19.967
-12.597, -20.252
-12.501, -20.546
-12.408, -20.831
-12.315, -21.117
-12.222, -21.402
-12.128, -21.687
-12.035, -21.972
-11.942, -22.257
-17.51, -17.727
-17.94, -14.746
-18.069, -13.852
-17.252, -19.503
-17.725, -16.231
-17.854, -15.338
-17.553, -17.425
-17.682, -16.532
-17.639, -16.833
-17.983, -14.445
-17.811, -15.639
-18.026, -14.153
-17.467, -18.018
-17.381, -18.61
-17.338, -18.911
-17.424, -18.319
-17.768, -15.93
-17.295, -19.212
-17.596, -17.134
-17.897, -15.047
-17.826, -14.118
-17.438, -16.798
-17.094, -19.177
-17.482, -16.507
-17.697, -15.011
-17.739, -14.71
-17.567, -15.895
-17.653, -15.303
-17.137, -18.876
-17.524, -16.196
-17.051, -19.468
-17.18, -18.585
-17.395, -17.099
-17.266, -17.982
-17.309, -17.691
-17.868, -13.817
-17.61, -15.604
-17.783, -14.419
-17.223, -18.283
-17.352, -17.39
-17.195, -17.064
-17.592, -14.384
-17.238, -16.763
-17.151, -17.355
-16.979, -18.549
-16.936, -18.84
-17.323, -16.161
-17.281, -16.472
-17.678, -13.792
-17.108, -17.656
-17.635, -14.083
-17.367, -15.869
-17.42, -15.568
-16.85, -19.433
-16.893, -19.141
-17.022, -18.248
-17.506, -14.976
-17.549, -14.675
-17.066, -17.957
-17.462, -15.267
-16.692, -19.106
-17.477, -13.756
-16.951, -17.33
-17.133, -16.125
-17.176, -15.834
-17.219, -15.533
-17.09, -16.436
-17.305, -14.941
-16.865, -17.922
-17.434, -14.047
-17.348, -14.64
-16.994, -17.028
-16.735, -18.805
-17.047, -16.727
-17.391, -14.348
-16.649, -19.407
-16.908, -17.621
-16.779, -18.514
-17.262, -15.242
-16.821, -18.213
-16.932, -16.09
-17.276, -13.721
-16.803, -16.993
-17.19, -14.313
-17.018, -15.497
-17.233, -14.012
-16.674, -17.886
-17.104, -14.905
-17.061, -15.206
-16.459, -19.372
-16.717, -17.585
-17.147, -14.614
-16.588, -18.478
-16.889, -16.401
-16.545, -18.78
-16.502, -19.071
-16.975, -15.799
-16.631, -18.177
-16.76, -17.294
-16.846, -16.702
-16.86, -15.171
-16.473, -17.851
-16.43, -18.152
-16.989, -14.278
-16.387, -18.443
-16.516, -17.55
-16.903, -14.87
-16.946, -14.579
-16.774, -15.763
-16.817, -15.462
-16.645, -16.667
-16.688, -16.365
-16.731, -16.064
-17.075, -13.686
-16.559, -17.259
-16.344, -18.744
-16.258, -19.336
-16.301, -19.035
-16.602, -16.958
-17.032, -13.987
-16.1, -19
-16.755, -14.543
-16.444, -16.631
-16.54, -16.029
-16.358, -17.223
-16.229, -18.117
-16.487, -16.33
-16.143, -18.709
-16.884, -13.65
-16.712, -14.834
-16.186, -18.408
-16.841, -13.951
-16.272, -17.816
-16.669, -15.136
-16.401, -16.922
-16.315, -17.525
-16.626, -15.427
-16.798, -14.242
-16.583, -15.728
-16.057, -19.301
-15.942, -18.674
-16.114, -17.489
-15.899, -18.975
-16.64, -13.916
-16.597, -14.207
-16.339, -15.994
-16.425, -15.401
-16.253, -16.596
-16.468, -15.1
-16.21, -16.897
-16.296, -16.295
-16.167, -17.188
-16.382, -15.692
-16.683, -13.615
-16.511, -14.799
-15.985, -18.373
-16.071, -17.78
-16.028, -18.081
-16.554, -14.508
-15.856, -19.266
-15.81, -17.736
-15.595, -19.222
-15.982, -16.552
-16.154, -15.348
-15.939, -16.843
-15.638, -18.921
-16.326, -14.163
-16.197, -15.057
-15.724, -18.329
-15.853, -17.435
-16.283, -14.464
-16.025, -16.251
-16.111, -15.649
-15.681, -18.63
-16.24, -14.756
-15.896, -17.144
-16.412, -13.571
-16.369, -13.872
-16.068, -15.95
-15.767, -18.038
-15.91, -15.614
-15.609, -17.701
-15.695, -17.109
-15.48, -18.594
-15.824, -16.216
-16.092, -14.429
-15.652, -17.41
-15.781, -16.517
-15.738, -16.808
-16.049, -14.72
-15.867, -15.915
-16.135, -14.128
-16.006, -15.021
-16.178, -13.837
-16.221, -13.536
-15.437, -18.886
-15.394, -19.187
-15.566, -18.002
-15.523, -18.293
-15.963, -15.322
-15.849, -14.695
-15.762, -15.287
-15.451, -17.375
-15.494, -17.074
-15.538, -16.783
-15.236, -18.86
-15.322, -18.258
-16.021, -13.5
-15.193, -19.151
-15.805, -14.986
-15.279, -18.559
-15.58, -16.482
-15.891, -14.394
-15.365, -17.967
-15.719, -15.578
-15.408, -17.666
-15.676, -15.879
-15.978, -13.801
-15.633, -16.18
-15.934, -14.093
-15.261, -17.339
-15.433, -16.155
-15.002, -19.116
-15.777, -13.766
-15.691, -14.358
-15.604, -14.951
-15.174, -17.931
-15.088, -18.524
-15.562, -15.252
-15.648, -14.659
-15.303, -17.038
-15.734, -14.067
-15.131, -18.233
-15.82, -13.465
-15.475, -15.844
-15.045, -18.825
-15.347, -16.747
-15.39, -16.446
-15.217, -17.63
-15.518, -15.543
-15.146, -16.712
-15.318, -15.517
-15.361, -15.216
-15.49, -14.323
-15.017, -17.605
-14.801, -19.081
-15.447, -14.624
-15.533, -14.032
-15.103, -17.003
-15.232, -16.12
-15.576, -13.731
-14.844, -18.789
-15.404, -14.915
-14.931, -18.197
-15.189, -16.411
-14.974, -17.896
-14.887, -18.488
-15.275, -15.809
-15.06, -17.304
-15.619, -13.44
-15.385, -13.695
-14.988, -16.375
-14.73, -18.162
-14.945, -16.677
-15.428, -13.404
-15.17, -15.181
-15.031, -16.084
-14.816, -17.57
-15.213, -14.89
-14.644, -18.754
-14.773, -17.861
-15.299, -14.288
-15.117, -15.482
-14.601, -19.055
-14.859, -17.269
-14.902, -16.978
-14.687, -18.453
-15.342, -13.996
-15.256, -14.589
-15.074, -15.773
-14.572, -17.826
-15.227, -13.369
-14.754, -16.641
-14.529, -18.127
-14.926, -15.447
-15.184, -13.66
-15.055, -14.553
-14.443, -18.719
-14.84, -16.049
-14.883, -15.738
-14.969, -15.146
-15.012, -14.854
-14.4, -19.02
-14.797, -16.35
-14.711, -16.942
-14.486, -18.428
-15.098, -14.252
-14.658, -17.233
-15.141, -13.961
-14.615, -17.534
-14.424, -17.499
-14.639, -16.014
-14.467, -17.198
-14.295, -18.392
-14.682, -15.712
-14.897, -14.227
-14.553, -16.606
-14.252, -18.683
-14.338, -18.091
-14.811, -14.819
-15.026, -13.334
-14.768, -15.11
-14.854, -14.518
-14.209, -18.984
-14.51, -16.907
-14.725, -15.411
-14.596, -16.315
-14.983, -13.625
-14.381, -17.8
-14.94, -13.926
-14.325, -16.261
-14.507, -15.066
-14.067, -18.048
-14.196, -17.154
-14.282, -16.562
-14.024, -18.339
-14.55, -14.765
-14.239, -16.853
-14.722, -13.581
-14.593, -14.474
-14.11, -17.746
-14.464, -15.367
-13.981, -18.64
-14.636, -14.173
-14.368, -15.97
-14.679, -13.882
-14.421, -15.659
-14.153, -17.455
-14.521, -13.546
-14.435, -14.138
-14.392, -14.439
-13.78, -18.604
-13.823, -18.303
-14.22, -15.623
-13.995, -17.119
-14.478, -13.847
-14.306, -15.031
-13.952, -17.42
-13.909, -17.711
-14.177, -15.934
-13.866, -18.012
-14.038, -16.828
-14.134, -16.225
-14.263, -15.332
-14.349, -14.74
-14.091, -16.527
-13.761, -17.385
-14.191, -14.404
-13.675, -17.977
-13.89, -16.491
-14.105, -14.996
-14.019, -15.588
-13.804, -17.083
-14.234, -14.112
-13.933, -16.2
-13.976, -15.899
-14.32, -13.51
-13.847, -16.792
-14.277, -13.811
-13.718, -17.676
-14.148, -14.705
-13.632, -18.278
-13.589, -18.569
-14.062, -15.297
-13.474, -17.941
-13.56, -17.349
-13.775, -15.864
-14.034, -14.077
-14.076, -13.776
-14.12, -13.485
-13.99, -14.368
-13.646, -16.757
-13.904, -14.96
-13.517, -17.65
-13.733, -16.165
-13.861, -15.262
-13.689, -16.456
-13.818, -15.563
-13.388, -18.534
-13.603, -17.048
-13.947, -14.669
-13.431, -18.242
-13.67, -15.226
-13.403, -17.023
-13.273, -17.906
-13.359, -17.314
-13.757, -14.634
-13.187, -18.498
-13.575, -15.828
-13.929, -13.449
-13.886, -13.741
-13.23, -18.207
-13.488, -16.421
-13.714, -14.935
-13.316, -17.615
-13.843, -14.042
-13.627, -15.527
-13.799, -14.333
-13.446, -16.722
-13.532, -16.13
-18.238, -7.296
-18.226, -7.596
-18.213, -7.895
-18.201, -8.195
-18.164, -9.094
-18.114, -10.303
-18.039, -12.101
-18.126, -10.003
-18.101, -10.603
-18.151, -9.394
-18.189, -8.495
-18.052, -11.802
-18.002, -13.001
-18.076, -11.202
-18.089, -10.903
-18.139, -9.694
-18.027, -12.401
-18.014, -12.701
-18.176, -8.794
-18.064, -11.502
-17.989, -8.481
-17.889, -10.889
-18.014, -7.882
-17.877, -11.189
-17.939, -9.68
-17.864, -11.489
-17.914, -10.29
-17.815, -12.688
-17.964, -9.081
-17.952, -9.381
-18.001, -8.182
-17.852, -11.788
-17.802, -12.987
-17.902, -10.59
-18.026, -7.582
-17.84, -12.088
-17.827, -12.388
-17.926, -9.99
-17.976, -8.781
-18.038, -7.282
-17.814, -7.869
-17.603, -12.974
-17.69, -10.876
-17.702, -10.576
-17.665, -11.476
-17.628, -12.375
-17.652, -11.775
-17.677, -11.176
-17.752, -9.367
-17.714, -10.277
-17.764, -9.068
-17.839, -7.269
-17.827, -7.569
-17.615, -12.674
-17.64, -12.075
-17.74, -9.667
-17.777, -8.768
-17.789, -8.468
-17.802, -8.169
-17.727, -9.977
-17.627, -7.556
-17.565, -9.054
-17.59, -8.455
-17.552, -9.354
-17.577, -8.755
-17.639, -7.256
-17.54, -9.654
-17.415, -12.661
-17.44, -12.062
-17.428, -12.361
-17.478, -11.163
-17.515, -10.263
-17.465, -11.462
-17.527, -9.964
-17.602, -8.155
-17.614, -7.855
-17.49, -10.863
-17.502, -10.563
-17.453, -11.762
-17.403, -12.961
-17.253, -11.749
-17.39, -8.442
-17.415, -7.842
-17.328, -9.95
-17.365, -9.041
-17.228, -12.348
-17.402, -8.142
-17.427, -7.542
-17.29, -10.85
-17.265, -11.449
-17.278, -11.149
-17.34, -9.641
-17.241, -12.048
-17.378, -8.741
-17.303, -10.55
-17.203, -12.948
-17.216, -12.648
-17.44, -7.243
-17.353, -9.341
-17.315, -10.25
-17.166, -9.028
-17.078, -11.136
-17.178, -8.728
-17.091, -10.836
-17.141, -9.627
-17.041, -12.035
-17.203, -8.129
-17.004, -12.934
-17.066, -11.436
-17.115, -10.237
-17.215, -7.829
-17.016, -12.635
-17.228, -7.529
-17.153, -9.328
-17.053, -11.735
-17.103, -10.537
-17.029, -12.335
-17.24, -7.229
-17.128, -9.937
-17.19, -8.428
-16.978, -8.714
-16.817, -12.621
-16.904, -10.523
-16.841, -12.021
-16.916, -10.223
-16.966, -9.014
-17.003, -8.115
-17.028, -7.515
-16.941, -9.613
-16.928, -9.923
-16.829, -12.321
-16.804, -12.92
-16.854, -11.721
-16.879, -11.122
-16.991, -8.414
-16.866, -11.422
-16.891, -10.822
-17.041, -7.216
-17.016, -7.815
-16.954, -9.314
-16.679, -11.109
-16.654, -11.708
-16.704, -10.509
-16.605, -12.907
-16.766, -9.001
-16.617, -12.607
-16.691, -10.809
-16.667, -11.409
-16.816, -7.802
-16.754, -9.3
-16.642, -12.008
-16.841, -7.202
-16.828, -7.502
-16.629, -12.308
-16.791, -8.401
-16.742, -9.6
-16.779, -8.701
-16.729, -9.91
-16.804, -8.102
-16.716, -10.21
-16.348, -12.589
-16.447, -10.191
-16.547, -7.783
-16.41, -11.09
-16.335, -12.889
-16.571, -7.184
-16.534, -8.083
-16.497, -8.982
-16.485, -9.282
-16.36, -12.289
-16.372, -11.99
-16.422, -10.791
-16.385, -11.69
-16.472, -9.582
-16.559, -7.484
-16.509, -8.683
-16.397, -11.39
-16.459, -9.892
-16.434, -10.491
-16.522, -8.383
-16.235, -10.478
-16.335, -8.07
-16.359, -7.47
-16.372, -7.171
-16.272, -9.568
-16.297, -8.969
-16.31, -8.669
-16.322, -8.37
-16.247, -10.178
-16.185, -11.677
-16.197, -11.377
-16.136, -12.875
-16.16, -12.276
-16.148, -12.576
-16.26, -9.878
-16.21, -11.077
-16.285, -9.269
-16.222, -10.777
-16.173, -11.976
-16.347, -7.77
-15.936, -12.862
-16.11, -8.656
-16.035, -10.464
-16.023, -10.764
-16.085, -9.256
-15.948, -12.562
-16.16, -7.457
-16.147, -7.757
-16.098, -8.956
-15.986, -11.663
-15.973, -11.963
-16.06, -9.865
-16.135, -8.057
-15.998, -11.364
-16.172, -7.157
-16.048, -10.165
-16.122, -8.356
-16.073, -9.555
-16.01, -11.064
-15.961, -12.263
-15.972, -7.144
-15.91, -8.643
-15.823, -10.751
-15.798, -11.35
-15.923, -8.343
-15.811, -11.051
-15.773, -11.95
-15.86, -9.852
-15.873, -9.542
-15.848, -10.151
-15.786, -11.65
-15.836, -10.451
-15.935, -8.043
-15.948, -7.744
-15.886, -9.242
-15.736, -12.849
-15.96, -7.444
-15.898, -8.943
-15.749, -12.549
-15.761, -12.249
-15.686, -9.229
-15.736, -8.03
-15.748, -7.73
-15.773, -7.131
-15.549, -12.536
-15.76, -7.431
-15.711, -8.63
-15.674, -9.529
-15.586, -11.637
-15.574, -11.936
-15.723, -8.33
-15.611, -11.037
-15.537, -12.836
-15.623, -10.738
-15.599, -11.337
-15.661, -9.838
-15.636, -10.438
-15.648, -10.138
-15.698, -8.929
-15.561, -12.236
-15.411, -11.024
-15.436, -10.425
-15.511, -8.616
-15.337, -12.822
-15.461, -9.825
-15.548, -7.717
-15.573, -7.118
-15.399, -11.324
-15.523, -8.317
-15.387, -11.624
-15.349, -12.523
-15.362, -12.223
-15.561, -7.417
-15.486, -9.216
-15.536, -8.017
-15.474, -9.515
-15.449, -10.125
-15.424, -10.724
-15.499, -8.916
-15.374, -11.923
-15.299, -8.902
-15.374, -7.104
-15.212, -11.01
-15.199, -11.31
-15.349, -7.703
-15.336, -8.003
-15.162, -12.209
-15.137, -12.809
-15.361, -7.403
-15.224, -10.711
-15.15, -12.509
-15.274, -9.502
-15.312, -8.602
-15.187, -11.61
-15.249, -10.111
-15.175, -11.909
-15.237, -10.411
-15.262, -9.811
-15.324, -8.303
-15.287, -9.202
-15.162, -7.39
-15.149, -7.69
-15.075, -9.488
-15, -11.297
-15.174, -7.09
-15.087, -9.189
-15.137, -7.99
-14.938, -12.795
-15.112, -8.589
-14.975, -11.896
-15.049, -10.098
-15.124, -8.289
-14.963, -12.196
-15.099, -8.889
-14.987, -11.596
-15.062, -9.798
-15.037, -10.398
-15.025, -10.697
-15.012, -10.997
-14.95, -12.496
-14.78, -10.078
-14.681, -12.476
-14.892, -7.371
-14.867, -7.97
-14.718, -11.577
-14.855, -8.27
-14.818, -9.169
-14.73, -11.277
-14.792, -9.779
-14.693, -12.176
-14.743, -10.977
-14.88, -7.67
-14.843, -8.57
-14.668, -12.776
-14.83, -8.869
-14.706, -11.877
-14.805, -9.469
-14.768, -10.378
-14.755, -10.678
-14.556, -10.664
-14.68, -7.657
-14.606, -9.455
-14.618, -9.156
-14.693, -7.357
-14.518, -11.564
-14.568, -10.365
-14.643, -8.556
-14.531, -11.264
-14.655, -8.257
-14.63, -8.856
-14.481, -12.463
-14.506, -11.863
-14.668, -7.957
-14.58, -10.065
-14.543, -10.964
-14.593, -9.765
-14.494, -12.163
-14.469, -12.762
-14.493, -7.344
-14.393, -9.752
-14.368, -10.352
-14.331, -11.251
-14.344, -10.951
-14.356, -10.651
-14.431, -8.843
-14.418, -9.143
-14.443, -8.543
-14.269, -12.749
-14.306, -11.85
-14.406, -9.442
-14.468, -7.944
-14.319, -11.55
-14.282, -12.449
-14.481, -7.644
-14.294, -12.15
-14.456, -8.243
-14.381, -10.052
-14.268, -7.93
-14.144, -10.938
-14.293, -7.331
-14.094, -12.136
-14.219, -9.129
-14.082, -12.436
-14.156, -10.638
-14.231, -8.83
-14.169, -10.338
-14.244, -8.53
-14.256, -8.23
-14.206, -9.429
-14.132, -11.237
-14.281, -7.631
-14.069, -12.736
-14.194, -9.739
-14.119, -11.537
-14.107, -11.837
-14.181, -10.039
-13.969, -10.325
-14.044, -8.517
-13.957, -10.625
-13.944, -10.924
-13.994, -9.725
-14.032, -8.816
-13.907, -11.824
-13.895, -12.123
-13.981, -10.025
-14.019, -9.116
-14.056, -8.217
-13.87, -12.723
-14.094, -7.318
-13.919, -11.524
-13.882, -12.423
-13.932, -11.224
-14.081, -7.617
-14.007, -9.416
-14.069, -7.917
-18.09, -0.673
-18.094, -0.973
-18.098, -1.272
-18.103, -1.572
-18.116, -2.472
-18.133, -3.681
-18.16, -5.48
-18.129, -3.381
-18.138, -3.981
-18.12, -2.772
-18.107, -1.872
-18.155, -5.18
-18.173, -6.38
-18.146, -4.581
-18.142, -4.281
-18.124, -3.072
-18.164, -5.78
-18.168, -6.08
-18.111, -2.172
-18.151, -4.881
-17.907, -1.873
-17.942, -4.282
-17.898, -1.273
-17.946, -4.582
-17.924, -3.072
-17.951, -4.881
-17.933, -3.682
-17.968, -6.081
-17.915, -2.472
-17.92, -2.772
-17.902, -1.573
-17.955, -5.181
-17.972, -6.381
-17.937, -3.982
-17.894, -0.973
-17.959, -5.481
-17.964, -5.781
-17.929, -3.382
-17.911, -2.173
-17.889, -0.673
-17.698, -1.274
-17.772, -6.381
-17.742, -4.282
-17.737, -3.983
-17.75, -4.882
-17.763, -5.782
-17.755, -5.182
-17.746, -4.582
-17.72, -2.773
-17.733, -3.683
-17.715, -2.473
-17.689, -0.674
-17.693, -0.974
-17.768, -6.081
-17.759, -5.482
-17.724, -3.073
-17.711, -2.173
-17.706, -1.874
-17.702, -1.574
-17.728, -3.383
-17.493, -0.975
-17.515, -2.474
-17.506, -1.874
-17.519, -2.774
-17.51, -2.174
-17.489, -0.675
-17.523, -3.074
-17.567, -6.082
-17.558, -5.482
-17.563, -5.782
-17.546, -4.583
-17.532, -3.683
-17.55, -4.883
-17.528, -3.383
-17.502, -1.574
-17.497, -1.274
-17.541, -4.283
-17.537, -3.983
-17.554, -5.183
-17.572, -6.382
-17.354, -5.183
-17.306, -1.875
-17.297, -1.275
-17.328, -3.384
-17.315, -2.475
-17.363, -5.783
-17.301, -1.575
-17.293, -0.975
-17.341, -4.284
-17.35, -4.884
-17.345, -4.584
-17.323, -3.074
-17.358, -5.483
-17.31, -2.175
-17.336, -3.984
-17.371, -6.383
-17.367, -6.083
-17.288, -0.675
-17.319, -2.774
-17.332, -3.684
-17.114, -2.475
-17.145, -4.584
-17.11, -2.175
-17.14, -4.284
-17.123, -3.075
-17.158, -5.484
-17.101, -1.576
-17.171, -6.383
-17.149, -4.884
-17.132, -3.685
-17.097, -1.276
-17.167, -6.084
-17.092, -0.976
-17.119, -2.775
-17.153, -5.184
-17.136, -3.985
-17.162, -5.784
-17.088, -0.676
-17.127, -3.385
-17.105, -1.876
-16.91, -2.175
-16.966, -6.083
-16.936, -3.984
-16.958, -5.483
-16.931, -3.684
-16.914, -2.474
-16.901, -1.575
-16.892, -0.975
-16.923, -3.074
-16.927, -3.384
-16.962, -5.783
-16.971, -6.382
-16.953, -5.183
-16.945, -4.583
-16.905, -1.875
-16.949, -4.883
-16.94, -4.284
-16.888, -0.675
-16.896, -1.275
-16.918, -2.774
-16.744, -4.584
-16.753, -5.184
-16.735, -3.984
-16.77, -6.383
-16.714, -2.475
-16.766, -6.083
-16.74, -4.284
-16.749, -4.884
-16.696, -1.276
-16.718, -2.775
-16.757, -5.484
-16.687, -0.676
-16.692, -0.976
-16.762, -5.783
-16.705, -1.875
-16.722, -3.075
-16.709, -2.175
-16.727, -3.385
-16.701, -1.576
-16.731, -3.685
-16.496, -6.083
-16.461, -3.684
-16.426, -1.275
-16.474, -4.584
-16.5, -6.383
-16.417, -0.676
-16.43, -1.575
-16.443, -2.475
-16.448, -2.775
-16.491, -5.783
-16.487, -5.483
-16.47, -4.284
-16.483, -5.183
-16.452, -3.075
-16.421, -0.975
-16.439, -2.175
-16.478, -4.884
-16.456, -3.384
-16.465, -3.984
-16.434, -1.875
-16.265, -3.985
-16.23, -1.576
-16.221, -0.976
-16.217, -0.676
-16.252, -3.075
-16.243, -2.475
-16.239, -2.176
-16.234, -1.876
-16.26, -3.685
-16.282, -5.184
-16.278, -4.884
-16.3, -6.383
-16.291, -5.784
-16.295, -6.084
-16.256, -3.385
-16.274, -4.584
-16.247, -2.775
-16.269, -4.285
-16.287, -5.484
-16.225, -1.276
-16.099, -6.384
-16.038, -2.176
-16.064, -3.985
-16.069, -4.285
-16.047, -2.776
-16.095, -6.084
-16.021, -0.977
-16.025, -1.277
-16.043, -2.476
-16.082, -5.185
-16.086, -5.485
-16.056, -3.386
-16.029, -1.577
-16.078, -4.885
-16.016, -0.677
-16.06, -3.686
-16.034, -1.876
-16.051, -3.076
-16.073, -4.585
-16.091, -5.784
-15.816, -0.678
-15.838, -2.177
-15.868, -4.286
-15.877, -4.886
-15.833, -1.877
-15.873, -4.586
-15.886, -5.485
-15.855, -3.386
-15.851, -3.076
-15.86, -3.686
-15.882, -5.185
-15.864, -3.986
-15.829, -1.577
-15.825, -1.277
-15.847, -2.777
-15.899, -6.385
-15.82, -0.978
-15.842, -2.477
-15.895, -6.085
-15.89, -5.785
-15.646, -2.777
-15.629, -1.578
-15.624, -1.278
-15.616, -0.678
-15.694, -6.086
-15.62, -0.978
-15.637, -2.178
-15.651, -3.077
-15.681, -5.186
-15.686, -5.486
-15.633, -1.878
-15.672, -4.587
-15.699, -6.386
-15.668, -4.287
-15.677, -4.886
-15.655, -3.387
-15.664, -3.987
-15.659, -3.687
-15.642, -2.477
-15.69, -5.786
-15.472, -4.587
-15.463, -3.988
-15.437, -2.178
-15.498, -6.386
-15.455, -3.388
-15.424, -1.279
-15.415, -0.679
-15.477, -4.887
-15.433, -1.879
-15.481, -5.187
-15.494, -6.086
-15.49, -5.787
-15.42, -0.979
-15.446, -2.778
-15.428, -1.579
-15.45, -3.078
-15.459, -3.688
-15.468, -4.287
-15.441, -2.478
-15.485, -5.487
-15.241, -2.477
-15.215, -0.678
-15.272, -4.586
-15.276, -4.886
-15.224, -1.278
-15.228, -1.578
-15.289, -5.786
-15.298, -6.385
-15.219, -0.978
-15.268, -4.287
-15.294, -6.086
-15.25, -3.077
-15.237, -2.177
-15.281, -5.186
-15.259, -3.687
-15.285, -5.486
-15.263, -3.987
-15.255, -3.387
-15.233, -1.878
-15.246, -2.777
-15.019, -0.979
-15.023, -1.279
-15.05, -3.078
-15.076, -4.887
-15.015, -0.679
-15.045, -2.778
-15.028, -1.578
-15.098, -6.386
-15.037, -2.178
-15.085, -5.486
-15.058, -3.688
-15.032, -1.878
-15.089, -5.786
-15.041, -2.478
-15.08, -5.187
-15.054, -3.388
-15.063, -3.987
-15.067, -4.287
-15.072, -4.587
-15.093, -6.086
-14.788, -3.685
-14.823, -6.083
-14.749, -0.976
-14.758, -1.575
-14.81, -5.184
-14.762, -1.875
-14.775, -2.775
-14.806, -4.884
-14.784, -3.385
-14.819, -5.783
-14.801, -4.584
-14.753, -1.276
-14.766, -2.175
-14.828, -6.383
-14.771, -2.475
-14.814, -5.484
-14.779, -3.075
-14.793, -3.984
-14.797, -4.284
-14.597, -4.285
-14.553, -1.276
-14.579, -3.075
-14.575, -2.776
-14.549, -0.976
-14.61, -5.184
-14.592, -3.985
-14.566, -2.176
-14.605, -4.885
-14.562, -1.876
-14.57, -2.476
-14.623, -6.084
-14.614, -5.484
-14.557, -1.576
-14.588, -3.685
-14.601, -4.585
-14.584, -3.385
-14.618, -5.784
-14.627, -6.384
-14.348, -0.977
-14.383, -3.386
-14.392, -3.986
-14.405, -4.885
-14.401, -4.585
-14.396, -4.286
-14.37, -2.476
-14.374, -2.776
-14.366, -2.177
-14.427, -6.385
-14.414, -5.485
-14.379, -3.076
-14.357, -1.577
-14.409, -5.185
-14.423, -6.085
-14.353, -1.277
-14.418, -5.785
-14.361, -1.877
-14.388, -3.686
-14.157, -1.578
-14.2, -4.586
-14.148, -0.978
-14.218, -5.785
-14.174, -2.777
-14.222, -6.085
-14.196, -4.286
-14.17, -2.477
-14.192, -3.987
-14.165, -2.177
-14.161, -1.877
-14.178, -3.077
-14.205, -4.886
-14.152, -1.278
-14.227, -6.385
-14.183, -3.387
-14.209, -5.186
-14.213, -5.486
-14.187, -3.687
-13.991, -3.987
-13.965, -2.178
-13.996, -4.287
-14, -4.587
-13.983, -3.387
-13.969, -2.478
-14.013, -5.486
-14.017, -5.786
-13.987, -3.687
-13.974, -2.778
-13.961, -1.878
-14.026, -6.386
-13.948, -0.979
-14.009, -5.186
-14.022, -6.086
-14.004, -4.887
-13.952, -1.278
-13.978, -3.078
-13.956, -1.578
-17.27, 5.851
-17.309, 5.554
-17.348, 5.257
-17.388, 4.959
-17.505, 4.067
-17.664, 2.868
-17.899, 1.084
-17.624, 3.165
-17.703, 2.57
-17.545, 3.77
-17.427, 4.662
-17.86, 1.381
-18.017, 0.192
-17.781, 1.976
-17.742, 2.273
-17.584, 3.472
-17.938, 0.786
-17.978, 0.489
-17.466, 4.364
-17.821, 1.678
-17.226, 4.639
-17.542, 2.25
-17.148, 5.233
-17.581, 1.952
-17.383, 3.449
-17.62, 1.655
-17.463, 2.845
-17.777, 0.466
-17.305, 4.044
-17.344, 3.746
-17.187, 4.936
-17.659, 1.358
-17.816, 0.168
-17.502, 2.547
-17.109, 5.531
-17.699, 1.06
-17.738, 0.763
-17.424, 3.142
-17.266, 4.341
-17.069, 5.828
-16.948, 5.21
-17.616, 0.145
-17.341, 2.227
-17.302, 2.524
-17.42, 1.632
-17.537, 0.74
-17.459, 1.335
-17.381, 1.929
-17.144, 3.723
-17.263, 2.821
-17.105, 4.021
-16.869, 5.805
-16.908, 5.508
-17.577, 0.443
-17.498, 1.037
-17.183, 3.426
-17.065, 4.318
-17.026, 4.615
-16.987, 4.913
-17.224, 3.119
-16.708, 5.484
-16.904, 3.998
-16.825, 4.592
-16.943, 3.7
-16.865, 4.295
-16.669, 5.782
-16.982, 3.403
-17.376, 0.42
-17.298, 1.014
-17.337, 0.717
-17.18, 1.906
-17.062, 2.798
-17.219, 1.609
-17.023, 3.096
-16.786, 4.89
-16.747, 5.187
-17.141, 2.204
-17.102, 2.501
-17.259, 1.312
-17.415, 0.122
-17.058, 1.288
-16.625, 4.569
-16.547, 5.164
-16.823, 3.073
-16.704, 3.974
-17.137, 0.694
-16.586, 4.867
-16.507, 5.461
-16.94, 2.18
-17.019, 1.586
-16.98, 1.883
-16.782, 3.38
-17.097, 0.991
-16.664, 4.272
-16.901, 2.478
-17.215, 0.099
-17.176, 0.396
-16.468, 5.759
-16.743, 3.677
-16.862, 2.775
-16.503, 3.951
-16.779, 1.86
-16.464, 4.249
-16.74, 2.157
-16.582, 3.357
-16.897, 0.968
-16.385, 4.843
-17.015, 0.076
-16.818, 1.563
-16.661, 2.752
-16.346, 5.141
-16.975, 0.373
-16.307, 5.438
-16.542, 3.654
-16.858, 1.265
-16.701, 2.455
-16.936, 0.671
-16.268, 5.736
-16.622, 3.049
-16.425, 4.546
-16.264, 4.227
-16.775, 0.351
-16.501, 2.433
-16.697, 0.946
-16.461, 2.73
-16.303, 3.93
-16.185, 4.822
-16.107, 5.416
-16.382, 3.335
-16.422, 3.027
-16.736, 0.649
-16.815, 0.054
-16.658, 1.243
-16.579, 1.838
-16.225, 4.524
-16.618, 1.541
-16.54, 2.135
-16.068, 5.714
-16.146, 5.119
-16.342, 3.632
-16.379, 1.815
-16.457, 1.22
-16.3, 2.41
-16.614, 0.031
-16.103, 3.906
-16.575, 0.328
-16.339, 2.112
-16.418, 1.518
-15.946, 5.096
-16.142, 3.609
-16.496, 0.923
-15.867, 5.691
-15.906, 5.393
-16.536, 0.626
-16.024, 4.501
-16.181, 3.312
-16.063, 4.204
-16.222, 3.004
-15.985, 4.799
-16.261, 2.707
-16.305, 0.298
-15.991, 2.677
-15.675, 5.066
-16.108, 1.785
-16.344, 0.001
-15.597, 5.66
-15.715, 4.768
-15.832, 3.876
-15.872, 3.579
-16.265, 0.596
-16.226, 0.893
-16.069, 2.082
-16.187, 1.19
-15.911, 3.282
-15.636, 5.363
-15.793, 4.174
-16.148, 1.488
-15.951, 2.974
-16.03, 2.38
-15.754, 4.471
-15.83, 2.356
-15.514, 4.745
-15.436, 5.34
-15.396, 5.637
-15.71, 3.259
-15.632, 3.853
-15.593, 4.151
-15.554, 4.448
-15.79, 2.654
-15.986, 1.167
-15.947, 1.464
-16.143, -0.022
-16.065, 0.572
-16.104, 0.275
-15.751, 2.951
-15.908, 1.762
-15.671, 3.556
-15.869, 2.059
-16.026, 0.87
-15.475, 5.043
-15.943, -0.045
-15.392, 4.127
-15.629, 2.333
-15.668, 2.036
-15.471, 3.533
-15.904, 0.252
-15.235, 5.317
-15.275, 5.019
-15.432, 3.83
-15.786, 1.144
-15.825, 0.847
-15.551, 2.928
-15.314, 4.722
-15.747, 1.441
-15.196, 5.614
-15.59, 2.631
-15.353, 4.425
-15.51, 3.235
-15.707, 1.739
-15.864, 0.549
-14.996, 5.591
-15.192, 4.104
-15.468, 2.013
-15.546, 1.418
-15.153, 4.402
-15.507, 1.715
-15.625, 0.823
-15.35, 2.905
-15.31, 3.212
-15.389, 2.608
-15.585, 1.121
-15.429, 2.31
-15.113, 4.699
-15.074, 4.996
-15.27, 3.51
-15.742, -0.069
-15.035, 5.294
-15.231, 3.807
-15.703, 0.229
-15.664, 0.526
-15.07, 3.486
-14.913, 4.676
-14.874, 4.973
-14.795, 5.568
-15.503, 0.206
-14.834, 5.271
-14.991, 4.081
-15.109, 3.189
-15.385, 1.098
-15.424, 0.8
-14.952, 4.378
-15.307, 1.692
-15.542, -0.092
-15.267, 1.99
-15.346, 1.395
-15.15, 2.882
-15.228, 2.287
-15.189, 2.584
-15.031, 3.784
-15.464, 0.503
-15.106, 1.669
-15.028, 2.264
-14.791, 4.058
-15.342, -0.115
-14.949, 2.859
-14.673, 4.95
-14.595, 5.545
-15.145, 1.372
-14.752, 4.355
-15.185, 1.075
-15.302, 0.182
-15.263, 0.48
-14.634, 5.247
-14.869, 3.463
-14.712, 4.653
-14.909, 3.166
-14.988, 2.561
-15.067, 1.967
-14.83, 3.761
-15.224, 0.777
-14.63, 3.739
-14.395, 5.523
-14.906, 1.647
-14.945, 1.35
-14.473, 4.928
-14.512, 4.631
-15.063, 0.458
-15.142, -0.137
-14.434, 5.226
-14.867, 1.945
-15.102, 0.161
-14.709, 3.144
-14.591, 4.036
-14.985, 1.053
-14.788, 2.539
-15.024, 0.755
-14.828, 2.242
-14.749, 2.837
-14.552, 4.334
-14.669, 3.441
-14.233, 5.203
-14.273, 4.905
-14.508, 3.121
-14.745, 1.327
-14.194, 5.5
-14.469, 3.418
-14.312, 4.608
-14.941, -0.16
-14.39, 4.013
-14.823, 0.732
-14.588, 2.516
-14.351, 4.31
-14.863, 0.435
-14.43, 3.716
-14.784, 1.03
-14.549, 2.814
-14.627, 2.219
-14.666, 1.922
-14.706, 1.624
-14.902, 0.138
-14.318, 2.488
-14.632, 0.11
-13.964, 5.174
-14.042, 4.58
-14.515, 1.002
-14.082, 4.282
-14.199, 3.39
-14.475, 1.299
-14.279, 2.786
-14.593, 0.407
-14.436, 1.596
-14.003, 4.877
-14.121, 3.985
-14.672, -0.188
-14.16, 3.688
-14.554, 0.704
-14.239, 3.093
-14.358, 2.191
-14.397, 1.894
-14.196, 1.87
-13.803, 4.854
-14.038, 3.07
-13.999, 3.367
-13.763, 5.151
-14.314, 0.978
-14.157, 2.168
-13.92, 3.962
-14.275, 1.276
-13.881, 4.259
-13.96, 3.665
-14.432, 0.086
-14.353, 0.681
-13.842, 4.557
-14.118, 2.465
-14.236, 1.573
-14.079, 2.763
-14.393, 0.384
-14.471, -0.211
-13.563, 5.128
-13.878, 2.739
-13.957, 2.145
-14.074, 1.253
-14.035, 1.55
-13.996, 1.847
-13.759, 3.641
-13.798, 3.344
-13.72, 3.939
-14.271, -0.234
-14.153, 0.658
-13.838, 3.047
-13.641, 4.534
-14.114, 0.955
-14.231, 0.063
-13.602, 4.831
-14.192, 0.361
-13.681, 4.236
-13.917, 2.442
-13.441, 4.51
-13.835, 1.527
-13.363, 5.105
-13.992, 0.338
-13.598, 3.321
-14.031, 0.04
-13.795, 1.824
-13.559, 3.618
-13.756, 2.122
-13.52, 3.916
-13.48, 4.213
-13.637, 3.024
-13.874, 1.23
-13.402, 4.808
-14.07, -0.257
-13.678, 2.716
-13.913, 0.932
-13.952, 0.635
-13.717, 2.419
-13.556, 2.098
-13.319, 3.893
-13.595, 1.801
-13.634, 1.504
-13.477, 2.693
-13.358, 3.595
-13.752, 0.612
-13.791, 0.314
-13.517, 2.396
-13.398, 3.298
-13.28, 4.19
-13.87, -0.28
-13.162, 5.082
-13.713, 0.909
-13.83, 0.017
-13.673, 1.206
-13.201, 4.785
-13.437, 3
-13.241, 4.487
-17.134, 6.467
-17.066, 6.783
-16.977, 7.07
-16.888, 7.356
-16.798, 7.642
-16.709, 7.929
-16.617, 8.225
-16.528, 8.511
-16.439, 8.797
-16.349, 9.084
-16.26, 9.37
-16.171, 9.656
-16.082, 9.943
-15.989, 10.243
-15.886, 10.583
-15.777, 10.943
-15.661, 11.284
-15.582, 10.893
-15.691, 10.533
-15.794, 10.193
-16.871, 6.733
-16.782, 7.02
-16.692, 7.306
-16.603, 7.592
-16.514, 7.879
-16.422, 8.174
-16.333, 8.461
-16.244, 8.747
-16.154, 9.034
-16.065, 9.32
-15.976, 9.606
-15.887, 9.893
-16.939, 6.417
-15.387, 10.843
-15.496, 10.483
-15.598, 10.143
-16.676, 6.683
-16.586, 6.969
-16.497, 7.256
-16.408, 7.542
-16.319, 7.829
-16.227, 8.125
-16.137, 8.411
-16.048, 8.697
-15.959, 8.984
-15.87, 9.27
-15.781, 9.556
-15.692, 9.843
-16.744, 6.367
-15.192, 10.793
-15.301, 10.433
-15.403, 10.093
-16.481, 6.633
-16.391, 6.92
-16.302, 7.206
-16.213, 7.492
-16.124, 7.778
-16.032, 8.074
-15.943, 8.361
-15.853, 8.647
-15.764, 8.934
-15.675, 9.22
-15.586, 9.506
-15.497, 9.792
-16.549, 6.317
-14.997, 10.743
-15.106, 10.383
-15.208, 10.043
-16.286, 6.583
-16.196, 6.869
-16.107, 7.156
-16.018, 7.442
-15.929, 7.728
-15.837, 8.024
-15.748, 8.311
-15.658, 8.597
-15.569, 8.883
-15.48, 9.17
-15.391, 9.456
-15.302, 9.742
-16.354, 6.267
-14.802, 10.693
-14.911, 10.333
-15.013, 9.993
-16.09, 6.533
-16.001, 6.819
-15.912, 7.106
-15.823, 7.392
-15.734, 7.678
-15.642, 7.974
-15.552, 8.261
-15.463, 8.547
-15.374, 8.833
-15.285, 9.12
-15.196, 9.406
-15.107, 9.692
-16.159, 6.216
-14.716, 10.282
-14.819, 9.942
-15.896, 6.482
-15.807, 6.768
-15.718, 7.055
-15.629, 7.341
-15.539, 7.627
-15.447, 7.923
-15.358, 8.21
-15.269, 8.496
-15.18, 8.782
-15.09, 9.069
-15.001, 9.355
-14.912, 9.641
-15.964, 6.166
-14.521, 10.232
-14.624, 9.892
-15.701, 6.432
-15.612, 6.718
-15.523, 7.004
-15.433, 7.291
-15.344, 7.577
-15.252, 7.873
-15.163, 8.159
-15.074, 8.446
-14.984, 8.732
-14.895, 9.019
-14.806, 9.305
-14.717, 9.591
-15.769, 6.115
-14.259, 10.163
-14.361, 9.824
-15.438, 6.364
-15.349, 6.65
-15.26, 6.936
-15.171, 7.222
-15.081, 7.509
-14.989, 7.805
-14.9, 8.091
-14.811, 8.377
-14.722, 8.664
-14.633, 8.95
-14.543, 9.236
-14.454, 9.523
-14.064, 10.113
-14.166, 9.774
-15.243, 6.313
-15.154, 6.6
-15.065, 6.886
-14.976, 7.172
-14.886, 7.459
-14.794, 7.755
-14.705, 8.041
-14.616, 8.327
-14.527, 8.614
-14.437, 8.9
-14.348, 9.186
-14.259, 9.473
-13.868, 10.063
-13.971, 9.723
-15.048, 6.263
-14.959, 6.55
-14.87, 6.836
-14.781, 7.122
-14.691, 7.409
-14.599, 7.705
-14.51, 7.991
-14.421, 8.277
-14.332, 8.564
-14.242, 8.85
-14.153, 9.136
-14.064, 9.423
-13.673, 10.013
-13.776, 9.673
-14.853, 6.213
-14.764, 6.5
-14.675, 6.786
-14.585, 7.072
-14.496, 7.359
-14.404, 7.655
-14.315, 7.941
-14.226, 8.227
-14.137, 8.514
-14.047, 8.8
-13.958, 9.086
-13.869, 9.373
-13.478, 9.963
-13.581, 9.623
-14.658, 6.163
-14.569, 6.449
-14.479, 6.736
-14.39, 7.022
-14.301, 7.308
-14.209, 7.604
-14.12, 7.891
-14.031, 8.177
-13.942, 8.464
-13.852, 8.75
-13.763, 9.036
-13.674, 9.322
-13.283, 9.913
-13.385, 9.573
-14.463, 6.113
-14.373, 6.399
-14.284, 6.686
-14.195, 6.972
-14.106, 7.258
-14.014, 7.554
-13.925, 7.841
-13.835, 8.127
-13.746, 8.413
-13.657, 8.7
-13.568, 8.986
-13.479, 9.272
-13.191, 9.522
-14.268, 6.062
-14.179, 6.348
-14.09, 6.635
-14.001, 6.921
-13.912, 7.207
-13.819, 7.504
-13.73, 7.79
-13.641, 8.076
-13.552, 8.362
-13.463, 8.649
-13.374, 8.935
-13.284, 9.221
-12.996, 9.472
-14.073, 6.012
-13.984, 6.298
-13.895, 6.585
-13.806, 6.871
-13.717, 7.157
-13.624, 7.453
-13.535, 7.74
-13.446, 8.026
-13.357, 8.312
-13.267, 8.598
-13.179, 8.885
-13.089, 9.171
-12.734, 9.402
-13.812, 5.942
-13.723, 6.228
-13.633, 6.515
-13.455, 7.087
-13.533, 6.784
-13.363, 7.383
-13.274, 7.67
-13.184, 7.956
-13.095, 8.242
-13.006, 8.529
-12.917, 8.815
-12.828, 9.101
-12.539, 9.352
-13.617, 5.892
-13.527, 6.178
-13.438, 6.465
-13.349, 6.751
-13.26, 7.037
-13.168, 7.333
-13.078, 7.62
-12.989, 7.906
-12.9, 8.192
-12.811, 8.479
-12.722, 8.765
-12.633, 9.051
-13.422, 5.842
-13.332, 6.128
-13.243, 6.415
-13.154, 6.701
-13.065, 6.987
-12.973, 7.283
-12.883, 7.57
-12.794, 7.856
-12.705, 8.142
-12.616, 8.429
-12.527, 8.715
-12.438, 9.001
-13.227, 5.792
-13.137, 6.078
-13.048, 6.365
-12.959, 6.651
-12.87, 6.937
-12.778, 7.233
-12.688, 7.52
-12.599, 7.806
-12.51, 8.092
-12.421, 8.379
-12.332, 8.665
-12.243, 8.951
-13.031, 5.742
-12.942, 6.028
-12.853, 6.314
-12.764, 6.601
-12.675, 6.887
-12.583, 7.183
-12.493, 7.469
-12.404, 7.756
-12.315, 8.042
-12.226, 8.329
-12.137, 8.615
-12.047, 8.901
-14.545, 14.022
-15.827, 12.289
-15.667, 12.543
-15.532, 12.854
-15.318, 13.16
-15.117, 13.451
-14.859, 13.753
-14.401, 13.883
-15.655, 12.188
-15.495, 12.442
-15.369, 12.739
-15.158, 13.04
-14.959, 13.328
-14.706, 13.625
-15.422, 12.052
-15.261, 12.306
-15.148, 12.584
-14.942, 12.878
-14.747, 13.162
-14.499, 13.452
-14.257, 13.744
-15.249, 11.951
-15.089, 12.205
-14.984, 12.469
-14.782, 12.758
-14.589, 13.039
-14.345, 13.324
-14.114, 13.605
-15.076, 11.85
-14.916, 12.103
-14.82, 12.354
-14.622, 12.638
-14.431, 12.916
-14.192, 13.195
-13.92, 13.417
-14.904, 11.749
-14.743, 12.002
-14.656, 12.239
-14.462, 12.518
-14.274, 12.793
-14.038, 13.067
-13.776, 13.278
-14.731, 11.648
-14.571, 11.901
-14.493, 12.124
-14.302, 12.398
-14.116, 12.67
-13.885, 12.939
-13.632, 13.139
-14.558, 11.546
-14.373, 11.79
-14.241, 12.016
-14.142, 12.278
-13.958, 12.547
-13.732, 12.81
-13.489, 13
-14.386, 11.445
-14.225, 11.699
-13.982, 12.158
-13.8, 12.424
-13.578, 12.682
-13.345, 12.86
-14.213, 11.344
-14.053, 11.598
-13.822, 12.038
-13.643, 12.301
-13.425, 12.554
-13.98, 11.208
-13.82, 11.462
-13.606, 11.876
-13.43, 12.135
-13.217, 12.381
-13.807, 11.107
-13.647, 11.361
-13.446, 11.756
-13.272, 12.012
-13.064, 12.253
-13.635, 11.006
-13.474, 11.26
-13.286, 11.636
-13.114, 11.889
-12.91, 12.124
-13.462, 10.905
-13.302, 11.158
-13.126, 11.516
-12.957, 11.766
-12.757, 11.996
-13.289, 10.804
-13.129, 11.057
-12.966, 11.396
-12.799, 11.643
-12.604, 11.868
-13.402, 14.766
-12.077, 15.323
-11.769, 15.362
-11.458, 15.443
-11.122, 15.448
-10.775, 15.471
-10.402, 15.465
-12.364, 15.28
-12.88, 15.058
-13.629, 14.636
-13.154, 14.944
-12.623, 15.18
-12.324, 14.984
-11.42, 15.163
-11.095, 15.203
-10.729, 15.212
-10.379, 15.215
-13.484, 14.426
-13.167, 14.607
-12.059, 15.038
-11.728, 15.095
-12.607, 14.886
-12.91, 14.775
-11.36, 14.915
-11.038, 14.954
-10.718, 14.964
-10.342, 14.964
-13.387, 14.245
-13.121, 14.408
-12.004, 14.801
-11.69, 14.875
-12.298, 14.749
-12.867, 14.54
-12.587, 14.653
-11.307, 14.683
-10.99, 14.722
-10.674, 14.731
-10.312, 14.729
-13.23, 14.044
-12.951, 14.204
-11.994, 14.565
-11.659, 14.655
-12.332, 14.484
-12.632, 14.351
-11.272, 14.496
-10.958, 14.534
-10.646, 14.543
-10.295, 14.541
-13.1, 13.822
-12.834, 13.989
-11.945, 14.345
-11.616, 14.447
-12.247, 14.239
-12.537, 14.11
-11.236, 14.31
-10.926, 14.348
-10.617, 14.356
-10.277, 14.353
-13.02, 13.649
-12.739, 13.791
-11.895, 14.157
-11.572, 14.229
-12.183, 14.051
-12.461, 13.914
-11.201, 14.122
-10.894, 14.16
-10.589, 14.168
-10.26, 14.164
-12.986, 13.631
-12.724, 13.761
-11.875, 14.091
-11.544, 14.15
-12.165, 13.998
-12.452, 13.891
-11.168, 13.932
-10.865, 13.969
-10.563, 13.977
-10.245, 13.973
-12.946, 13.427
-12.684, 13.557
-11.835, 13.887
-11.504, 13.946
-12.125, 13.794
-12.412, 13.687
-12.865, 13.237
-12.578, 13.398
-11.737, 13.695
-11.446, 13.771
-12.025, 13.627
-12.306, 13.519
-11.136, 13.742
-10.835, 13.779
-10.537, 13.786
-10.231, 13.781
-12.743, 13.054
-12.475, 13.192
-11.679, 13.527
-11.405, 13.584
-11.958, 13.452
-12.215, 13.357
-11.084, 13.554
-10.787, 13.59
-10.493, 13.597
-10.197, 13.59
-12.571, 12.89
-12.264, 13.07
-11.663, 13.288
-11.359, 13.347
-11.976, 13.194
-11.042, 13.352
-10.749, 13.388
-10.458, 13.394
-10.175, 13.386
-12.458, 12.687
-12.182, 12.851
-11.613, 13.063
-11.331, 13.116
-11.901, 13.002
-11.015, 13.136
-10.725, 13.171
-10.439, 13.177
-10.168, 13.169
-12.336, 12.499
-12.076, 12.668
-11.556, 12.853
-11.293, 12.909
-11.827, 12.797
-10.986, 12.921
-10.701, 12.956
-10.418, 12.962
-10.16, 12.954
-12.218, 12.339
-11.973, 12.475
-11.5, 12.647
-11.251, 12.724
-11.74, 12.566
-10.956, 12.733
-10.674, 12.768
-10.395, 12.774
-10.149, 12.765
-12.088, 12.17
-11.821, 12.317
-11.513, 12.429
-11.223, 12.506
-10.926, 12.546
-10.647, 12.581
-10.372, 12.586
-10.136, 12.577
-7.206, 15
-6.906, 15
-3.573, 15.014
-3.273, 15.002
-6.596, 15
-6.296, 15
-5.996, 15
-5.696, 15
-5.396, 15
-5.096, 14.999
-4.796, 14.999
-4.496, 14.999
-4.196, 14.999
-2.964, 14.99
-2.664, 14.978
-2.364, 14.966
-2.065, 14.954
-1.765, 14.942
-1.465, 14.93
-1.166, 14.919
-0.866, 14.907
-0.566, 14.895
-7.201, 14.799
-6.901, 14.798
-3.571, 14.811
-3.271, 14.799
-6.591, 14.798
-6.292, 14.798
-5.992, 14.798
-5.692, 14.798
-5.392, 14.798
-5.092, 14.797
-4.792, 14.797
-4.492, 14.797
-4.192, 14.797
-2.961, 14.787
-2.662, 14.775
-2.362, 14.763
-2.062, 14.751
-1.762, 14.74
-1.463, 14.728
-1.163, 14.716
-0.863, 14.704
-0.564, 14.692
-7.197, 14.597
-6.897, 14.596
-3.568, 14.609
-3.268, 14.597
-6.587, 14.596
-6.287, 14.596
-5.987, 14.596
-5.687, 14.596
-5.387, 14.596
-5.087, 14.595
-4.787, 14.595
-4.487, 14.595
-4.187, 14.595
-2.959, 14.585
-2.659, 14.573
-2.36, 14.561
-2.06, 14.549
-1.76, 14.537
-1.46, 14.525
-1.161, 14.514
-0.861, 14.502
-0.561, 14.49
-7.193, 14.395
-6.893, 14.394
-3.566, 14.406
-3.266, 14.394
-6.583, 14.394
-6.283, 14.394
-5.983, 14.394
-5.683, 14.394
-5.383, 14.394
-5.083, 14.393
-4.783, 14.393
-4.483, 14.393
-4.183, 14.393
-2.956, 14.382
-2.657, 14.37
-2.357, 14.358
-2.057, 14.347
-1.758, 14.335
-1.458, 14.323
-1.158, 14.311
-0.859, 14.299
-0.559, 14.287
-7.188, 14.193
-6.888, 14.193
-3.563, 14.204
-3.264, 14.192
-6.578, 14.192
-6.278, 14.192
-5.978, 14.192
-5.678, 14.192
-5.378, 14.192
-5.078, 14.192
-4.778, 14.191
-4.478, 14.191
-4.178, 14.191
-2.954, 14.18
-2.654, 14.168
-2.355, 14.156
-2.055, 14.144
-1.755, 14.132
-1.456, 14.12
-1.156, 14.109
-0.856, 14.097
-0.557, 14.085
-7.184, 13.991
-6.884, 13.991
-3.561, 14.001
-3.261, 13.989
-6.574, 13.99
-6.274, 13.99
-5.974, 13.99
-5.674, 13.99
-5.374, 13.99
-5.074, 13.99
-4.774, 13.989
-4.474, 13.989
-4.174, 13.989
-2.952, 13.977
-2.652, 13.965
-2.352, 13.953
-2.053, 13.942
-1.753, 13.93
-1.453, 13.918
-1.153, 13.906
-0.854, 13.894
-0.554, 13.882
-7.179, 13.79
-6.879, 13.789
-3.56, 13.8
-3.26, 13.788
-6.569, 13.789
-6.269, 13.789
-5.969, 13.789
-5.669, 13.789
-5.369, 13.789
-5.069, 13.788
-4.769, 13.788
-4.469, 13.788
-4.169, 13.788
-2.95, 13.775
-2.651, 13.764
-2.351, 13.752
-2.051, 13.74
-1.752, 13.728
-1.452, 13.716
-1.152, 13.704
-0.853, 13.693
-0.553, 13.681
-7.174, 13.588
-6.874, 13.587
-3.557, 13.597
-3.258, 13.585
-6.564, 13.587
-6.264, 13.587
-5.964, 13.587
-5.664, 13.587
-5.364, 13.587
-5.064, 13.587
-4.764, 13.586
-4.464, 13.586
-4.164, 13.586
-2.948, 13.573
-2.648, 13.561
-2.349, 13.549
-2.049, 13.537
-1.749, 13.526
-1.449, 13.514
-1.15, 13.502
-0.85, 13.49
-0.55, 13.478
-7.168, 13.316
-6.868, 13.315
-3.555, 13.324
-3.255, 13.313
-6.558, 13.315
-6.258, 13.315
-5.958, 13.315
-5.658, 13.315
-5.358, 13.315
-5.058, 13.314
-4.758, 13.314
-4.458, 13.314
-4.158, 13.314
-2.946, 13.3
-2.646, 13.288
-2.346, 13.277
-2.047, 13.265
-1.747, 13.253
-1.447, 13.241
-1.147, 13.229
-0.848, 13.217
-0.548, 13.206
-7.163, 13.114
-6.863, 13.113
-3.553, 13.122
-3.253, 13.11
-6.553, 13.113
-6.253, 13.113
-5.953, 13.113
-5.653, 13.113
-5.353, 13.113
-5.053, 13.113
-4.753, 13.112
-4.453, 13.112
-4.153, 13.112
-2.943, 13.098
-2.644, 13.086
-2.344, 13.074
-2.044, 13.062
-1.744, 13.05
-1.445, 13.039
-1.145, 13.027
-0.845, 13.015
-0.546, 13.003
-7.159, 12.912
-6.859, 12.912
-3.55, 12.919
-3.25, 12.908
-6.549, 12.911
-6.249, 12.911
-5.949, 12.911
-5.649, 12.911
-5.349, 12.911
-5.049, 12.911
-4.749, 12.91
-4.449, 12.91
-4.149, 12.91
-2.941, 12.895
-2.641, 12.883
-2.341, 12.872
-2.042, 12.86
-1.742, 12.848
-1.442, 12.836
-1.143, 12.824
-0.843, 12.812
-0.543, 12.801
-7.154, 12.71
-6.854, 12.71
-3.548, 12.717
-3.248, 12.705
-6.544, 12.709
-6.244, 12.709
-5.944, 12.709
-5.644, 12.709
-5.344, 12.709
-5.045, 12.709
-4.744, 12.708
-4.445, 12.708
-4.145, 12.708
-2.938, 12.693
-2.639, 12.681
-2.339, 12.669
-2.039, 12.657
-1.74, 12.645
-1.44, 12.634
-1.14, 12.622
-0.841, 12.61
-0.541, 12.598
-7.15, 12.508
-6.85, 12.508
-3.545, 12.514
-3.246, 12.503
-6.54, 12.508
-6.24, 12.507
-5.94, 12.507
-5.64, 12.507
-5.34, 12.507
-5.04, 12.507
-4.74, 12.507
-4.44, 12.506
-4.14, 12.506
-2.936, 12.49
-2.636, 12.479
-2.337, 12.467
-2.037, 12.455
-1.737, 12.443
-1.438, 12.431
-1.138, 12.419
-0.838, 12.407
-0.539, 12.396
-4.14, 12.506
-7.146, 12.306
-6.846, 12.306
-3.543, 12.312
-3.243, 12.3
-6.536, 12.306
-6.236, 12.305
-5.936, 12.305
-5.636, 12.305
-5.336, 12.305
-5.036, 12.305
-4.736, 12.305
-4.436, 12.304
-4.136, 12.304
-2.934, 12.288
-2.634, 12.276
-2.334, 12.264
-2.035, 12.252
-1.735, 12.24
-1.435, 12.229
-1.136, 12.217
-0.836, 12.205
-0.536, 12.193
-4.136, 12.304
-7.14, 12.105
-6.84, 12.105
-3.542, 12.11
-3.242, 12.098
-6.53, 12.104
-6.23, 12.104
-5.93, 12.104
-5.63, 12.104
-5.33, 12.104
-5.03, 12.103
-4.73, 12.103
-4.43, 12.103
-4.13, 12.103
-2.932, 12.086
-2.633, 12.074
-2.333, 12.062
-2.033, 12.051
-1.734, 12.039
-1.434, 12.027
-1.134, 12.015
-0.835, 12.003
-0.535, 11.991
-4.13, 12.103
-7.136, 11.903
-6.836, 11.903
-3.539, 11.908
-3.24, 11.896
-6.526, 11.902
-6.226, 11.902
-5.926, 11.902
-5.626, 11.902
-5.326, 11.902
-5.026, 11.902
-4.726, 11.901
-4.426, 11.901
-4.126, 11.901
-2.93, 11.884
-2.63, 11.872
-2.331, 11.86
-2.031, 11.848
-1.731, 11.836
-1.431, 11.824
-1.132, 11.813
-0.832, 11.801
-4.126, 11.901
-7.128, 11.632
-6.828, 11.632
-3.539, 11.637
-3.239, 11.625
-6.518, 11.632
-6.218, 11.631
-5.918, 11.631
-5.618, 11.631
-5.318, 11.631
-5.018, 11.631
-4.718, 11.631
-4.418, 11.63
-2.929, 11.613
-2.63, 11.601
-2.33, 11.589
-2.03, 11.577
-1.731, 11.565
-1.431, 11.553
-1.131, 11.542
-0.832, 11.53
-4.142, 11.63
-7.124, 11.43
-6.824, 11.43
-3.536, 11.434
-3.237, 11.422
-6.514, 11.43
-6.214, 11.429
-5.914, 11.429
-5.614, 11.429
-5.314, 11.429
-5.014, 11.429
-4.714, 11.429
-4.414, 11.428
-2.927, 11.41
-2.627, 11.398
-2.328, 11.386
-2.028, 11.375
-1.728, 11.363
-1.429, 11.351
-1.129, 11.339
-0.829, 11.327
-4.139, 11.428
-4.128, 11.271
-7.119, 11.228
-6.819, 11.228
-3.534, 11.232
-3.234, 11.22
-6.509, 11.228
-6.209, 11.228
-5.909, 11.227
-5.609, 11.227
-5.309, 11.227
-5.009, 11.227
-4.709, 11.227
-4.409, 11.227
-2.925, 11.208
-2.625, 11.196
-2.325, 11.184
-2.026, 11.172
-1.726, 11.16
-1.426, 11.148
-1.127, 11.137
-0.827, 11.125
-4.123, 11.07
-7.115, 11.026
-6.815, 11.026
-3.532, 11.029
-3.232, 11.017
-6.505, 11.026
-6.205, 11.026
-5.905, 11.025
-5.605, 11.025
-5.305, 11.025
-5.005, 11.025
-4.705, 11.025
-4.405, 11.025
-2.922, 11.005
-2.623, 10.993
-2.323, 10.981
-2.023, 10.97
-1.723, 10.958
-1.424, 10.946
-1.124, 10.934
-0.824, 10.922
-4.118, 10.868
-7.11, 10.824
-6.81, 10.824
-3.529, 10.827
-3.23, 10.815
-6.5, 10.824
-6.2, 10.824
-5.9, 10.823
-5.6, 10.823
-5.3, 10.823
-5, 10.823
-4.7, 10.823
-4.4, 10.823
-2.92, 10.803
-2.62, 10.791
-2.321, 10.779
-2.021, 10.767
-1.721, 10.755
-1.421, 10.743
-1.122, 10.732
-0.822, 10.72
4.217, 14.957
4.516, 14.948
3.472, 14.981
3.173, 14.978
4.826, 14.939
5.126, 14.93
5.426, 14.921
5.726, 14.912
6.026, 14.903
6.326, 14.894
6.626, 14.885
6.925, 14.876
7.225, 14.867
2.863, 14.974
2.563, 14.97
2.263, 14.966
1.963, 14.962
1.663, 14.958
1.363, 14.955
1.063, 14.951
0.763, 14.947
0.463, 14.943
4.218, 14.756
4.518, 14.747
3.47, 14.764
3.17, 14.76
4.827, 14.738
5.127, 14.729
5.427, 14.72
5.727, 14.711
6.027, 14.702
6.327, 14.693
6.627, 14.684
6.926, 14.675
7.226, 14.666
2.86, 14.756
2.56, 14.753
2.26, 14.749
1.96, 14.745
1.66, 14.741
1.36, 14.737
1.06, 14.734
0.76, 14.73
0.46, 14.726
4.219, 14.555
4.519, 14.546
3.468, 14.547
3.168, 14.543
4.828, 14.537
5.128, 14.528
5.428, 14.519
5.728, 14.51
6.028, 14.501
6.328, 14.492
6.628, 14.483
6.927, 14.474
7.227, 14.465
2.858, 14.539
2.558, 14.535
2.258, 14.532
1.958, 14.528
1.658, 14.524
1.358, 14.52
1.058, 14.516
0.758, 14.513
0.458, 14.509
4.22, 14.354
4.52, 14.345
3.465, 14.33
3.165, 14.326
4.829, 14.336
5.129, 14.327
5.429, 14.318
5.729, 14.309
6.029, 14.3
6.329, 14.291
6.629, 14.282
6.929, 14.273
7.228, 14.264
2.855, 14.322
2.555, 14.318
2.255, 14.314
1.955, 14.311
1.655, 14.307
1.355, 14.303
1.055, 14.299
0.755, 14.295
0.455, 14.291
4.221, 14.154
4.521, 14.145
3.463, 14.112
3.163, 14.109
4.83, 14.135
5.13, 14.126
5.43, 14.117
5.73, 14.108
6.03, 14.099
6.33, 14.09
6.63, 14.082
6.93, 14.073
7.229, 14.064
2.853, 14.105
2.553, 14.101
2.253, 14.097
1.953, 14.093
1.653, 14.09
1.353, 14.086
1.053, 14.082
0.753, 14.078
0.453, 14.074
4.222, 13.953
4.522, 13.944
3.46, 13.895
3.16, 13.891
4.832, 13.934
5.131, 13.925
5.431, 13.917
5.731, 13.908
6.031, 13.899
6.331, 13.89
6.631, 13.881
6.931, 13.872
7.231, 13.863
2.85, 13.888
2.551, 13.884
2.251, 13.88
1.951, 13.876
1.651, 13.872
1.351, 13.868
1.051, 13.865
0.751, 13.861
0.451, 13.857
4.223, 13.752
4.523, 13.743
3.457, 13.724
3.157, 13.72
4.833, 13.734
5.132, 13.725
5.432, 13.716
5.732, 13.707
6.032, 13.698
6.332, 13.689
6.632, 13.68
6.932, 13.671
7.232, 13.662
2.847, 13.716
2.547, 13.712
2.247, 13.708
1.948, 13.705
1.647, 13.701
1.348, 13.697
1.047, 13.693
0.748, 13.69
0.448, 13.686
4.224, 13.551
4.524, 13.542
3.455, 13.507
3.155, 13.503
4.834, 13.533
5.133, 13.524
5.433, 13.515
5.733, 13.506
6.033, 13.497
6.333, 13.488
6.633, 13.479
6.933, 13.47
7.233, 13.461
2.845, 13.499
2.545, 13.495
2.245, 13.491
1.945, 13.488
1.645, 13.484
1.345, 13.48
1.045, 13.476
0.745, 13.472
0.445, 13.468
4.225, 13.28
4.525, 13.271
3.451, 13.252
3.151, 13.249
4.835, 13.262
5.135, 13.253
5.435, 13.244
5.735, 13.235
6.034, 13.226
6.334, 13.217
6.634, 13.208
6.934, 13.199
7.234, 13.19
2.841, 13.245
2.541, 13.241
2.241, 13.237
1.941, 13.233
1.641, 13.229
1.341, 13.226
1.041, 13.222
0.741, 13.218
0.441, 13.214
4.226, 13.079
4.526, 13.07
3.449, 13.035
3.149, 13.031
4.836, 13.061
5.136, 13.052
5.436, 13.043
5.736, 13.034
6.036, 13.025
6.335, 13.016
6.635, 13.007
6.935, 12.998
7.235, 12.989
2.839, 13.027
2.539, 13.024
2.239, 13.02
1.939, 13.016
1.639, 13.012
1.339, 13.008
1.039, 13.005
0.739, 13.001
0.439, 12.997
4.227, 12.879
4.527, 12.87
3.447, 12.818
3.146, 12.814
4.837, 12.86
5.137, 12.851
5.437, 12.842
5.737, 12.833
6.037, 12.824
6.336, 12.815
6.636, 12.807
6.936, 12.798
7.236, 12.789
2.837, 12.81
2.536, 12.806
2.236, 12.803
1.937, 12.799
1.637, 12.795
1.336, 12.791
1.036, 12.787
0.737, 12.784
0.437, 12.78
4.228, 12.678
4.528, 12.669
3.444, 12.601
3.144, 12.597
4.838, 12.659
5.138, 12.65
5.438, 12.642
5.738, 12.633
6.038, 12.624
6.338, 12.615
6.637, 12.606
6.937, 12.597
7.237, 12.588
2.834, 12.593
2.534, 12.589
2.234, 12.585
1.934, 12.581
1.634, 12.578
1.334, 12.574
1.034, 12.57
0.734, 12.566
0.434, 12.563
4.229, 12.477
4.529, 12.468
3.442, 12.383
3.142, 12.38
4.839, 12.459
5.139, 12.45
5.439, 12.441
5.739, 12.432
6.039, 12.423
6.339, 12.414
6.638, 12.405
6.938, 12.396
7.238, 12.387
2.832, 12.376
2.532, 12.372
2.232, 12.368
1.932, 12.364
1.632, 12.36
1.332, 12.357
1.032, 12.353
0.732, 12.349
0.432, 12.345
4.231, 12.276
4.53, 12.267
3.439, 12.166
3.139, 12.162
4.84, 12.258
5.14, 12.249
5.44, 12.24
5.74, 12.231
6.04, 12.222
6.34, 12.213
6.639, 12.204
6.939, 12.195
7.239, 12.186
2.829, 12.158
2.529, 12.155
2.229, 12.151
1.929, 12.147
1.629, 12.143
1.329, 12.139
1.029, 12.136
0.729, 12.132
0.429, 12.128
4.232, 12.075
4.531, 12.066
3.436, 11.995
3.136, 11.991
4.841, 12.057
5.141, 12.048
5.441, 12.039
5.741, 12.03
6.041, 12.021
6.341, 12.012
6.64, 12.003
6.94, 11.994
7.24, 11.985
2.826, 11.987
2.526, 11.983
2.226, 11.979
1.926, 11.976
1.626, 11.972
1.326, 11.968
1.026, 11.964
0.726, 11.96
0.426, 11.957
4.233, 11.874
4.532, 11.866
3.434, 11.778
3.134, 11.774
4.842, 11.856
5.142, 11.847
5.442, 11.838
5.742, 11.829
6.042, 11.82
6.342, 11.811
6.642, 11.802
6.941, 11.793
7.241, 11.784
2.824, 11.77
2.524, 11.766
2.224, 11.762
1.924, 11.758
1.624, 11.755
1.324, 11.751
1.024, 11.747
0.724, 11.743
7.227, 11.56
4.234, 11.604
4.534, 11.595
3.429, 11.597
3.129, 11.593
4.844, 11.586
5.144, 11.577
5.443, 11.568
5.743, 11.559
6.043, 11.55
6.343, 11.541
6.643, 11.532
6.943, 11.523
2.819, 11.589
2.519, 11.585
2.219, 11.582
1.919, 11.578
1.619, 11.574
1.319, 11.57
1.019, 11.566
0.719, 11.562
7.228, 11.359
4.235, 11.403
4.535, 11.394
3.427, 11.38
3.127, 11.376
4.845, 11.385
5.145, 11.376
5.445, 11.367
5.744, 11.358
6.044, 11.349
6.344, 11.34
6.644, 11.331
6.944, 11.322
2.817, 11.372
2.517, 11.368
2.217, 11.364
1.917, 11.361
1.617, 11.357
1.317, 11.353
1.017, 11.349
0.717, 11.345
4.236, 11.202
4.536, 11.193
3.424, 11.162
3.124, 11.159
4.846, 11.184
5.146, 11.175
5.446, 11.166
5.745, 11.157
6.045, 11.148
6.345, 11.139
6.645, 11.13
6.945, 11.121
2.814, 11.155
2.514, 11.151
2.214, 11.147
1.914, 11.143
1.614, 11.139
1.314, 11.136
1.014, 11.132
0.714, 11.128
7.208, 11.119
7.23, 10.958
4.237, 11.001
4.537, 10.992
3.422, 10.945
3.122, 10.941
4.847, 10.983
5.147, 10.974
5.447, 10.965
5.746, 10.956
6.046, 10.947
6.346, 10.938
6.646, 10.929
6.946, 10.92
2.812, 10.937
2.512, 10.934
2.212, 10.93
1.912, 10.926
1.612, 10.922
1.312, 10.918
1.012, 10.915
0.712, 10.911
7.231, 10.757
4.238, 10.801
4.538, 10.792
3.419, 10.728
3.119, 10.724
4.848, 10.782
5.148, 10.773
5.448, 10.764
5.748, 10.755
6.047, 10.746
6.347, 10.737
6.647, 10.729
6.947, 10.72
2.809, 10.72
2.509, 10.716
2.209, 10.713
1.909, 10.709
1.609, 10.705
1.309, 10.701
1.009, 10.697
0.709, 10.694
7.602, 15.181
7.902, 15.177
8.202, 15.173
8.502, 15.169
8.802, 15.165
9.102, 15.162
9.402, 15.158
7.596, 14.95
7.896, 14.946
8.196, 14.943
8.496, 14.939
8.796, 14.935
9.096, 14.931
9.396, 14.927
7.598, 14.676
7.898, 14.672
8.198, 14.668
8.498, 14.664
8.797, 14.66
9.097, 14.656
9.397, 14.652
7.598, 14.472
7.898, 14.468
8.198, 14.464
8.498, 14.46
8.798, 14.456
9.098, 14.452
9.398, 14.448
7.599, 14.268
7.899, 14.264
8.198, 14.26
8.498, 14.256
8.798, 14.252
9.098, 14.248
9.398, 14.244
7.599, 14.064
7.899, 14.06
8.199, 14.056
8.499, 14.052
8.799, 14.048
9.098, 14.044
9.398, 14.04
7.599, 13.86
7.899, 13.856
8.199, 13.852
8.499, 13.848
8.799, 13.844
9.099, 13.84
9.399, 13.836
7.6, 13.656
7.9, 13.652
8.2, 13.648
8.5, 13.644
8.799, 13.64
9.099, 13.636
9.399, 13.632
7.602, 13.453
7.902, 13.449
8.201, 13.445
8.501, 13.441
8.801, 13.437
9.101, 13.433
9.401, 13.429
7.602, 13.249
7.902, 13.245
8.202, 13.241
8.502, 13.237
8.802, 13.233
9.101, 13.229
9.401, 13.225
8.805, 12.961
9.105, 12.957
9.405, 12.953
8.806, 12.757
9.106, 12.753
9.406, 12.749
8.806, 12.553
9.106, 12.549
9.406, 12.545
8.807, 12.349
9.106, 12.345
9.406, 12.341
8.807, 12.145
9.107, 12.141
9.407, 12.137
12.168, 14.831
10.03, 15.093
10.329, 15.079
10.666, 15.115
11.038, 15.079
11.39, 15.048
11.78, 14.972
12.113, 14.636
10.022, 14.892
10.321, 14.877
10.642, 14.914
11.007, 14.879
11.356, 14.849
11.739, 14.774
10.013, 14.62
10.312, 14.606
10.61, 14.644
10.967, 14.61
11.311, 14.58
11.685, 14.507
12.06, 14.441
10.005, 14.418
10.304, 14.404
10.586, 14.443
10.937, 14.41
11.277, 14.38
11.644, 14.308
12.004, 14.246
9.997, 14.217
10.296, 14.202
10.562, 14.242
10.906, 14.21
11.242, 14.181
11.603, 14.11
11.934, 13.984
9.989, 14.015
10.289, 14.001
10.537, 14.041
10.875, 14.01
11.208, 13.982
11.562, 13.912
11.879, 13.789
9.981, 13.813
10.281, 13.799
10.513, 13.841
10.845, 13.81
11.173, 13.782
11.521, 13.713
11.824, 13.594
9.973, 13.612
10.277, 13.571
10.538, 13.567
10.814, 13.61
11.139, 13.583
11.48, 13.515
11.768, 13.398
9.967, 13.411
10.267, 13.396
10.785, 13.41
11.107, 13.384
11.441, 13.317
11.713, 13.203
9.959, 13.209
10.259, 13.194
10.755, 13.21
11.072, 13.184
11.4, 13.119
9.953, 12.938
10.252, 12.924
10.718, 12.942
11.03, 12.916
11.349, 12.852
9.945, 12.736
10.245, 12.722
10.687, 12.742
10.996, 12.717
11.308, 12.654
9.937, 12.535
10.237, 12.52
10.657, 12.542
10.961, 12.517
11.267, 12.456
9.929, 12.333
10.229, 12.319
10.626, 12.342
10.927, 12.318
11.226, 12.257
9.921, 12.131
10.221, 12.117
10.596, 12.142
10.893, 12.118
11.185, 12.059
13.383, 14.205
14.519, 13.326
14.708, 13.078
14.93, 12.847
15.1, 12.558
15.292, 12.267
15.472, 11.94
14.339, 13.555
13.894, 13.895
13.156, 14.338
13.657, 14.075
14.125, 13.731
14.1, 13.373
14.7, 12.674
14.896, 12.411
15.085, 12.098
15.261, 11.796
13.04, 14.107
13.355, 13.92
14.278, 13.169
14.49, 12.91
13.874, 13.571
13.627, 13.779
14.51, 12.498
14.703, 12.239
14.871, 11.965
15.057, 11.638
12.925, 13.931
13.199, 13.78
14.093, 13.003
14.312, 12.766
13.902, 13.233
13.439, 13.624
13.676, 13.436
14.33, 12.337
14.52, 12.081
14.685, 11.81
14.863, 11.495
12.823, 13.694
13.101, 13.53
13.888, 12.876
14.131, 12.629
13.65, 13.13
13.386, 13.326
14.179, 12.213
14.368, 11.959
14.531, 11.692
14.702, 11.385
12.689, 13.47
12.966, 13.321
13.715, 12.724
13.966, 12.487
13.474, 12.933
13.218, 13.122
14.029, 12.088
14.216, 11.837
14.377, 11.573
14.542, 11.276
12.572, 13.313
12.835, 13.139
13.571, 12.585
13.793, 12.34
13.336, 12.783
13.079, 12.958
13.879, 11.963
14.063, 11.715
14.222, 11.454
14.381, 11.166
12.567, 13.273
12.81, 13.109
13.516, 12.534
13.732, 12.275
13.292, 12.74
13.057, 12.937
13.726, 11.84
13.908, 11.594
14.065, 11.336
14.218, 11.057
12.409, 13.137
12.652, 12.973
13.358, 12.398
13.574, 12.139
13.134, 12.604
12.899, 12.801
12.279, 12.971
12.561, 12.802
13.236, 12.217
13.446, 12.001
13.034, 12.433
12.801, 12.625
13.572, 11.716
13.753, 11.474
13.907, 11.218
14.054, 10.949
12.176, 12.774
12.429, 12.609
13.113, 12.081
13.298, 11.872
12.91, 12.287
12.7, 12.464
13.43, 11.578
13.608, 11.337
13.76, 11.085
13.9, 10.824
12.113, 12.543
12.422, 12.364
12.909, 11.949
13.11, 11.714
12.673, 12.175
13.27, 11.44
13.446, 11.203
13.596, 10.953
13.729, 10.703
11.987, 12.342
12.266, 12.183
12.734, 11.793
12.918, 11.574
12.538, 12.013
13.09, 11.308
13.264, 11.074
13.412, 10.827
13.538, 10.588
11.879, 12.141
12.154, 11.999
12.574, 11.638
12.752, 11.437
12.39, 11.846
12.912, 11.176
13.084, 10.945
13.229, 10.702
13.349, 10.474
11.792, 11.958
12.032, 11.812
12.416, 11.486
12.606, 11.308
12.227, 11.655
12.758, 11.055
12.928, 10.827
13.071, 10.588
13.186, 10.369
11.704, 11.761
11.964, 11.601
12.215, 11.388
12.425, 11.174
12.605, 10.935
12.773, 10.71
12.914, 10.473
13.023, 10.263
17.103, 6.596
17.001, 6.903
16.903, 7.186
16.806, 7.47
16.708, 7.753
16.61, 8.037
16.509, 8.33
16.411, 8.614
16.314, 8.897
16.216, 9.181
16.118, 9.465
16.02, 9.748
15.923, 10.032
15.819, 10.329
15.703, 10.665
15.583, 11.021
15.464, 11.361
15.381, 10.956
15.501, 10.6
15.617, 10.264
16.799, 6.838
16.702, 7.122
16.604, 7.405
16.506, 7.689
16.408, 7.972
16.307, 8.265
16.209, 8.549
16.112, 8.833
16.014, 9.116
15.916, 9.4
15.818, 9.683
15.721, 9.967
16.901, 6.532
15.179, 10.892
15.299, 10.535
15.415, 10.2
16.597, 6.773
16.5, 7.057
16.402, 7.34
16.304, 7.624
16.206, 7.908
16.105, 8.201
16.008, 8.484
15.91, 8.768
15.812, 9.052
15.714, 9.335
15.617, 9.619
15.519, 9.902
16.699, 6.467
14.977, 10.827
15.098, 10.471
15.213, 10.135
16.395, 6.709
16.298, 6.992
16.2, 7.276
16.102, 7.559
16.005, 7.843
15.903, 8.136
15.806, 8.42
15.708, 8.703
15.61, 8.987
15.512, 9.271
15.415, 9.554
15.317, 9.838
16.497, 6.402
14.775, 10.762
14.896, 10.406
15.011, 10.07
16.194, 6.644
16.096, 6.928
15.998, 7.211
15.9, 7.495
15.803, 7.778
15.702, 8.072
15.604, 8.355
15.506, 8.639
15.408, 8.922
15.311, 9.206
15.213, 9.489
15.115, 9.773
16.295, 6.338
14.573, 10.698
14.694, 10.342
14.809, 10.006
15.992, 6.579
15.894, 6.863
15.796, 7.146
15.698, 7.43
15.601, 7.714
15.5, 8.007
15.402, 8.29
15.304, 8.574
15.206, 8.858
15.109, 9.141
15.011, 9.425
14.913, 9.708
16.093, 6.273
14.536, 10.292
14.651, 9.956
15.834, 6.53
15.736, 6.813
15.638, 7.097
15.541, 7.381
15.443, 7.664
15.342, 7.957
15.244, 8.241
15.146, 8.524
15.049, 8.808
14.951, 9.092
14.853, 9.375
14.755, 9.659
15.936, 6.224
14.334, 10.227
14.449, 9.892
15.632, 6.465
15.534, 6.749
15.437, 7.032
15.339, 7.316
15.241, 7.6
15.14, 7.893
15.042, 8.176
14.944, 8.46
14.847, 8.744
14.749, 9.027
14.651, 9.311
14.553, 9.594
15.734, 6.159
14.099, 10.153
14.214, 9.817
15.397, 6.391
15.299, 6.674
15.202, 6.958
15.104, 7.242
15.006, 7.525
14.905, 7.818
14.807, 8.102
14.709, 8.386
14.612, 8.669
14.514, 8.953
14.416, 9.236
14.318, 9.52
13.897, 10.088
14.013, 9.753
15.195, 6.326
15.097, 6.61
15, 6.893
14.902, 7.177
14.804, 7.46
14.703, 7.754
14.605, 8.037
14.507, 8.321
14.41, 8.605
14.312, 8.888
14.214, 9.172
14.116, 9.455
13.695, 10.024
13.811, 9.688
14.993, 6.262
14.895, 6.545
14.798, 6.829
14.7, 7.112
14.602, 7.396
14.501, 7.689
14.403, 7.973
14.306, 8.256
14.208, 8.54
14.11, 8.823
14.012, 9.107
13.914, 9.391
13.493, 9.959
13.609, 9.623
14.791, 6.197
14.694, 6.48
14.596, 6.764
14.498, 7.048
14.4, 7.331
14.299, 7.624
14.201, 7.908
14.104, 8.192
14.006, 8.475
13.908, 8.759
13.81, 9.042
13.713, 9.326
13.291, 9.894
13.407, 9.558
14.589, 6.132
14.492, 6.416
14.394, 6.699
14.296, 6.983
14.198, 7.267
14.097, 7.56
14, 7.843
13.902, 8.127
13.804, 8.411
13.706, 8.694
13.609, 8.978
13.511, 9.261
13.089, 9.83
13.205, 9.494
14.388, 6.067
14.29, 6.351
14.192, 6.635
14.094, 6.918
13.996, 7.202
13.895, 7.495
13.798, 7.779
13.7, 8.062
13.602, 8.346
13.504, 8.63
13.407, 8.913
13.309, 9.197
13.047, 9.445
14.23, 6.018
14.132, 6.302
14.034, 6.585
13.936, 6.869
13.839, 7.152
13.738, 7.446
13.64, 7.729
13.542, 8.013
13.444, 8.296
13.346, 8.58
13.249, 8.864
13.151, 9.147
12.845, 9.38
14.028, 5.953
13.93, 6.237
13.832, 6.521
13.735, 6.804
13.637, 7.088
13.536, 7.381
13.438, 7.665
13.34, 7.948
13.242, 8.232
13.145, 8.515
13.047, 8.799
12.949, 9.083
12.681, 9.33
13.863, 5.903
13.766, 6.187
13.668, 6.471
13.472, 7.038
13.567, 6.739
13.371, 7.331
13.273, 7.615
13.176, 7.898
13.078, 8.182
12.98, 8.465
12.882, 8.749
12.785, 9.033
12.479, 9.265
13.661, 5.839
13.564, 6.122
13.466, 6.406
13.368, 6.69
13.27, 6.973
13.169, 7.266
13.071, 7.55
12.974, 7.834
12.876, 8.117
12.778, 8.401
12.68, 8.684
12.583, 8.968
13.46, 5.774
13.362, 6.058
13.264, 6.341
13.166, 6.625
13.068, 6.908
12.967, 7.202
12.87, 7.485
12.772, 7.769
12.674, 8.052
12.576, 8.336
12.479, 8.62
12.381, 8.903
13.258, 5.709
13.16, 5.993
13.062, 6.277
12.964, 6.56
12.867, 6.844
12.765, 7.137
12.668, 7.421
12.57, 7.704
12.472, 7.988
12.374, 8.271
12.277, 8.555
12.179, 8.839
13.056, 5.645
12.958, 5.928
12.86, 6.212
12.762, 6.496
12.665, 6.779
12.564, 7.072
12.466, 7.356
12.368, 7.64
12.27, 7.923
12.173, 8.207
12.075, 8.49
11.977, 8.774
17.272, 4.112
17.702, 1.132
17.832, 0.238
17.014, 5.889
17.487, 2.617
17.616, 1.724
17.315, 3.811
17.444, 2.918
17.401, 3.219
17.745, 0.83
17.573, 2.025
17.789, 0.539
17.229, 4.404
17.143, 4.996
17.1, 5.297
17.186, 4.705
17.53, 2.316
17.057, 5.598
17.358, 3.52
17.66, 1.433
17.588, 0.504
17.201, 3.184
16.856, 5.563
17.244, 2.893
17.459, 1.397
17.502, 1.096
17.329, 2.281
17.415, 1.688
16.899, 5.262
17.286, 2.582
16.813, 5.854
16.942, 4.97
17.158, 3.485
17.028, 4.368
17.071, 4.077
17.631, 0.203
17.373, 1.989
17.545, 0.805
16.985, 4.669
17.114, 3.776
16.957, 3.45
17.354, 0.77
17, 3.149
16.914, 3.741
16.742, 4.935
16.698, 5.226
17.086, 2.546
17.043, 2.857
17.44, 0.177
16.871, 4.042
17.397, 0.469
17.129, 2.255
17.182, 1.954
16.612, 5.818
16.655, 5.527
16.784, 4.634
17.268, 1.362
17.311, 1.061
16.828, 4.343
17.225, 1.653
16.455, 5.492
17.239, 0.142
16.713, 3.715
16.895, 2.511
16.938, 2.22
16.981, 1.919
16.852, 2.822
17.067, 1.326
16.627, 4.308
17.196, 0.433
17.11, 1.025
16.756, 3.414
16.497, 5.191
16.809, 3.113
17.153, 0.734
16.412, 5.793
16.67, 4.007
16.541, 4.9
17.024, 1.628
16.584, 4.599
16.694, 2.476
17.038, 0.107
16.565, 3.379
16.952, 0.699
16.78, 1.883
16.995, 0.398
16.436, 4.272
16.866, 1.291
16.823, 1.592
16.221, 5.758
16.479, 3.971
16.909, 1
16.35, 4.864
16.651, 2.787
16.307, 5.165
16.264, 5.456
16.737, 2.184
16.393, 4.563
16.522, 3.68
16.608, 3.088
16.622, 1.557
16.235, 4.237
16.192, 4.538
16.751, 0.664
16.149, 4.829
16.278, 3.936
16.665, 1.256
16.708, 0.965
16.536, 2.149
16.579, 1.848
16.407, 3.052
16.45, 2.751
16.493, 2.45
16.837, 0.072
16.321, 3.645
16.106, 5.13
16.02, 5.722
16.063, 5.421
16.364, 3.344
16.794, 0.373
15.862, 5.386
16.517, 0.929
16.206, 3.017
16.302, 2.415
16.12, 3.609
15.991, 4.503
16.249, 2.716
15.905, 5.095
16.646, 0.036
16.474, 1.22
15.948, 4.794
16.604, 0.337
16.034, 4.202
16.431, 1.521
16.163, 3.308
16.077, 3.91
16.388, 1.813
16.56, 0.628
16.345, 2.114
15.819, 5.687
15.704, 5.06
15.876, 3.875
15.661, 5.361
16.403, 0.302
16.359, 0.593
16.101, 2.379
16.187, 1.787
16.015, 2.982
16.23, 1.486
15.973, 3.283
16.058, 2.681
15.929, 3.574
16.144, 2.078
16.446, 0.001
16.273, 1.185
15.747, 4.758
15.833, 4.166
15.79, 4.467
16.317, 0.894
15.618, 5.652
15.572, 4.122
15.357, 5.608
15.744, 2.938
15.916, 1.734
15.701, 3.229
15.4, 5.307
16.088, 0.549
15.959, 1.443
15.486, 4.715
15.615, 3.821
16.045, 0.85
15.787, 2.637
15.873, 2.035
15.443, 5.016
16.002, 1.141
15.658, 3.53
16.174, -0.043
16.132, 0.258
15.83, 2.336
15.529, 4.423
15.672, 1.999
15.371, 4.087
15.457, 3.495
15.242, 4.98
15.586, 2.602
15.855, 0.815
15.414, 3.796
15.543, 2.903
15.5, 3.194
15.811, 1.106
15.629, 2.301
15.897, 0.514
15.768, 1.407
15.941, 0.223
15.984, -0.078
15.199, 5.271
15.156, 5.573
15.328, 4.388
15.285, 4.679
15.725, 1.708
15.611, 1.081
15.525, 1.673
15.214, 3.761
15.256, 3.46
15.3, 3.169
14.998, 5.246
15.084, 4.644
15.783, -0.114
14.955, 5.537
15.568, 1.372
15.041, 4.945
15.343, 2.867
15.654, 0.78
15.127, 4.353
15.481, 1.964
15.17, 4.052
15.438, 2.265
15.74, 0.187
15.396, 2.566
15.697, 0.478
15.023, 3.725
15.195, 2.541
14.764, 5.502
15.539, 0.152
15.453, 0.744
15.367, 1.336
14.937, 4.317
14.85, 4.91
15.324, 1.638
15.41, 1.045
15.066, 3.424
15.496, 0.453
14.894, 4.618
15.582, -0.149
15.238, 2.23
14.807, 5.211
15.109, 3.133
15.152, 2.832
14.979, 4.016
15.281, 1.929
14.908, 3.098
15.08, 1.903
15.123, 1.602
15.252, 0.709
14.779, 3.991
14.563, 5.466
15.209, 1.01
15.295, 0.418
14.865, 3.389
14.994, 2.506
15.338, 0.117
14.607, 5.175
15.166, 1.301
14.693, 4.583
14.951, 2.797
14.736, 4.282
14.65, 4.874
15.037, 2.194
14.822, 3.69
15.381, -0.174
15.147, 0.081
14.75, 2.761
14.492, 4.548
14.707, 3.062
15.19, -0.21
14.932, 1.567
14.793, 2.47
14.578, 3.956
14.975, 1.276
14.406, 5.14
14.535, 4.247
15.061, 0.673
14.879, 1.868
14.363, 5.441
14.621, 3.655
14.664, 3.363
14.449, 4.839
15.104, 0.382
15.018, 0.975
14.836, 2.159
14.334, 4.211
14.989, -0.245
14.516, 3.027
14.291, 4.513
14.688, 1.833
14.946, 0.046
14.817, 0.939
14.205, 5.105
14.602, 2.435
14.645, 2.124
14.731, 1.531
14.774, 1.24
14.162, 5.406
14.559, 2.736
14.473, 3.328
14.248, 4.814
14.86, 0.638
14.42, 3.619
14.903, 0.347
14.377, 3.92
14.186, 3.885
14.401, 2.399
14.229, 3.584
14.057, 4.778
14.444, 2.098
14.659, 0.613
14.315, 2.992
14.014, 5.069
14.1, 4.477
14.573, 1.205
14.788, -0.28
14.53, 1.496
14.616, 0.904
13.971, 5.37
14.272, 3.293
14.487, 1.797
14.358, 2.7
14.745, 0.011
14.143, 4.186
14.702, 0.312
14.087, 2.647
14.269, 1.452
13.829, 4.433
13.958, 3.54
14.044, 2.948
13.786, 4.724
14.312, 1.151
14.001, 3.239
14.484, -0.033
14.355, 0.86
13.872, 4.132
14.226, 1.753
13.743, 5.026
14.398, 0.559
14.13, 2.356
14.441, 0.268
14.183, 2.044
13.915, 3.841
14.283, -0.069
14.197, 0.524
14.154, 0.825
13.542, 4.99
13.585, 4.689
13.982, 2.009
13.757, 3.505
14.24, 0.233
14.068, 1.417
13.714, 3.806
13.671, 4.097
13.939, 2.32
13.628, 4.398
13.8, 3.214
13.896, 2.611
14.025, 1.718
14.111, 1.126
13.853, 2.912
13.523, 3.77
13.953, 0.789
13.437, 4.363
13.652, 2.877
13.867, 1.382
13.781, 1.974
13.566, 3.469
13.997, 0.498
13.696, 2.586
13.738, 2.285
14.082, -0.104
13.609, 3.178
14.04, 0.197
13.48, 4.061
13.91, 1.091
13.394, 4.664
13.351, 4.955
13.824, 1.683
13.236, 4.327
13.322, 3.735
13.538, 2.25
13.796, 0.463
13.839, 0.162
13.882, -0.129
13.753, 0.754
13.409, 3.143
13.666, 1.346
13.279, 4.036
13.495, 2.551
13.623, 1.647
13.451, 2.842
13.581, 1.949
13.15, 4.919
13.365, 3.434
13.71, 1.055
13.193, 4.628
13.433, 1.612
13.165, 3.409
13.035, 4.292
13.122, 3.7
13.519, 1.02
12.949, 4.884
13.337, 2.214
13.691, -0.165
13.648, 0.126
12.992, 4.593
13.251, 2.807
13.476, 1.321
13.079, 4.001
13.605, 0.428
13.39, 1.913
13.562, 0.719
13.208, 3.108
13.294, 2.515
18.112, -6.267
18.105, -5.967
18.098, -5.668
18.091, -5.368
18.069, -4.468
18.04, -3.258
17.997, -1.459
18.047, -3.558
18.033, -2.958
18.062, -4.168
18.084, -5.068
18.004, -1.759
17.976, -0.559
18.019, -2.359
18.026, -2.659
18.055, -3.868
17.99, -1.159
17.983, -0.859
18.076, -4.768
18.012, -2.059
17.882, -5.08
17.824, -2.671
17.896, -5.68
17.817, -2.371
17.853, -3.881
17.81, -2.071
17.838, -3.271
17.781, -0.872
17.867, -4.481
17.86, -4.181
17.889, -5.38
17.802, -1.772
17.774, -0.572
17.831, -2.971
17.903, -5.98
17.795, -1.472
17.788, -1.172
17.846, -3.571
17.874, -4.781
17.91, -6.28
17.694, -5.693
17.572, -0.585
17.622, -2.684
17.629, -2.984
17.608, -2.084
17.586, -1.185
17.601, -1.784
17.615, -2.384
17.658, -4.193
17.636, -3.284
17.665, -4.493
17.708, -6.293
17.701, -5.993
17.579, -0.885
17.593, -1.484
17.651, -3.894
17.672, -4.793
17.68, -5.093
17.687, -5.393
17.644, -3.584
17.499, -6.005
17.463, -4.506
17.478, -5.106
17.456, -4.206
17.471, -4.806
17.506, -6.305
17.449, -3.906
17.377, -0.897
17.391, -1.497
17.384, -1.197
17.413, -2.397
17.434, -3.296
17.406, -2.097
17.442, -3.596
17.485, -5.406
17.492, -5.706
17.42, -2.697
17.427, -2.996
17.398, -1.797
17.37, -0.597
17.197, -1.81
17.276, -5.118
17.29, -5.718
17.24, -3.609
17.261, -4.519
17.182, -1.21
17.283, -5.418
17.297, -6.018
17.218, -2.709
17.204, -2.109
17.211, -2.409
17.247, -3.919
17.189, -1.51
17.269, -4.819
17.225, -3.009
17.168, -0.61
17.175, -0.91
17.304, -6.318
17.254, -4.219
17.232, -3.309
17.059, -4.531
17.009, -2.422
17.067, -4.831
17.016, -2.722
17.045, -3.932
16.987, -1.522
17.081, -5.431
16.966, -0.623
17.002, -2.122
17.03, -3.322
17.088, -5.731
16.973, -0.923
17.095, -6.031
17.052, -4.231
16.994, -1.822
17.023, -3.022
16.98, -1.223
17.103, -6.331
17.038, -3.622
17.074, -5.131
16.865, -4.844
16.772, -0.935
16.822, -3.034
16.786, -1.535
16.829, -3.334
16.858, -4.544
16.88, -5.443
16.894, -6.043
16.844, -3.944
16.836, -3.634
16.779, -1.235
16.765, -0.635
16.793, -1.835
16.808, -2.434
16.873, -5.144
16.801, -2.134
16.815, -2.734
16.901, -6.343
16.887, -5.743
16.851, -4.244
16.606, -2.447
16.591, -1.847
16.62, -3.047
16.563, -0.648
16.656, -4.556
16.57, -0.948
16.613, -2.747
16.599, -2.147
16.685, -5.756
16.649, -4.256
16.584, -1.547
16.699, -6.356
16.692, -6.056
16.577, -1.248
16.671, -5.156
16.642, -3.957
16.663, -4.856
16.634, -3.647
16.678, -5.456
16.627, -3.347
16.298, -0.965
16.355, -3.364
16.413, -5.773
16.334, -2.464
16.291, -0.665
16.427, -6.373
16.406, -5.473
16.384, -4.573
16.377, -4.273
16.305, -1.264
16.312, -1.564
16.341, -2.764
16.319, -1.864
16.37, -3.973
16.42, -6.073
16.391, -4.873
16.327, -2.164
16.362, -3.663
16.348, -3.064
16.399, -5.173
16.146, -3.076
16.204, -5.486
16.218, -6.085
16.225, -6.385
16.168, -3.986
16.182, -4.586
16.189, -4.886
16.197, -5.186
16.153, -3.376
16.117, -1.877
16.124, -2.177
16.089, -0.677
16.103, -1.277
16.096, -0.977
16.16, -3.676
16.132, -2.477
16.175, -4.286
16.139, -2.776
16.11, -1.577
16.211, -5.786
15.887, -0.69
15.987, -4.899
15.944, -3.089
15.937, -2.789
15.973, -4.299
15.894, -0.99
16.016, -6.098
16.009, -5.798
15.98, -4.599
15.915, -1.89
15.908, -1.59
15.959, -3.689
16.002, -5.498
15.923, -2.189
16.023, -6.398
15.951, -3.389
15.995, -5.198
15.966, -3.999
15.93, -2.489
15.901, -1.29
15.821, -6.411
15.785, -4.911
15.735, -2.802
15.721, -2.202
15.793, -5.211
15.728, -2.502
15.706, -1.602
15.757, -3.702
15.764, -4.012
15.749, -3.402
15.713, -1.902
15.742, -3.102
15.8, -5.511
15.807, -5.811
15.771, -4.311
15.685, -0.703
15.814, -6.111
15.778, -4.611
15.692, -1.003
15.699, -1.302
15.569, -4.324
15.598, -5.524
15.605, -5.824
15.619, -6.423
15.49, -1.015
15.612, -6.123
15.583, -4.924
15.562, -4.024
15.511, -1.915
15.504, -1.615
15.591, -5.224
15.526, -2.515
15.483, -0.715
15.533, -2.815
15.519, -2.215
15.555, -3.714
15.54, -3.114
15.547, -3.414
15.576, -4.624
15.497, -1.315
15.324, -2.527
15.338, -3.127
15.382, -4.937
15.281, -0.728
15.353, -3.727
15.403, -5.836
15.417, -6.436
15.317, -2.227
15.389, -5.236
15.309, -1.928
15.288, -1.028
15.295, -1.328
15.41, -6.136
15.367, -4.337
15.396, -5.536
15.36, -4.037
15.345, -3.427
15.331, -2.827
15.374, -4.637
15.302, -1.628
15.173, -4.649
15.216, -6.448
15.123, -2.54
15.115, -2.24
15.202, -5.849
15.195, -5.549
15.094, -1.34
15.08, -0.74
15.209, -6.148
15.13, -2.839
15.087, -1.04
15.159, -4.049
15.18, -4.949
15.108, -1.94
15.144, -3.439
15.101, -1.64
15.137, -3.139
15.151, -3.739
15.188, -5.249
15.166, -4.349
15.007, -6.161
15, -5.861
14.957, -4.062
14.913, -2.253
15.014, -6.461
14.964, -4.362
14.993, -5.561
14.878, -0.753
14.978, -4.962
14.899, -1.653
14.942, -3.452
14.986, -5.261
14.892, -1.353
14.971, -4.662
14.906, -1.953
14.949, -3.752
14.935, -3.152
14.928, -2.852
14.921, -2.552
14.885, -1.053
14.671, -3.468
14.614, -1.069
14.736, -6.177
14.722, -5.578
14.636, -1.969
14.715, -5.278
14.693, -4.378
14.643, -2.269
14.679, -3.768
14.621, -1.369
14.65, -2.569
14.729, -5.878
14.708, -4.978
14.607, -0.769
14.7, -4.678
14.628, -1.669
14.686, -4.078
14.664, -3.168
14.657, -2.869
14.455, -2.881
14.527, -5.89
14.484, -4.091
14.491, -4.391
14.534, -6.19
14.434, -1.982
14.462, -3.181
14.506, -4.991
14.441, -2.282
14.513, -5.29
14.498, -4.691
14.412, -1.082
14.426, -1.682
14.52, -5.59
14.469, -3.481
14.448, -2.581
14.477, -3.781
14.419, -1.382
14.405, -0.782
14.332, -6.203
14.275, -3.794
14.26, -3.194
14.239, -2.294
14.246, -2.594
14.253, -2.894
14.296, -4.703
14.289, -4.403
14.304, -5.003
14.203, -0.795
14.224, -1.694
14.282, -4.104
14.318, -5.603
14.232, -1.994
14.21, -1.095
14.325, -5.903
14.217, -1.395
14.311, -5.303
14.267, -3.494
14.116, -5.616
14.044, -2.607
14.13, -6.216
14.015, -1.407
14.087, -4.416
14.008, -1.107
14.051, -2.907
14.094, -4.716
14.058, -3.206
14.102, -5.016
14.109, -5.316
14.08, -4.116
14.037, -2.307
14.123, -5.916
14.001, -0.807
14.073, -3.806
14.03, -2.007
14.022, -1.707
14.066, -3.506
13.856, -3.219
13.9, -5.029
13.849, -2.919
13.842, -2.619
13.871, -3.819
13.892, -4.729
13.82, -1.72
13.813, -1.42
13.864, -3.519
13.885, -4.429
13.907, -5.329
13.799, -0.82
13.928, -6.228
13.828, -2.02
13.806, -1.12
13.835, -2.32
13.921, -5.928
13.878, -4.129
13.914, -5.628
17.817, -12.748
17.821, -12.448
17.824, -12.148
17.828, -11.848
17.839, -10.948
17.854, -9.738
17.876, -7.939
17.85, -10.038
17.858, -9.438
17.843, -10.648
17.832, -11.548
17.873, -8.239
17.887, -7.039
17.865, -8.838
17.861, -9.138
17.846, -10.348
17.88, -7.639
17.884, -7.339
17.835, -11.248
17.869, -8.538
17.63, -11.552
17.66, -9.143
17.622, -12.152
17.663, -8.843
17.645, -10.353
17.667, -8.543
17.652, -9.743
17.682, -7.343
17.637, -10.953
17.641, -10.652
17.626, -11.852
17.671, -8.243
17.686, -7.043
17.656, -9.443
17.619, -12.452
17.675, -7.943
17.678, -7.643
17.649, -10.043
17.634, -11.252
17.615, -12.752
17.421, -12.157
17.484, -7.047
17.458, -9.147
17.454, -9.447
17.465, -8.547
17.477, -7.647
17.469, -8.247
17.462, -8.847
17.439, -10.657
17.451, -9.747
17.436, -10.957
17.413, -12.757
17.417, -12.457
17.48, -7.347
17.473, -7.947
17.443, -10.357
17.432, -11.257
17.428, -11.557
17.424, -11.857
17.447, -10.047
17.215, -12.461
17.234, -10.961
17.226, -11.561
17.238, -10.661
17.23, -11.261
17.211, -12.761
17.241, -10.361
17.278, -7.351
17.271, -7.951
17.275, -7.651
17.26, -8.851
17.249, -9.751
17.264, -8.551
17.245, -10.051
17.223, -11.861
17.219, -12.161
17.256, -9.151
17.252, -9.451
17.267, -8.251
17.282, -7.051
17.066, -8.255
17.025, -11.565
17.017, -12.165
17.043, -10.055
17.032, -10.965
17.073, -7.656
17.021, -11.865
17.013, -12.465
17.054, -9.155
17.062, -8.555
17.058, -8.855
17.039, -10.365
17.069, -7.955
17.028, -11.265
17.051, -9.455
17.08, -7.056
17.077, -7.356
17.01, -12.765
17.036, -10.665
17.047, -9.755
16.83, -10.969
16.856, -8.86
16.827, -11.269
16.853, -9.159
16.838, -10.369
16.867, -7.96
16.819, -11.869
16.879, -7.06
16.86, -8.56
16.845, -9.76
16.815, -12.169
16.875, -7.36
16.812, -12.469
16.834, -10.669
16.864, -8.26
16.849, -9.459
16.871, -7.66
16.808, -12.769
16.841, -10.059
16.823, -11.569
16.625, -11.274
16.674, -7.364
16.648, -9.464
16.666, -7.964
16.644, -9.764
16.629, -10.974
16.618, -11.874
16.61, -12.474
16.637, -10.374
16.64, -10.064
16.67, -7.664
16.677, -7.064
16.662, -8.264
16.655, -8.864
16.622, -11.574
16.659, -8.564
16.651, -9.164
16.607, -12.774
16.614, -12.174
16.633, -10.674
16.453, -8.868
16.461, -8.268
16.446, -9.468
16.476, -7.068
16.427, -10.978
16.472, -7.368
16.45, -9.168
16.457, -8.568
16.412, -12.178
16.431, -10.678
16.464, -7.968
16.405, -12.778
16.409, -12.478
16.468, -7.668
16.42, -11.578
16.435, -10.378
16.424, -11.278
16.438, -10.068
16.416, -11.878
16.442, -9.768
16.2, -7.374
16.17, -9.774
16.14, -12.184
16.181, -8.874
16.204, -7.074
16.133, -12.784
16.144, -11.884
16.155, -10.984
16.159, -10.684
16.196, -7.674
16.193, -7.974
16.178, -9.174
16.189, -8.274
16.163, -10.384
16.137, -12.484
16.152, -11.284
16.185, -8.574
16.167, -10.074
16.174, -9.474
16.148, -11.584
15.972, -9.478
15.942, -11.888
15.935, -12.488
15.931, -12.788
15.961, -10.388
15.954, -10.988
15.95, -11.288
15.946, -11.588
15.968, -9.778
15.987, -8.278
15.983, -8.578
16.002, -7.078
15.995, -7.678
15.998, -7.378
15.965, -10.078
15.98, -8.878
15.957, -10.688
15.976, -9.178
15.991, -7.978
15.939, -12.188
15.8, -7.083
15.748, -11.292
15.77, -9.482
15.774, -9.182
15.755, -10.692
15.796, -7.382
15.733, -12.492
15.737, -12.192
15.752, -10.992
15.785, -8.282
15.789, -7.982
15.763, -10.082
15.741, -11.892
15.782, -8.582
15.729, -12.792
15.767, -9.782
15.744, -11.592
15.759, -10.392
15.778, -8.882
15.793, -7.682
15.528, -12.796
15.546, -11.296
15.572, -9.186
15.58, -8.587
15.542, -11.596
15.576, -8.886
15.587, -7.987
15.561, -10.086
15.557, -10.396
15.565, -9.786
15.583, -8.287
15.569, -9.486
15.539, -11.896
15.535, -12.196
15.554, -10.696
15.598, -7.087
15.531, -12.496
15.55, -10.996
15.595, -7.387
15.591, -7.687
15.352, -10.701
15.337, -11.9
15.333, -12.2
15.326, -12.8
15.393, -7.391
15.33, -12.5
15.344, -11.301
15.356, -10.401
15.382, -8.291
15.385, -7.991
15.341, -11.6
15.374, -8.891
15.397, -7.091
15.37, -9.191
15.378, -8.591
15.359, -10.091
15.367, -9.491
15.363, -9.791
15.348, -11.001
15.389, -7.691
15.172, -8.895
15.165, -9.495
15.143, -11.305
15.195, -7.095
15.158, -10.095
15.131, -12.205
15.124, -12.805
15.176, -8.595
15.139, -11.605
15.18, -8.295
15.191, -7.395
15.187, -7.695
15.128, -12.505
15.15, -10.705
15.135, -11.905
15.154, -10.405
15.161, -9.795
15.169, -9.195
15.146, -11.005
15.184, -7.995
14.945, -11.009
14.923, -12.809
14.971, -8.899
14.975, -8.599
14.93, -12.209
14.934, -11.909
14.986, -7.699
14.994, -7.1
14.927, -12.509
14.968, -9.199
14.99, -7.399
14.953, -10.409
14.941, -11.309
14.979, -8.299
14.96, -9.799
14.982, -7.999
14.964, -9.499
14.956, -10.099
14.938, -11.609
14.949, -10.709
14.725, -12.513
14.729, -12.213
14.751, -10.413
14.773, -8.604
14.721, -12.813
14.747, -10.713
14.732, -11.913
14.792, -7.104
14.74, -11.313
14.781, -8.004
14.758, -9.803
14.736, -11.613
14.784, -7.704
14.743, -11.013
14.777, -8.304
14.755, -10.103
14.762, -9.503
14.766, -9.203
14.769, -8.903
14.788, -7.404
14.487, -9.809
14.517, -7.41
14.454, -12.519
14.461, -11.919
14.506, -8.31
14.465, -11.619
14.476, -10.719
14.502, -8.61
14.484, -10.109
14.513, -7.71
14.499, -8.909
14.458, -12.219
14.469, -11.319
14.521, -7.11
14.472, -11.019
14.51, -8.01
14.48, -10.419
14.491, -9.509
14.495, -9.209
14.293, -9.214
14.256, -12.223
14.278, -10.424
14.274, -10.724
14.252, -12.523
14.304, -8.314
14.289, -9.514
14.267, -11.323
14.3, -8.614
14.263, -11.623
14.271, -11.023
14.315, -7.414
14.308, -8.014
14.259, -11.923
14.286, -9.814
14.297, -8.914
14.282, -10.113
14.312, -7.714
14.319, -7.114
14.05, -12.528
14.08, -10.118
14.088, -9.518
14.099, -8.618
14.095, -8.918
14.091, -9.218
14.069, -11.028
14.073, -10.728
14.065, -11.328
14.117, -7.118
14.106, -8.018
14.076, -10.428
14.058, -11.928
14.102, -8.318
14.114, -7.418
14.054, -12.228
14.11, -7.718
14.061, -11.628
14.084, -9.818
13.856, -11.932
13.893, -8.922
13.848, -12.532
13.908, -7.722
13.871, -10.732
13.912, -7.422
13.889, -9.222
13.867, -11.032
13.886, -9.522
13.863, -11.332
13.86, -11.632
13.874, -10.432
13.897, -8.622
13.852, -12.232
13.915, -7.122
13.878, -10.122
13.901, -8.322
13.904, -8.022
13.882, -9.822
13.684, -9.526
13.662, -11.336
13.688, -9.226
13.691, -8.926
13.676, -10.126
13.665, -11.036
13.702, -8.026
13.706, -7.726
13.68, -9.826
13.669, -10.736
13.658, -11.636
13.714, -7.127
13.647, -12.536
13.699, -8.326
13.71, -7.427
13.695, -8.626
13.65, -12.236
13.673, -10.436
13.654, -11.936
17.095, -19.327
17.135, -19.029
17.174, -18.732
17.213, -18.435
17.331, -17.543
17.489, -16.343
17.724, -14.559
17.45, -16.641
17.528, -16.046
17.37, -17.245
17.252, -18.137
17.685, -14.857
17.842, -13.667
17.607, -15.451
17.567, -15.749
17.409, -16.948
17.764, -14.262
17.803, -13.964
17.292, -17.84
17.646, -15.154
17.052, -18.114
17.367, -15.725
16.973, -18.709
17.406, -15.428
17.209, -16.925
17.446, -15.131
17.289, -16.32
17.603, -13.941
17.13, -17.52
17.17, -17.222
17.013, -18.412
17.485, -14.833
17.642, -13.644
17.328, -16.023
16.934, -19.006
17.524, -14.536
17.563, -14.239
17.249, -16.618
17.091, -17.817
16.895, -19.304
16.773, -18.686
17.441, -13.621
17.167, -15.702
17.127, -16
17.245, -15.108
17.363, -14.216
17.284, -14.81
17.206, -15.405
16.969, -17.199
17.088, -16.297
16.93, -17.496
16.694, -19.28
16.734, -18.983
17.402, -13.918
17.324, -14.513
17.008, -16.902
16.891, -17.794
16.851, -18.091
16.812, -18.388
17.049, -16.594
16.533, -18.96
16.73, -17.473
16.651, -18.068
16.769, -17.176
16.69, -17.771
16.494, -19.257
16.808, -16.878
17.202, -13.895
17.123, -14.49
17.162, -14.192
17.005, -15.382
16.888, -16.274
17.045, -15.084
16.849, -16.571
16.612, -18.365
16.572, -18.663
16.966, -15.679
16.927, -15.976
17.084, -14.787
17.241, -13.598
16.883, -14.764
16.451, -18.045
16.372, -18.64
16.648, -16.548
16.529, -17.45
16.962, -14.169
16.411, -18.342
16.333, -18.937
16.766, -15.656
16.844, -15.061
16.805, -15.359
16.607, -16.855
16.923, -14.467
16.49, -17.747
16.727, -15.953
17.04, -13.575
17.001, -13.872
16.293, -19.234
16.568, -17.153
16.687, -16.251
16.329, -17.427
16.604, -15.335
16.289, -17.724
16.565, -15.633
16.407, -16.832
16.722, -14.444
16.211, -18.319
16.84, -13.551
16.644, -15.038
16.487, -16.228
16.172, -18.616
16.801, -13.849
16.132, -18.914
16.368, -17.13
16.683, -14.741
16.526, -15.93
16.762, -14.146
16.093, -19.211
16.448, -16.525
16.25, -18.022
16.089, -17.702
16.601, -13.827
16.326, -15.908
16.522, -14.422
16.287, -16.206
16.128, -17.405
16.011, -18.297
15.932, -18.892
16.207, -16.81
16.248, -16.503
16.561, -14.124
16.64, -13.53
16.483, -14.719
16.404, -15.314
16.05, -18
16.444, -15.016
16.365, -15.611
15.893, -19.189
15.972, -18.595
16.168, -17.108
16.204, -15.291
16.283, -14.696
16.126, -15.885
16.439, -13.506
15.928, -17.382
16.4, -13.804
16.165, -15.588
16.243, -14.993
15.771, -18.571
15.967, -17.085
16.322, -14.399
15.693, -19.166
15.732, -18.869
16.361, -14.101
15.85, -17.977
16.007, -16.787
15.889, -17.679
16.047, -16.48
15.81, -18.274
16.086, -16.183
16.13, -13.774
15.816, -16.153
15.501, -18.541
15.934, -15.26
16.169, -13.476
15.422, -19.136
15.54, -18.244
15.658, -17.352
15.697, -17.055
16.091, -14.071
16.052, -14.368
15.895, -15.558
16.012, -14.666
15.736, -16.757
15.462, -18.839
15.619, -17.649
15.973, -14.963
15.777, -16.45
15.855, -15.855
15.579, -17.947
15.655, -15.832
15.34, -18.221
15.261, -18.816
15.222, -19.113
15.536, -16.734
15.457, -17.329
15.418, -17.626
15.379, -17.923
15.616, -16.129
15.812, -14.643
15.773, -14.94
15.969, -13.453
15.89, -14.048
15.93, -13.751
15.576, -16.427
15.733, -15.237
15.497, -17.031
15.694, -15.535
15.851, -14.345
15.3, -18.518
15.768, -13.43
15.218, -17.603
15.454, -15.809
15.494, -15.512
15.296, -17.008
15.729, -13.727
15.061, -18.792
15.1, -18.495
15.257, -17.306
15.611, -14.62
15.651, -14.322
15.376, -16.404
15.139, -18.198
15.572, -14.917
15.022, -19.09
15.415, -16.106
15.178, -17.9
15.335, -16.711
15.533, -15.214
15.69, -14.025
14.821, -19.067
15.017, -17.58
15.293, -15.488
15.372, -14.894
14.978, -17.877
15.332, -15.191
15.45, -14.299
15.175, -16.38
15.135, -16.688
15.215, -16.083
15.411, -14.596
15.254, -15.786
14.939, -18.175
14.899, -18.472
15.096, -16.985
15.568, -13.407
14.86, -18.769
15.056, -17.282
15.529, -13.704
15.489, -14.002
14.895, -16.962
14.738, -18.151
14.699, -18.449
14.621, -19.044
15.328, -13.681
14.66, -18.746
14.817, -17.557
14.934, -16.665
15.21, -14.573
15.25, -14.276
14.778, -17.854
15.132, -15.168
15.367, -13.384
15.093, -15.465
15.171, -14.871
14.975, -16.357
15.053, -15.763
15.014, -16.06
14.856, -17.259
15.289, -13.979
14.931, -15.145
14.853, -15.739
14.616, -17.534
15.167, -13.361
14.775, -16.334
14.499, -18.426
14.42, -19.02
14.971, -14.847
14.577, -17.831
15.01, -14.55
15.128, -13.658
15.088, -13.955
14.459, -18.723
14.695, -16.939
14.538, -18.128
14.734, -16.641
14.814, -16.037
14.892, -15.442
14.656, -17.236
15.049, -14.253
14.456, -17.214
14.22, -18.999
14.732, -15.123
14.771, -14.826
14.299, -18.404
14.338, -18.106
14.888, -13.934
14.967, -13.339
14.259, -18.701
14.692, -15.42
14.928, -13.636
14.534, -16.62
14.416, -17.512
14.81, -14.528
14.614, -16.015
14.849, -14.231
14.653, -15.718
14.575, -16.312
14.377, -17.809
14.495, -16.917
14.059, -18.678
14.098, -18.381
14.333, -16.597
14.57, -14.803
14.02, -18.975
14.294, -16.894
14.137, -18.083
14.766, -13.316
14.216, -17.489
14.649, -14.208
14.413, -15.992
14.177, -17.786
14.688, -13.91
14.255, -17.191
14.609, -14.505
14.374, -16.289
14.453, -15.694
14.492, -15.397
14.531, -15.1
14.727, -13.613
14.144, -15.964
14.458, -13.585
13.789, -18.65
13.868, -18.055
14.34, -14.477
13.907, -17.758
14.025, -16.866
14.301, -14.775
14.105, -16.261
14.418, -13.882
14.262, -15.072
13.829, -18.353
13.946, -17.461
14.497, -13.288
13.986, -17.163
14.379, -14.18
14.064, -16.569
14.183, -15.666
14.222, -15.369
14.022, -15.346
13.628, -18.33
13.864, -16.545
13.824, -16.843
13.589, -18.627
14.14, -14.454
13.983, -15.643
13.746, -17.437
14.1, -14.751
13.707, -17.735
13.785, -17.14
14.257, -13.562
14.179, -14.157
13.667, -18.032
13.943, -15.941
14.061, -15.049
13.904, -16.238
14.218, -13.859
14.297, -13.265
13.388, -18.604
13.704, -16.215
13.782, -15.62
13.9, -14.728
13.861, -15.026
13.821, -15.323
13.585, -17.117
13.624, -16.82
13.545, -17.414
14.096, -13.241
13.978, -14.134
13.663, -16.522
13.467, -18.009
13.939, -14.431
14.057, -13.539
13.428, -18.306
14.017, -13.836
13.506, -17.712
13.743, -15.918
13.266, -17.986
13.66, -15.002
13.188, -18.581
13.817, -13.813
13.423, -16.796
13.856, -13.516
13.621, -15.3
13.384, -17.094
13.582, -15.597
13.345, -17.391
13.306, -17.689
13.463, -16.499
13.699, -14.705
13.227, -18.283
13.896, -13.218
13.503, -16.192
13.739, -14.408
13.778, -14.11
13.542, -15.894
13.381, -15.574
13.144, -17.368
13.42, -15.277
13.46, -14.979
13.303, -16.169
13.184, -17.071
13.577, -14.087
13.617, -13.79
13.342, -15.871
13.223, -16.773
13.105, -17.665
13.695, -13.195
12.987, -18.558
13.538, -14.385
13.656, -13.493
13.499, -14.682
13.027, -18.26
13.262, -16.476
13.066, -17.963
17.187, -20.07
17.126, -20.388
17.044, -20.677
16.962, -20.965
16.879, -21.253
16.797, -21.542
16.712, -21.84
16.629, -22.128
16.547, -22.416
16.464, -22.705
16.382, -22.993
16.3, -23.282
16.217, -23.57
16.131, -23.873
16.037, -24.215
15.936, -24.577
15.828, -24.921
15.74, -24.532
15.84, -24.169
15.935, -23.827
16.93, -20.343
16.848, -20.631
16.766, -20.919
16.683, -21.208
16.601, -21.496
16.515, -21.794
16.433, -22.083
16.351, -22.371
16.268, -22.659
16.186, -22.948
16.103, -23.236
16.021, -23.524
16.991, -20.025
15.543, -24.486
15.644, -24.124
15.738, -23.782
16.734, -20.297
16.652, -20.586
16.569, -20.874
16.487, -21.162
16.405, -21.451
16.319, -21.749
16.237, -22.037
16.154, -22.326
16.072, -22.614
15.99, -22.902
15.907, -23.191
15.825, -23.479
16.795, -19.979
15.347, -24.441
15.448, -24.078
15.542, -23.736
16.538, -20.252
16.456, -20.54
16.373, -20.829
16.291, -21.117
16.208, -21.405
16.123, -21.703
16.041, -21.992
15.958, -22.28
15.876, -22.569
15.793, -22.857
15.711, -23.145
15.629, -23.433
16.599, -19.934
15.151, -24.395
15.252, -24.033
15.346, -23.691
16.342, -20.206
16.259, -20.495
16.177, -20.783
16.094, -21.071
16.012, -21.36
15.927, -21.658
15.845, -21.946
15.762, -22.235
15.68, -22.523
15.597, -22.811
15.515, -23.1
15.433, -23.388
16.402, -19.888
14.955, -24.35
15.055, -23.988
15.15, -23.645
16.146, -20.161
16.063, -20.449
15.981, -20.738
15.898, -21.026
15.816, -21.314
15.731, -21.612
15.648, -21.901
15.566, -22.189
15.483, -22.477
15.401, -22.766
15.319, -23.054
15.236, -23.342
16.206, -19.843
14.86, -23.941
14.954, -23.599
15.95, -20.114
15.868, -20.403
15.785, -20.691
15.703, -20.98
15.62, -21.268
15.535, -21.566
15.453, -21.854
15.37, -22.142
15.288, -22.431
15.205, -22.719
15.123, -23.008
15.04, -23.296
16.011, -19.797
14.664, -23.896
14.758, -23.553
15.754, -20.069
15.671, -20.357
15.589, -20.646
15.507, -20.934
15.424, -21.222
15.339, -21.52
15.256, -21.809
15.174, -22.097
15.092, -22.386
15.009, -22.674
14.927, -22.962
14.844, -23.25
15.815, -19.751
14.4, -23.833
14.494, -23.491
15.49, -20.007
15.407, -20.295
15.325, -20.584
15.242, -20.872
15.16, -21.16
15.075, -21.458
14.992, -21.747
14.91, -22.035
14.827, -22.323
14.745, -22.612
14.663, -22.9
14.58, -23.188
14.203, -23.788
14.298, -23.446
15.293, -19.961
15.211, -20.25
15.128, -20.538
15.046, -20.826
14.964, -21.115
14.878, -21.413
14.796, -21.701
14.714, -21.989
14.631, -22.278
14.549, -22.566
14.466, -22.855
14.384, -23.143
14.007, -23.742
14.101, -23.4
15.097, -19.916
15.015, -20.204
14.932, -20.492
14.85, -20.781
14.768, -21.069
14.682, -21.367
14.6, -21.656
14.517, -21.944
14.435, -22.232
14.353, -22.521
14.27, -22.809
14.188, -23.097
13.811, -23.697
13.905, -23.355
14.901, -19.87
14.819, -20.159
14.736, -20.447
14.654, -20.735
14.571, -21.024
14.486, -21.322
14.404, -21.61
14.321, -21.898
14.239, -22.187
14.156, -22.475
14.074, -22.764
13.992, -23.052
13.615, -23.651
13.709, -23.309
14.705, -19.825
14.622, -20.113
14.54, -20.402
14.457, -20.69
14.375, -20.978
14.29, -21.276
14.207, -21.565
14.125, -21.853
14.043, -22.141
13.96, -22.43
13.878, -22.718
13.795, -23.006
13.418, -23.606
13.513, -23.264
14.509, -19.779
14.426, -20.068
14.344, -20.356
14.261, -20.644
14.179, -20.933
14.093, -21.231
14.011, -21.519
13.929, -21.808
13.846, -22.096
13.764, -22.384
13.681, -22.673
13.599, -22.961
13.317, -23.217
14.313, -19.733
14.231, -20.021
14.148, -20.31
14.066, -20.598
13.983, -20.886
13.898, -21.185
13.816, -21.473
13.733, -21.761
13.651, -22.049
13.568, -22.338
13.486, -22.626
13.403, -22.915
13.121, -23.172
14.117, -19.687
14.034, -19.976
13.952, -20.264
13.869, -20.552
13.787, -20.841
13.702, -21.139
13.619, -21.427
13.537, -21.716
13.455, -22.004
13.372, -22.292
13.29, -22.581
13.207, -22.869
12.858, -23.108
13.854, -19.624
13.771, -19.912
13.689, -20.2
13.524, -20.777
13.595, -20.472
13.439, -21.075
13.356, -21.364
13.274, -21.652
13.191, -21.94
13.109, -22.229
13.026, -22.517
12.944, -22.805
12.662, -23.063
13.657, -19.578
13.575, -19.867
13.493, -20.155
13.41, -20.443
13.328, -20.732
13.242, -21.03
13.16, -21.318
13.078, -21.606
12.995, -21.895
12.913, -22.183
12.83, -22.472
12.748, -22.76
13.461, -19.533
13.379, -19.821
13.296, -20.109
13.214, -20.398
13.132, -20.686
13.046, -20.984
12.964, -21.273
12.881, -21.561
12.799, -21.849
12.716, -22.138
12.634, -22.426
12.552, -22.714
13.265, -19.487
13.183, -19.776
13.1, -20.064
13.018, -20.352
12.935, -20.641
12.85, -20.939
12.768, -21.227
12.685, -21.516
12.603, -21.804
12.52, -22.092
12.438, -22.381
12.356, -22.669
13.069, -19.442
12.986, -19.73
12.904, -20.018
12.822, -20.307
12.739, -20.595
12.654, -20.893
12.571, -21.182
12.489, -21.47
12.407, -21.758
12.324, -22.047
12.242, -22.335
12.159, -22.623
14.474, -27.485
15.756, -25.752
15.596, -26.006
15.461, -26.317
15.247, -26.623
15.046, -26.914
14.788, -27.216
14.33, -27.346
15.584, -25.651
15.424, -25.905
15.298, -26.202
15.087, -26.503
14.889, -26.791
14.635, -27.088
15.351, -25.515
15.191, -25.768
15.077, -26.047
14.871, -26.341
14.676, -26.625
14.428, -26.915
14.186, -27.207
15.178, -25.414
15.018, -25.667
14.913, -25.932
14.711, -26.221
14.518, -26.502
14.274, -26.786
14.043, -27.067
15.005, -25.312
14.845, -25.566
14.749, -25.817
14.551, -26.101
14.36, -26.379
14.121, -26.658
13.849, -26.88
14.833, -25.211
14.673, -25.465
14.585, -25.702
14.391, -25.981
14.203, -26.256
13.968, -26.53
13.705, -26.741
14.66, -25.11
14.5, -25.364
14.422, -25.587
14.231, -25.861
14.045, -26.133
13.814, -26.401
13.561, -26.601
14.487, -25.009
14.303, -25.253
14.17, -25.479
14.071, -25.74
13.887, -26.01
13.661, -26.273
13.418, -26.462
14.315, -24.908
14.155, -25.162
13.911, -25.62
13.73, -25.887
13.507, -26.145
13.274, -26.323
14.142, -24.807
13.982, -25.061
13.751, -25.5
13.572, -25.764
13.354, -26.017
13.909, -24.671
13.749, -24.924
13.535, -25.339
13.359, -25.598
13.146, -25.844
13.736, -24.57
13.576, -24.823
13.375, -25.219
13.201, -25.475
12.993, -25.715
13.564, -24.469
13.404, -24.722
13.215, -25.099
13.044, -25.352
12.84, -25.587
13.391, -24.368
13.231, -24.621
13.055, -24.979
12.886, -25.229
12.686, -25.459
13.218, -24.267
13.058, -24.52
12.895, -24.859
12.728, -25.106
12.533, -25.33
13.331, -28.229
12.006, -28.786
11.698, -28.825
11.387, -28.906
11.052, -28.91
10.704, -28.934
10.331, -28.928
12.293, -28.743
12.809, -28.521
13.558, -28.099
13.083, -28.407
12.553, -28.643
12.253, -28.447
11.349, -28.625
11.024, -28.666
10.658, -28.674
10.308, -28.678
13.413, -27.888
13.096, -28.07
11.988, -28.501
11.657, -28.557
12.536, -28.349
12.839, -28.238
11.289, -28.378
10.968, -28.417
10.647, -28.427
10.271, -28.427
13.316, -27.708
13.05, -27.871
11.933, -28.264
11.619, -28.338
12.227, -28.212
12.796, -28.003
12.516, -28.115
11.236, -28.146
10.919, -28.184
10.603, -28.194
10.241, -28.192
13.159, -27.507
12.88, -27.667
11.923, -28.028
11.588, -28.118
12.261, -27.947
12.561, -27.814
11.201, -27.959
10.888, -27.997
10.575, -28.006
10.224, -28.004
13.029, -27.285
12.763, -27.452
11.874, -27.807
11.545, -27.91
12.176, -27.702
12.466, -27.573
11.165, -27.773
10.855, -27.811
10.546, -27.819
10.206, -27.816
12.949, -27.112
12.668, -27.254
11.824, -27.62
11.501, -27.692
12.112, -27.514
12.39, -27.377
11.13, -27.585
10.823, -27.623
10.518, -27.631
10.189, -27.627
12.915, -27.094
12.653, -27.224
11.805, -27.553
11.473, -27.613
12.094, -27.461
12.381, -27.354
11.097, -27.395
10.794, -27.432
10.492, -27.44
10.174, -27.435
12.875, -26.89
12.613, -27.02
11.764, -27.349
11.433, -27.409
12.054, -27.257
12.341, -27.15
12.794, -26.699
12.507, -26.861
11.666, -27.158
11.375, -27.233
11.954, -27.09
12.235, -26.982
11.065, -27.205
10.764, -27.241
10.466, -27.249
10.16, -27.244
12.672, -26.517
12.404, -26.655
11.608, -26.989
11.334, -27.046
11.887, -26.915
12.144, -26.82
11.013, -27.017
10.716, -27.053
10.422, -27.059
10.126, -27.052
12.5, -26.353
12.193, -26.532
11.592, -26.75
11.288, -26.809
11.905, -26.657
10.971, -26.815
10.678, -26.85
10.387, -26.857
10.104, -26.849
12.387, -26.15
12.111, -26.313
11.542, -26.526
11.26, -26.579
11.83, -26.465
10.944, -26.599
10.654, -26.634
10.368, -26.64
10.097, -26.632
12.265, -25.962
12.005, -26.131
11.485, -26.316
11.222, -26.372
11.756, -26.259
10.915, -26.384
10.63, -26.419
10.347, -26.425
10.089, -26.416
12.147, -25.802
11.902, -25.937
11.429, -26.109
11.18, -26.186
11.669, -26.029
10.885, -26.196
10.603, -26.231
10.324, -26.237
10.078, -26.228
12.017, -25.633
11.75, -25.779
11.442, -25.892
11.152, -25.968
10.855, -26.009
10.576, -26.043
10.301, -26.049
10.065, -26.04
7.135, -28.463
6.835, -28.463
3.502, -28.476
3.202, -28.465
6.525, -28.463
6.225, -28.463
5.925, -28.463
5.625, -28.462
5.325, -28.462
5.025, -28.462
4.725, -28.462
4.425, -28.462
4.125, -28.462
2.893, -28.452
2.593, -28.441
2.293, -28.429
1.994, -28.417
1.694, -28.405
1.394, -28.393
1.095, -28.381
0.795, -28.369
0.495, -28.358
7.131, -28.261
6.831, -28.261
3.5, -28.274
3.2, -28.262
6.521, -28.261
6.221, -28.261
5.921, -28.261
5.621, -28.26
5.321, -28.26
5.021, -28.26
4.721, -28.26
4.421, -28.26
4.121, -28.26
2.89, -28.25
2.591, -28.238
2.291, -28.226
1.991, -28.214
1.692, -28.203
1.392, -28.191
1.092, -28.179
0.793, -28.167
0.493, -28.155
7.126, -28.059
6.826, -28.059
3.497, -28.071
3.198, -28.06
6.516, -28.059
6.216, -28.059
5.916, -28.059
5.616, -28.059
5.316, -28.058
5.016, -28.058
4.716, -28.058
4.416, -28.058
4.116, -28.058
2.888, -28.047
2.588, -28.036
2.289, -28.024
1.989, -28.012
1.689, -28
1.39, -27.988
1.09, -27.976
0.79, -27.964
0.49, -27.953
7.122, -27.857
6.822, -27.857
3.495, -27.869
3.195, -27.857
6.512, -27.857
6.212, -27.857
5.912, -27.857
5.612, -27.857
5.312, -27.856
5.012, -27.856
4.712, -27.856
4.412, -27.856
4.112, -27.856
2.886, -27.845
2.586, -27.833
2.286, -27.821
1.987, -27.809
1.687, -27.798
1.387, -27.786
1.087, -27.774
0.788, -27.762
0.488, -27.75
7.117, -27.655
6.817, -27.655
3.492, -27.666
3.193, -27.655
6.507, -27.655
6.207, -27.655
5.907, -27.655
5.608, -27.655
5.308, -27.655
5.008, -27.654
4.708, -27.654
4.408, -27.654
4.108, -27.654
2.883, -27.642
2.583, -27.631
2.284, -27.619
1.984, -27.607
1.684, -27.595
1.385, -27.583
1.085, -27.571
0.785, -27.559
0.486, -27.548
7.113, -27.454
6.813, -27.453
3.49, -27.464
3.19, -27.452
6.503, -27.453
6.203, -27.453
5.903, -27.453
5.603, -27.453
5.303, -27.453
5.003, -27.452
4.703, -27.452
4.403, -27.452
4.103, -27.452
2.881, -27.44
2.581, -27.428
2.281, -27.416
1.982, -27.404
1.682, -27.392
1.382, -27.381
1.083, -27.369
0.783, -27.357
0.483, -27.345
7.108, -27.252
6.808, -27.252
3.489, -27.262
3.189, -27.25
6.498, -27.252
6.198, -27.252
5.898, -27.252
5.598, -27.251
5.298, -27.251
4.998, -27.251
4.698, -27.251
4.398, -27.251
4.098, -27.251
2.879, -27.238
2.58, -27.226
2.28, -27.214
1.98, -27.203
1.681, -27.191
1.381, -27.179
1.081, -27.167
0.782, -27.155
0.482, -27.143
7.103, -27.05
6.803, -27.05
3.486, -27.06
3.187, -27.048
6.493, -27.05
6.193, -27.05
5.893, -27.05
5.593, -27.05
5.293, -27.049
4.993, -27.049
4.693, -27.049
4.394, -27.049
4.094, -27.049
2.877, -27.036
2.577, -27.024
2.278, -27.012
1.978, -27
1.678, -26.988
1.379, -26.976
1.079, -26.965
0.779, -26.953
0.48, -26.941
7.097, -26.778
6.797, -26.778
3.484, -26.787
3.185, -26.775
6.487, -26.778
6.187, -26.778
5.887, -26.778
5.587, -26.778
5.287, -26.777
4.987, -26.777
4.687, -26.777
4.387, -26.777
4.087, -26.777
2.875, -26.763
2.575, -26.751
2.275, -26.739
1.976, -26.728
1.676, -26.716
1.376, -26.704
1.077, -26.692
0.777, -26.68
0.477, -26.668
7.092, -26.576
6.792, -26.576
3.482, -26.585
3.182, -26.573
6.482, -26.576
6.182, -26.576
5.882, -26.576
5.582, -26.575
5.282, -26.575
4.982, -26.575
4.682, -26.575
4.382, -26.575
4.082, -26.575
2.872, -26.561
2.573, -26.549
2.273, -26.537
1.973, -26.525
1.674, -26.513
1.374, -26.501
1.074, -26.49
0.775, -26.478
0.475, -26.466
7.088, -26.374
6.788, -26.374
3.479, -26.382
3.18, -26.37
6.478, -26.374
6.178, -26.374
5.878, -26.374
5.578, -26.374
5.278, -26.373
4.978, -26.373
4.678, -26.373
4.378, -26.373
4.078, -26.373
2.87, -26.358
2.57, -26.346
2.271, -26.334
1.971, -26.322
1.671, -26.311
1.372, -26.299
1.072, -26.287
0.772, -26.275
0.473, -26.263
7.084, -26.173
6.784, -26.172
3.477, -26.18
3.177, -26.168
6.474, -26.172
6.174, -26.172
5.874, -26.172
5.574, -26.172
5.274, -26.172
4.974, -26.171
4.674, -26.171
4.374, -26.171
4.074, -26.171
2.868, -26.156
2.568, -26.144
2.268, -26.132
1.969, -26.12
1.669, -26.108
1.369, -26.096
1.069, -26.084
0.77, -26.073
0.47, -26.061
7.079, -25.971
6.779, -25.97
3.475, -25.977
3.175, -25.965
6.469, -25.97
6.169, -25.97
5.869, -25.97
5.569, -25.97
5.269, -25.97
4.969, -25.969
4.669, -25.969
4.369, -25.969
4.069, -25.969
2.865, -25.953
2.565, -25.941
2.266, -25.929
1.966, -25.918
1.666, -25.906
1.367, -25.894
1.067, -25.882
0.767, -25.87
0.468, -25.858
4.069, -25.969
7.075, -25.769
6.775, -25.768
3.472, -25.775
3.172, -25.763
6.465, -25.768
6.165, -25.768
5.865, -25.768
5.565, -25.768
5.265, -25.768
4.965, -25.767
4.665, -25.767
4.365, -25.767
4.065, -25.767
2.863, -25.75
2.563, -25.739
2.263, -25.727
1.964, -25.715
1.664, -25.703
1.364, -25.691
1.065, -25.679
0.765, -25.668
0.465, -25.656
4.065, -25.767
7.069, -25.567
6.769, -25.567
3.471, -25.573
3.171, -25.561
6.459, -25.567
6.159, -25.567
5.86, -25.567
5.56, -25.567
5.26, -25.566
4.96, -25.566
4.66, -25.566
4.36, -25.566
4.06, -25.566
2.861, -25.549
2.562, -25.537
2.262, -25.525
1.962, -25.513
1.663, -25.501
1.363, -25.49
1.063, -25.478
0.764, -25.466
0.464, -25.454
4.06, -25.566
7.065, -25.365
6.765, -25.365
3.468, -25.371
3.169, -25.359
6.455, -25.365
6.155, -25.365
5.855, -25.365
5.555, -25.365
5.255, -25.364
4.955, -25.364
4.655, -25.364
4.355, -25.364
4.055, -25.364
2.859, -25.346
2.559, -25.335
2.26, -25.323
1.96, -25.311
1.66, -25.299
1.361, -25.287
1.061, -25.275
0.761, -25.263
4.055, -25.364
7.057, -25.095
6.757, -25.094
3.468, -25.099
3.168, -25.088
6.447, -25.094
6.147, -25.094
5.847, -25.094
5.547, -25.094
5.247, -25.094
4.947, -25.093
4.647, -25.093
4.347, -25.093
2.859, -25.075
2.559, -25.064
2.259, -25.052
1.959, -25.04
1.66, -25.028
1.36, -25.016
1.06, -25.004
0.761, -24.992
4.071, -25.093
7.053, -24.893
6.753, -24.892
3.466, -24.897
3.166, -24.885
6.443, -24.892
6.143, -24.892
5.843, -24.892
5.543, -24.892
5.243, -24.892
4.943, -24.892
4.643, -24.891
4.343, -24.891
2.856, -24.873
2.556, -24.861
2.257, -24.849
1.957, -24.837
1.657, -24.825
1.358, -24.814
1.058, -24.802
0.758, -24.79
4.068, -24.89
4.057, -24.734
7.048, -24.691
6.748, -24.691
3.463, -24.694
3.163, -24.683
6.438, -24.69
6.138, -24.69
5.838, -24.69
5.538, -24.69
5.238, -24.69
4.938, -24.69
4.638, -24.689
4.338, -24.689
2.854, -24.67
2.554, -24.658
2.254, -24.647
1.955, -24.635
1.655, -24.623
1.355, -24.611
1.056, -24.599
0.756, -24.587
4.052, -24.533
7.044, -24.489
6.744, -24.489
3.461, -24.492
3.161, -24.48
6.434, -24.488
6.134, -24.488
5.834, -24.488
5.534, -24.488
5.234, -24.488
4.934, -24.488
4.634, -24.488
4.334, -24.487
2.851, -24.468
2.552, -24.456
2.252, -24.444
1.952, -24.432
1.653, -24.42
1.353, -24.409
1.053, -24.397
0.754, -24.385
4.047, -24.331
7.039, -24.287
6.739, -24.287
3.458, -24.289
3.159, -24.278
6.429, -24.287
6.129, -24.286
5.829, -24.286
5.53, -24.286
5.23, -24.286
4.93, -24.286
4.63, -24.286
4.33, -24.285
2.849, -24.265
2.549, -24.254
2.25, -24.242
1.95, -24.23
1.65, -24.218
1.351, -24.206
1.051, -24.194
0.751, -24.182
-4.287, -28.42
-4.587, -28.411
-3.543, -28.444
-3.243, -28.44
-4.897, -28.402
-5.197, -28.393
-5.497, -28.384
-5.797, -28.375
-6.097, -28.366
-6.397, -28.357
-6.696, -28.348
-6.996, -28.339
-7.296, -28.33
-2.933, -28.436
-2.633, -28.433
-2.333, -28.429
-2.033, -28.425
-1.733, -28.421
-1.433, -28.417
-1.133, -28.414
-0.834, -28.41
-0.533, -28.406
-4.289, -28.219
-4.588, -28.21
-3.541, -28.227
-3.241, -28.223
-4.898, -28.201
-5.198, -28.192
-5.498, -28.183
-5.798, -28.174
-6.098, -28.165
-6.398, -28.156
-6.697, -28.147
-6.997, -28.138
-7.297, -28.129
-2.931, -28.219
-2.631, -28.215
-2.331, -28.212
-2.031, -28.208
-1.731, -28.204
-1.431, -28.2
-1.131, -28.196
-0.831, -28.193
-0.531, -28.189
-4.29, -28.018
-4.589, -28.009
-3.539, -28.01
-3.239, -28.006
-4.899, -28
-5.199, -27.991
-5.499, -27.982
-5.799, -27.973
-6.099, -27.964
-6.399, -27.955
-6.698, -27.946
-6.998, -27.937
-7.298, -27.928
-2.929, -28.002
-2.629, -27.998
-2.329, -27.994
-2.029, -27.99
-1.729, -27.987
-1.429, -27.983
-1.129, -27.979
-0.829, -27.975
-0.529, -27.972
-4.291, -27.817
-4.59, -27.808
-3.536, -27.792
-3.236, -27.789
-4.9, -27.799
-5.2, -27.79
-5.5, -27.781
-5.8, -27.772
-6.1, -27.763
-6.4, -27.754
-6.7, -27.745
-6.999, -27.736
-7.299, -27.727
-2.926, -27.785
-2.626, -27.781
-2.326, -27.777
-2.026, -27.773
-1.726, -27.77
-1.426, -27.766
-1.126, -27.762
-0.826, -27.758
-0.526, -27.754
-4.292, -27.616
-4.592, -27.607
-3.534, -27.575
-3.234, -27.571
-4.901, -27.598
-5.201, -27.589
-5.501, -27.58
-5.801, -27.571
-6.101, -27.562
-6.401, -27.553
-6.701, -27.544
-7, -27.535
-7.3, -27.526
-2.924, -27.567
-2.624, -27.564
-2.324, -27.56
-2.024, -27.556
-1.724, -27.552
-1.424, -27.548
-1.124, -27.545
-0.824, -27.541
-0.524, -27.537
-4.293, -27.415
-4.593, -27.407
-3.531, -27.358
-3.231, -27.354
-4.902, -27.397
-5.202, -27.388
-5.502, -27.379
-5.802, -27.37
-6.102, -27.361
-6.402, -27.352
-6.702, -27.343
-7.001, -27.334
-7.301, -27.325
-2.921, -27.35
-2.621, -27.346
-2.321, -27.343
-2.021, -27.339
-1.721, -27.335
-1.421, -27.331
-1.121, -27.327
-0.821, -27.324
-0.521, -27.32
-4.294, -27.215
-4.594, -27.206
-3.528, -27.187
-3.228, -27.183
-4.903, -27.197
-5.203, -27.188
-5.503, -27.179
-5.803, -27.17
-6.103, -27.161
-6.403, -27.152
-6.703, -27.143
-7.003, -27.134
-7.302, -27.125
-2.918, -27.179
-2.618, -27.175
-2.318, -27.171
-2.018, -27.167
-1.718, -27.164
-1.418, -27.16
-1.118, -27.156
-0.818, -27.152
-0.518, -27.148
-4.295, -27.014
-4.595, -27.005
-3.526, -26.969
-3.226, -26.966
-4.904, -26.996
-5.204, -26.987
-5.504, -26.978
-5.804, -26.969
-6.104, -26.96
-6.404, -26.951
-6.704, -26.942
-7.004, -26.933
-7.303, -26.924
-2.916, -26.962
-2.616, -26.958
-2.316, -26.954
-2.016, -26.95
-1.716, -26.946
-1.416, -26.943
-1.116, -26.939
-0.816, -26.935
-0.516, -26.931
-4.296, -26.743
-4.596, -26.734
-3.522, -26.715
-3.222, -26.711
-4.906, -26.725
-5.206, -26.716
-5.506, -26.707
-5.805, -26.698
-6.105, -26.689
-6.405, -26.68
-6.705, -26.671
-7.005, -26.662
-7.305, -26.653
-2.912, -26.707
-2.612, -26.704
-2.312, -26.7
-2.012, -26.696
-1.712, -26.692
-1.412, -26.688
-1.112, -26.685
-0.812, -26.681
-0.512, -26.677
-4.297, -26.542
-4.597, -26.533
-3.52, -26.498
-3.22, -26.494
-4.907, -26.524
-5.207, -26.515
-5.507, -26.506
-5.807, -26.497
-6.106, -26.488
-6.406, -26.479
-6.706, -26.47
-7.006, -26.461
-7.306, -26.452
-2.91, -26.49
-2.61, -26.486
-2.31, -26.483
-2.01, -26.479
-1.71, -26.475
-1.41, -26.471
-1.11, -26.467
-0.81, -26.464
-0.51, -26.46
-4.298, -26.341
-4.598, -26.332
-3.517, -26.281
-3.217, -26.277
-4.908, -26.323
-5.208, -26.314
-5.508, -26.305
-5.808, -26.296
-6.107, -26.287
-6.407, -26.278
-6.707, -26.269
-7.007, -26.26
-7.307, -26.251
-2.907, -26.273
-2.607, -26.269
-2.307, -26.265
-2.007, -26.261
-1.707, -26.258
-1.407, -26.254
-1.107, -26.25
-0.807, -26.246
-0.507, -26.242
-4.299, -26.14
-4.599, -26.132
-3.515, -26.063
-3.215, -26.06
-4.909, -26.122
-5.209, -26.113
-5.509, -26.104
-5.809, -26.095
-6.109, -26.086
-6.408, -26.077
-6.708, -26.068
-7.008, -26.059
-7.308, -26.05
-2.905, -26.056
-2.605, -26.052
-2.305, -26.048
-2.005, -26.044
-1.705, -26.04
-1.405, -26.037
-1.105, -26.033
-0.805, -26.029
-0.505, -26.025
-4.3, -25.94
-4.6, -25.931
-3.513, -25.846
-3.213, -25.842
-4.91, -25.921
-5.21, -25.912
-5.51, -25.903
-5.81, -25.894
-6.11, -25.885
-6.409, -25.876
-6.709, -25.868
-7.009, -25.859
-7.309, -25.85
-2.903, -25.838
-2.603, -25.835
-2.303, -25.831
-2.003, -25.827
-1.703, -25.823
-1.403, -25.819
-1.103, -25.816
-0.803, -25.812
-0.503, -25.808
-4.301, -25.739
-4.601, -25.73
-3.51, -25.629
-3.21, -25.625
-4.911, -25.72
-5.211, -25.711
-5.511, -25.702
-5.811, -25.694
-6.111, -25.685
-6.411, -25.676
-6.71, -25.667
-7.01, -25.658
-7.31, -25.649
-2.9, -25.621
-2.6, -25.617
-2.3, -25.614
-2, -25.61
-1.7, -25.606
-1.4, -25.602
-1.1, -25.598
-0.8, -25.595
-0.5, -25.591
-4.302, -25.538
-4.602, -25.529
-3.507, -25.458
-3.207, -25.454
-4.912, -25.52
-5.212, -25.511
-5.512, -25.502
-5.812, -25.493
-6.112, -25.484
-6.412, -25.475
-6.711, -25.466
-7.011, -25.457
-7.311, -25.448
-2.897, -25.45
-2.597, -25.446
-2.297, -25.442
-1.997, -25.438
-1.697, -25.435
-1.397, -25.431
-1.097, -25.427
-0.797, -25.423
-0.497, -25.419
-4.304, -25.337
-4.603, -25.328
-3.505, -25.24
-3.205, -25.237
-4.913, -25.319
-5.213, -25.31
-5.513, -25.301
-5.813, -25.292
-6.113, -25.283
-6.413, -25.274
-6.713, -25.265
-7.012, -25.256
-7.312, -25.247
-2.895, -25.233
-2.595, -25.229
-2.295, -25.225
-1.995, -25.221
-1.695, -25.217
-1.395, -25.214
-1.095, -25.21
-0.795, -25.206
-7.298, -25.023
-4.305, -25.067
-4.605, -25.058
-3.5, -25.06
-3.2, -25.056
-4.915, -25.049
-5.215, -25.04
-5.514, -25.031
-5.814, -25.022
-6.114, -25.013
-6.414, -25.004
-6.714, -24.995
-7.014, -24.986
-2.89, -25.052
-2.59, -25.048
-2.29, -25.044
-1.99, -25.04
-1.69, -25.037
-1.39, -25.033
-1.09, -25.029
-0.79, -25.025
-7.299, -24.822
-4.306, -24.866
-4.606, -24.857
-3.497, -24.842
-3.197, -24.839
-4.916, -24.848
-5.216, -24.839
-5.515, -24.83
-5.815, -24.821
-6.115, -24.812
-6.415, -24.803
-6.715, -24.794
-7.015, -24.785
-2.887, -24.835
-2.587, -24.831
-2.287, -24.827
-1.988, -24.823
-1.687, -24.819
-1.387, -24.816
-1.088, -24.812
-0.788, -24.808
-4.307, -24.665
-4.607, -24.656
-3.495, -24.625
-3.195, -24.621
-4.917, -24.647
-5.217, -24.638
-5.516, -24.629
-5.816, -24.62
-6.116, -24.611
-6.416, -24.602
-6.716, -24.593
-7.016, -24.584
-2.885, -24.617
-2.585, -24.614
-2.285, -24.61
-1.985, -24.606
-1.685, -24.602
-1.385, -24.598
-1.085, -24.595
-0.785, -24.591
-7.279, -24.582
-7.301, -24.421
-4.308, -24.464
-4.608, -24.455
-3.493, -24.408
-3.193, -24.404
-4.918, -24.446
-5.218, -24.437
-5.518, -24.428
-5.817, -24.419
-6.117, -24.41
-6.417, -24.401
-6.717, -24.392
-7.017, -24.383
-2.883, -24.4
-2.583, -24.396
-2.283, -24.393
-1.983, -24.389
-1.683, -24.385
-1.383, -24.381
-1.083, -24.377
-0.783, -24.374
-7.302, -24.22
-4.309, -24.263
-4.609, -24.254
-3.49, -24.191
-3.19, -24.187
-4.919, -24.245
-5.219, -24.236
-5.519, -24.227
-5.818, -24.218
-6.118, -24.209
-6.418, -24.2
-6.718, -24.191
-7.018, -24.182
-2.88, -24.183
-2.58, -24.179
-2.28, -24.175
-1.98, -24.172
-1.68, -24.168
-1.38, -24.164
-1.08, -24.16
-0.78, -24.156
-7.673, -28.644
-7.973, -28.64
-8.273, -28.636
-8.573, -28.632
-8.873, -28.628
-9.173, -28.624
-9.473, -28.62
-7.667, -28.413
-7.967, -28.409
-8.267, -28.405
-8.567, -28.401
-8.867, -28.397
-9.167, -28.393
-9.466, -28.389
-7.669, -28.139
-7.969, -28.135
-8.269, -28.131
-8.568, -28.127
-8.868, -28.123
-9.168, -28.119
-9.468, -28.115
-7.669, -27.935
-7.969, -27.931
-8.269, -27.927
-8.569, -27.923
-8.869, -27.919
-9.169, -27.915
-9.469, -27.911
-7.67, -27.731
-7.969, -27.727
-8.269, -27.723
-8.569, -27.719
-8.869, -27.715
-9.169, -27.711
-9.469, -27.707
-7.67, -27.527
-7.97, -27.523
-8.27, -27.519
-8.57, -27.515
-8.869, -27.511
-9.169, -27.507
-9.469, -27.503
-7.67, -27.323
-7.97, -27.319
-8.27, -27.315
-8.57, -27.311
-8.87, -27.307
-9.17, -27.303
-9.47, -27.299
-7.671, -27.118
-7.971, -27.115
-8.27, -27.11
-8.57, -27.107
-8.87, -27.103
-9.17, -27.099
-9.47, -27.095
-7.672, -26.916
-7.972, -26.912
-8.272, -26.908
-8.572, -26.904
-8.872, -26.9
-9.172, -26.896
-9.472, -26.892
-7.673, -26.712
-7.973, -26.708
-8.273, -26.704
-8.573, -26.7
-8.872, -26.696
-9.172, -26.692
-9.472, -26.688
-8.876, -26.424
-9.176, -26.42
-9.476, -26.416
-8.877, -26.22
-9.177, -26.216
-9.477, -26.212
-8.877, -26.016
-9.177, -26.012
-9.477, -26.008
-8.877, -25.812
-9.177, -25.808
-9.477, -25.804
-8.878, -25.607
-9.178, -25.603
-9.478, -25.6
-12.239, -28.294
-10.101, -28.556
-10.4, -28.542
-10.737, -28.577
-11.109, -28.542
-11.461, -28.511
-11.851, -28.435
-12.184, -28.099
-10.093, -28.354
-10.392, -28.34
-10.712, -28.377
-11.078, -28.342
-11.427, -28.311
-11.81, -28.237
-10.084, -28.083
-10.383, -28.068
-10.681, -28.106
-11.038, -28.072
-11.382, -28.043
-11.756, -27.969
-12.131, -27.904
-10.076, -27.881
-10.375, -27.867
-10.657, -27.906
-11.008, -27.872
-11.348, -27.843
-11.715, -27.771
-12.075, -27.709
-10.068, -27.679
-10.367, -27.665
-10.633, -27.705
-10.977, -27.672
-11.313, -27.644
-11.674, -27.573
-12.005, -27.447
-10.06, -27.478
-10.359, -27.463
-10.608, -27.504
-10.946, -27.472
-11.279, -27.444
-11.633, -27.375
-11.95, -27.251
-10.052, -27.276
-10.352, -27.262
-10.584, -27.303
-10.916, -27.272
-11.244, -27.245
-11.592, -27.176
-11.894, -27.056
-10.044, -27.074
-10.347, -27.034
-10.608, -27.03
-10.885, -27.072
-11.21, -27.045
-11.551, -26.978
-11.839, -26.861
-10.038, -26.873
-10.338, -26.859
-10.856, -26.873
-11.177, -26.846
-11.511, -26.78
-11.784, -26.666
-10.03, -26.672
-10.33, -26.657
-10.826, -26.673
-11.143, -26.647
-11.47, -26.582
-10.024, -26.401
-10.323, -26.386
-10.789, -26.404
-11.101, -26.379
-11.419, -26.315
-10.016, -26.199
-10.315, -26.185
-10.758, -26.204
-11.067, -26.18
-11.378, -26.117
-10.008, -25.997
-10.308, -25.983
-10.728, -26.004
-11.032, -25.98
-11.337, -25.918
-10, -25.796
-10.3, -25.781
-10.697, -25.804
-10.998, -25.781
-11.296, -25.72
-9.992, -25.594
-10.292, -25.58
-10.666, -25.604
-10.964, -25.581
-11.255, -25.522
-13.454, -27.668
-14.59, -26.789
-14.779, -26.541
-15.001, -26.31
-15.171, -26.02
-15.363, -25.73
-15.543, -25.402
-14.41, -27.017
-13.965, -27.358
-13.227, -27.801
-13.728, -27.538
-14.196, -27.194
-14.171, -26.836
-14.771, -26.137
-14.967, -25.874
-15.156, -25.561
-15.332, -25.258
-13.111, -27.569
-13.426, -27.383
-14.349, -26.632
-14.561, -26.372
-13.945, -27.034
-13.698, -27.242
-14.581, -25.961
-14.774, -25.701
-14.942, -25.428
-15.127, -25.101
-12.996, -27.394
-13.27, -27.243
-14.164, -26.466
-14.383, -26.229
-13.973, -26.696
-13.51, -27.087
-13.747, -26.899
-14.401, -25.8
-14.591, -25.543
-14.756, -25.273
-14.934, -24.957
-12.894, -27.157
-13.171, -26.993
-13.959, -26.339
-14.202, -26.092
-13.721, -26.593
-13.457, -26.789
-14.25, -25.675
-14.439, -25.422
-14.601, -25.154
-14.773, -24.848
-12.76, -26.933
-13.037, -26.784
-13.786, -26.186
-14.037, -25.95
-13.545, -26.396
-13.288, -26.585
-14.1, -25.551
-14.287, -25.3
-14.448, -25.035
-14.613, -24.738
-12.643, -26.776
-12.906, -26.602
-13.642, -26.048
-13.864, -25.803
-13.407, -26.246
-13.15, -26.421
-13.95, -25.426
-14.134, -25.178
-14.293, -24.917
-14.452, -24.629
-12.638, -26.735
-12.881, -26.572
-13.587, -25.996
-13.803, -25.738
-13.363, -26.203
-13.128, -26.399
-13.796, -25.302
-13.979, -25.057
-14.135, -24.798
-14.289, -24.52
-12.48, -26.6
-12.723, -26.436
-13.429, -25.861
-13.645, -25.602
-13.205, -26.067
-12.97, -26.263
-12.35, -26.434
-12.632, -26.265
-13.307, -25.679
-13.517, -25.464
-13.105, -25.896
-12.872, -26.087
-13.643, -25.179
-13.824, -24.936
-13.978, -24.681
-14.125, -24.412
-12.247, -26.237
-12.5, -26.071
-13.184, -25.544
-13.369, -25.335
-12.981, -25.75
-12.771, -25.927
-13.501, -25.04
-13.679, -24.8
-13.831, -24.547
-13.971, -24.287
-12.184, -26.005
-12.493, -25.827
-12.98, -25.412
-13.181, -25.176
-12.744, -25.637
-13.341, -24.903
-13.517, -24.665
-13.667, -24.416
-13.8, -24.166
-12.058, -25.805
-12.337, -25.645
-12.805, -25.255
-12.989, -25.037
-12.608, -25.476
-13.161, -24.771
-13.335, -24.536
-13.482, -24.29
-13.609, -24.051
-11.949, -25.604
-12.225, -25.462
-12.645, -25.101
-12.823, -24.9
-12.461, -25.309
-12.983, -24.638
-13.155, -24.408
-13.3, -24.165
-13.42, -23.936
-11.863, -25.421
-12.103, -25.275
-12.487, -24.948
-12.677, -24.771
-12.298, -25.118
-12.829, -24.518
-12.999, -24.29
-13.142, -24.05
-13.257, -23.831
-11.775, -25.223
-12.035, -25.063
-12.286, -24.851
-12.496, -24.637
-12.676, -24.398
-12.844, -24.172
-12.985, -23.936
-13.094, -23.726
-19.457, -27.446
-19.567, -27.167
-19.676, -26.888
-19.786, -26.609
-19.896, -26.33
-19.275, -27.365
-19.385, -27.086
-19.495, -26.806
-19.604, -26.527
-19.714, -26.248
-19.824, -25.969
-19.933, -25.69
-20.043, -25.411
-20.153, -25.132
-20.263, -24.852
-19.093, -27.283
-19.203, -27.004
-19.313, -26.725
-19.423, -26.446
-19.532, -26.167
-19.642, -25.888
-19.752, -25.608
-19.861, -25.329
-19.971, -25.05
-20.081, -24.771
-18.911, -27.202
-19.021, -26.923
-19.13, -26.644
-19.24, -26.365
-19.35, -26.086
-19.46, -25.807
-19.569, -25.528
-19.679, -25.248
-19.789, -24.969
-19.899, -24.69
-18.729, -27.121
-18.839, -26.842
-18.949, -26.563
-19.058, -26.284
-19.168, -26.004
-19.278, -25.725
-19.388, -25.446
-19.497, -25.167
-19.607, -24.888
-19.717, -24.609
-18.483, -27.012
-18.593, -26.733
-18.703, -26.453
-18.813, -26.174
-18.922, -25.895
-19.032, -25.616
-19.142, -25.337
-19.252, -25.058
-19.361, -24.779
-19.471, -24.499
-18.302, -26.93
-18.411, -26.651
-18.521, -26.372
-18.631, -26.093
-18.741, -25.814
-18.85, -25.535
-18.96, -25.255
-19.07, -24.976
-19.18, -24.697
-19.289, -24.418
-18.12, -26.849
-18.23, -26.57
-18.339, -26.291
-18.449, -26.011
-18.559, -25.732
-18.669, -25.453
-18.778, -25.174
-18.888, -24.895
-18.998, -24.616
-19.108, -24.337
-17.938, -26.767
-18.048, -26.488
-18.158, -26.209
-18.267, -25.93
-18.377, -25.651
-18.487, -25.372
-18.597, -25.093
-18.706, -24.813
-18.816, -24.534
-18.926, -24.255
-17.757, -26.686
-17.866, -26.407
-17.976, -26.128
-18.086, -25.849
-18.195, -25.569
-18.305, -25.29
-18.415, -25.011
-18.525, -24.732
-18.634, -24.453
-18.744, -24.174
-17.684, -26.325
-17.794, -26.046
-17.904, -25.767
-18.014, -25.488
-18.123, -25.209
-18.233, -24.93
-18.343, -24.651
-18.453, -24.372
-18.562, -24.092
-17.502, -26.245
-17.612, -25.966
-17.722, -25.686
-17.831, -25.407
-17.941, -25.128
-18.051, -24.849
-18.161, -24.57
-18.27, -24.291
-18.38, -24.012
-17.32, -26.163
-17.43, -25.884
-17.54, -25.605
-17.65, -25.326
-17.759, -25.047
-17.869, -24.768
-17.979, -24.488
-18.089, -24.209
-18.198, -23.93
-17.074, -26.055
-17.183, -25.776
-17.293, -25.497
-17.403, -25.217
-17.513, -24.938
-17.622, -24.659
-17.732, -24.38
-17.842, -24.101
-17.952, -23.822
-16.892, -25.973
-17.002, -25.694
-17.111, -25.415
-17.221, -25.136
-17.331, -24.857
-17.441, -24.578
-17.55, -24.299
-17.66, -24.019
-17.77, -23.74
-16.71, -25.892
-16.82, -25.613
-16.93, -25.334
-17.039, -25.055
-17.149, -24.775
-17.259, -24.496
-17.369, -24.217
-17.478, -23.938
-17.588, -23.659
-16.528, -25.811
-16.638, -25.531
-16.748, -25.252
-16.858, -24.973
-16.967, -24.694
-17.077, -24.415
-17.187, -24.136
-17.297, -23.857
-17.406, -23.577
-20.491, -23.77
-20.556, -23.477
-20.621, -23.184
-20.686, -22.891
-20.751, -22.598
-20.816, -22.306
-20.881, -22.013
-20.946, -21.72
-21.011, -21.427
-21.075, -21.134
-21.147, -20.765
-21.203, -20.46
-21.257, -20.165
-21.311, -19.87
-21.366, -19.575
-21.42, -19.28
-21.474, -18.985
-21.528, -18.69
-21.583, -18.395
-21.637, -18.1
-20.296, -23.721
-20.361, -23.428
-20.426, -23.135
-20.491, -22.842
-20.556, -22.549
-20.621, -22.256
-20.685, -21.963
-20.75, -21.671
-20.815, -21.378
-20.88, -21.085
-20.949, -20.726
-21.005, -20.421
-21.06, -20.126
-21.114, -19.831
-21.168, -19.536
-21.223, -19.241
-21.277, -18.946
-21.331, -18.651
-21.385, -18.356
-21.44, -18.061
-20.101, -23.672
-20.166, -23.379
-20.23, -23.086
-20.295, -22.793
-20.36, -22.5
-20.425, -22.207
-20.49, -21.914
-20.555, -21.621
-20.62, -21.329
-20.685, -21.036
-20.752, -20.687
-20.808, -20.382
-20.862, -20.087
-20.917, -19.792
-20.971, -19.497
-21.025, -19.202
-21.08, -18.907
-21.134, -18.612
-21.188, -18.317
-21.242, -18.022
-19.905, -23.623
-19.97, -23.33
-20.035, -23.037
-20.1, -22.744
-20.165, -22.451
-20.23, -22.158
-20.295, -21.865
-20.36, -21.572
-20.424, -21.279
-20.489, -20.987
-20.555, -20.647
-20.611, -20.343
-20.665, -20.048
-20.719, -19.753
-20.774, -19.458
-20.828, -19.163
-20.882, -18.868
-20.937, -18.573
-20.991, -18.278
-21.045, -17.983
-19.71, -23.573
-19.775, -23.281
-19.84, -22.988
-19.905, -22.695
-19.969, -22.402
-20.034, -22.109
-20.099, -21.816
-20.164, -21.523
-20.229, -21.23
-20.294, -20.937
-20.357, -20.608
-20.414, -20.303
-20.468, -20.009
-20.522, -19.714
-20.576, -19.419
-20.631, -19.124
-20.685, -18.829
-20.739, -18.534
-20.794, -18.239
-20.848, -17.944
-19.514, -23.524
-19.579, -23.231
-19.644, -22.939
-19.709, -22.646
-19.774, -22.353
-19.839, -22.06
-19.904, -21.767
-19.969, -21.474
-20.034, -21.181
-20.099, -20.888
-20.16, -20.569
-20.216, -20.264
-20.271, -19.969
-20.325, -19.674
-20.379, -19.379
-20.433, -19.084
-20.488, -18.789
-20.542, -18.494
-20.596, -18.2
-20.651, -17.905
-19.32, -23.475
-19.385, -23.182
-19.45, -22.889
-19.514, -22.596
-19.579, -22.303
-19.644, -22.01
-19.709, -21.718
-19.774, -21.425
-19.839, -21.132
-19.904, -20.839
-19.963, -20.529
-20.02, -20.224
-20.074, -19.929
-20.128, -19.634
-20.183, -19.339
-20.237, -19.044
-20.291, -18.749
-20.345, -18.454
-20.4, -18.159
-20.454, -17.864
-19.124, -23.426
-19.189, -23.133
-19.254, -22.84
-19.319, -22.547
-19.384, -22.254
-19.449, -21.961
-19.514, -21.668
-19.579, -21.375
-19.644, -21.083
-19.708, -20.79
-19.766, -20.489
-19.822, -20.185
-19.877, -19.89
-19.931, -19.595
-19.985, -19.3
-20.04, -19.005
-20.094, -18.71
-20.148, -18.415
-20.202, -18.12
-20.257, -17.825
-18.861, -23.359
-18.926, -23.066
-18.991, -22.773
-19.056, -22.48
-19.121, -22.188
-19.185, -21.895
-19.25, -21.602
-19.315, -21.309
-19.38, -21.016
-19.445, -20.723
-19.5, -20.435
-19.557, -20.131
-19.611, -19.836
-19.665, -19.541
-19.719, -19.246
-19.774, -18.951
-19.828, -18.656
-19.882, -18.361
-19.937, -18.066
-19.991, -17.771
-18.666, -23.31
-18.731, -23.017
-18.795, -22.724
-18.86, -22.431
-18.925, -22.138
-18.99, -21.846
-19.055, -21.553
-19.12, -21.26
-19.185, -20.967
-19.25, -20.674
-19.303, -20.396
-19.359, -20.091
-19.414, -19.796
-19.468, -19.502
-19.522, -19.207
-19.576, -18.912
-19.631, -18.617
-19.685, -18.322
-19.739, -18.027
-19.794, -17.732
-18.47, -23.261
-18.535, -22.968
-18.6, -22.675
-18.665, -22.382
-18.73, -22.089
-18.795, -21.796
-18.86, -21.504
-18.924, -21.211
-18.989, -20.918
-19.054, -20.625
-19.106, -20.357
-19.162, -20.052
-19.216, -19.757
-19.271, -19.462
-19.325, -19.167
-19.379, -18.872
-19.433, -18.577
-19.488, -18.282
-19.542, -17.987
-19.596, -17.693
-18.275, -23.212
-18.34, -22.919
-18.405, -22.626
-18.47, -22.333
-18.534, -22.04
-18.599, -21.747
-18.664, -21.454
-18.729, -21.162
-19.019, -19.718
-19.073, -19.423
-19.128, -19.128
-19.182, -18.833
-19.236, -18.538
-19.291, -18.243
-19.345, -17.948
-19.399, -17.653
-18.079, -23.163
-18.144, -22.87
-18.209, -22.577
-18.274, -22.284
-18.339, -21.991
-18.404, -21.698
-18.469, -21.405
-18.534, -21.112
-18.822, -19.679
-18.876, -19.384
-18.93, -19.089
-18.985, -18.794
-19.039, -18.499
-19.093, -18.204
-19.148, -17.909
-19.202, -17.614
-17.884, -23.113
-17.949, -22.821
-18.014, -22.528
-18.079, -22.235
-18.144, -21.942
-18.209, -21.649
-18.273, -21.356
-18.338, -21.063
-18.624, -19.64
-18.679, -19.345
-18.733, -19.05
-18.787, -18.755
-18.842, -18.46
-18.896, -18.165
-18.95, -17.87
-19.005, -17.575
-17.689, -23.064
-17.754, -22.771
-17.819, -22.478
-17.884, -22.185
-17.949, -21.892
-18.014, -21.6
-18.079, -21.307
-18.144, -21.014
-18.428, -19.599
-18.482, -19.304
-18.536, -19.009
-18.591, -18.714
-18.645, -18.419
-18.699, -18.124
-18.754, -17.829
-18.808, -17.534
-17.494, -23.015
-17.559, -22.722
-17.624, -22.429
-17.689, -22.136
-17.753, -21.843
-17.818, -21.55
-17.883, -21.258
-17.948, -20.965
-18.231, -19.56
-18.285, -19.265
-18.339, -18.97
-18.393, -18.675
-18.448, -18.38
-18.502, -18.085
-18.556, -17.79
-18.611, -17.495
-21.96, -16.701
-21.986, -16.402
-22.012, -16.104
-22.038, -15.805
-22.064, -15.506
-22.09, -15.207
-22.116, -14.908
-22.142, -14.609
-22.168, -14.311
-22.194, -14.012
-22.216, -13.637
-22.232, -13.327
-22.247, -13.027
-22.262, -12.728
-22.277, -12.428
-22.292, -12.129
-22.307, -11.829
-22.323, -11.529
-22.338, -11.23
-22.353, -10.93
-21.757, -16.676
-21.783, -16.377
-21.809, -16.078
-21.835, -15.779
-21.861, -15.48
-21.887, -15.181
-21.913, -14.883
-21.939, -14.584
-21.965, -14.285
-21.991, -13.986
-22.013, -13.621
-22.028, -13.311
-22.044, -13.012
-22.059, -12.712
-22.074, -12.413
-22.089, -12.113
-22.104, -11.813
-22.119, -11.514
-22.134, -11.214
-22.15, -10.915
-21.554, -16.65
-21.58, -16.351
-21.607, -16.052
-21.633, -15.753
-21.659, -15.455
-21.685, -15.156
-21.711, -14.857
-21.737, -14.558
-21.763, -14.259
-21.789, -13.96
-21.81, -13.605
-21.825, -13.296
-21.84, -12.996
-21.856, -12.697
-21.871, -12.397
-21.886, -12.097
-21.901, -11.798
-21.916, -11.498
-21.931, -11.199
-21.946, -10.899
-21.352, -16.624
-21.378, -16.325
-21.404, -16.027
-21.43, -15.728
-21.456, -15.429
-21.482, -15.13
-21.508, -14.831
-21.534, -14.532
-21.56, -14.233
-21.586, -13.935
-21.606, -13.59
-21.622, -13.28
-21.637, -12.981
-21.652, -12.681
-21.667, -12.381
-21.682, -12.082
-21.698, -11.782
-21.713, -11.483
-21.728, -11.183
-21.743, -10.883
-21.149, -16.599
-21.175, -16.3
-21.201, -16.001
-21.227, -15.702
-21.253, -15.403
-21.279, -15.104
-21.305, -14.806
-21.331, -14.507
-21.357, -14.208
-21.383, -13.909
-21.403, -13.574
-21.419, -13.265
-21.434, -12.965
-21.449, -12.665
-21.464, -12.366
-21.479, -12.066
-21.494, -11.767
-21.51, -11.467
-21.525, -11.167
-21.54, -10.868
-20.946, -16.573
-20.972, -16.274
-20.998, -15.975
-21.024, -15.676
-21.05, -15.378
-21.076, -15.079
-21.103, -14.78
-21.129, -14.481
-21.155, -14.182
-21.181, -13.883
-21.2, -13.559
-21.215, -13.249
-21.231, -12.95
-21.246, -12.65
-21.261, -12.35
-21.276, -12.051
-21.291, -11.751
-21.306, -11.451
-21.321, -11.152
-21.337, -10.852
-20.745, -16.548
-20.771, -16.249
-20.797, -15.95
-20.823, -15.651
-20.849, -15.352
-20.875, -15.053
-20.901, -14.755
-20.927, -14.456
-20.953, -14.157
-20.979, -13.858
-20.998, -13.543
-21.014, -13.233
-21.029, -12.933
-21.044, -12.634
-21.059, -12.334
-21.074, -12.035
-21.089, -11.735
-21.104, -11.435
-21.119, -11.136
-21.135, -10.836
-20.542, -16.522
-20.568, -16.223
-20.595, -15.924
-20.62, -15.625
-20.647, -15.327
-20.672, -15.028
-20.699, -14.729
-20.725, -14.43
-20.751, -14.131
-20.777, -13.832
-20.795, -13.527
-20.81, -13.218
-20.825, -12.918
-20.84, -12.618
-20.856, -12.319
-20.871, -12.019
-20.886, -11.719
-20.901, -11.42
-20.916, -11.12
-20.931, -10.821
-20.27, -16.488
-20.296, -16.189
-20.322, -15.89
-20.348, -15.591
-20.374, -15.292
-20.4, -14.994
-20.426, -14.695
-20.452, -14.396
-20.478, -14.097
-20.504, -13.798
-20.521, -13.506
-20.537, -13.196
-20.552, -12.896
-20.567, -12.597
-20.582, -12.297
-20.597, -11.998
-20.613, -11.698
-20.628, -11.398
-20.643, -11.099
-20.658, -10.799
-20.067, -16.462
-20.093, -16.163
-20.119, -15.864
-20.145, -15.566
-20.171, -15.267
-20.197, -14.968
-20.223, -14.669
-20.249, -14.37
-20.275, -14.071
-20.301, -13.772
-20.318, -13.49
-20.334, -13.18
-20.349, -12.881
-20.364, -12.581
-20.379, -12.282
-20.394, -11.982
-20.409, -11.682
-20.425, -11.383
-20.44, -11.083
-20.455, -10.784
-19.865, -16.436
-19.891, -16.138
-19.917, -15.839
-19.943, -15.54
-19.969, -15.241
-19.995, -14.942
-20.021, -14.643
-20.047, -14.344
-20.073, -14.046
-20.099, -13.747
-20.115, -13.474
-20.13, -13.165
-20.146, -12.865
-20.161, -12.566
-20.176, -12.266
-20.191, -11.966
-20.206, -11.667
-20.221, -11.367
-20.236, -11.068
-20.252, -10.768
-19.662, -16.411
-19.688, -16.112
-19.714, -15.813
-19.74, -15.514
-19.766, -15.215
-19.792, -14.916
-19.818, -14.618
-19.844, -14.319
-19.942, -12.85
-19.957, -12.55
-19.973, -12.25
-19.988, -11.951
-20.003, -11.651
-20.018, -11.352
-20.033, -11.052
-20.048, -10.752
-19.459, -16.385
-19.485, -16.086
-19.511, -15.787
-19.537, -15.488
-19.563, -15.19
-19.589, -14.891
-19.615, -14.592
-19.641, -14.293
-19.739, -12.834
-19.754, -12.534
-19.769, -12.235
-19.784, -11.935
-19.8, -11.636
-19.815, -11.336
-19.83, -11.036
-19.845, -10.737
-19.257, -16.359
-19.283, -16.06
-19.309, -15.762
-19.335, -15.463
-19.361, -15.164
-19.387, -14.865
-19.413, -14.566
-19.439, -14.267
-19.536, -12.819
-19.551, -12.519
-19.566, -12.219
-19.581, -11.92
-19.596, -11.62
-19.611, -11.32
-19.627, -11.021
-19.642, -10.721
-19.055, -16.334
-19.081, -16.035
-19.107, -15.736
-19.133, -15.438
-19.159, -15.139
-19.185, -14.84
-19.211, -14.541
-19.237, -14.242
-19.334, -12.802
-19.349, -12.503
-19.364, -12.203
-19.379, -11.904
-19.394, -11.604
-19.409, -11.304
-19.425, -11.005
-19.44, -10.705
-18.853, -16.308
-18.879, -16.01
-18.905, -15.711
-18.931, -15.412
-18.957, -15.113
-18.983, -14.814
-19.009, -14.515
-19.035, -14.217
-19.131, -12.787
-19.146, -12.487
-19.161, -12.188
-19.176, -11.888
-19.191, -11.588
-19.206, -11.289
-19.221, -10.989
-19.236, -10.69
-22.344, -9.544
-22.346, -9.244
-22.348, -8.944
-22.349, -8.644
-22.351, -8.345
-22.352, -8.045
-22.354, -7.745
-22.355, -7.445
-22.357, -7.145
-22.358, -6.845
-22.35, -6.469
-22.34, -6.159
-22.331, -5.859
-22.321, -5.559
-22.312, -5.26
-22.302, -4.96
-22.293, -4.66
-22.283, -4.36
-22.274, -4.06
-22.265, -3.76
-22.139, -9.536
-22.141, -9.236
-22.142, -8.936
-22.144, -8.636
-22.145, -8.336
-22.147, -8.036
-22.148, -7.736
-22.15, -7.436
-22.151, -7.136
-22.153, -6.836
-22.145, -6.471
-22.135, -6.161
-22.125, -5.861
-22.116, -5.561
-22.107, -5.261
-22.097, -4.962
-22.088, -4.662
-22.078, -4.362
-22.069, -4.062
-22.059, -3.762
-21.934, -9.528
-21.935, -9.228
-21.937, -8.928
-21.938, -8.628
-21.94, -8.328
-21.941, -8.028
-21.943, -7.728
-21.944, -7.428
-21.946, -7.128
-21.947, -6.828
-21.939, -6.473
-21.93, -6.163
-21.92, -5.863
-21.911, -5.563
-21.901, -5.263
-21.892, -4.963
-21.882, -4.664
-21.873, -4.364
-21.864, -4.064
-21.854, -3.764
-21.728, -9.52
-21.73, -9.22
-21.731, -8.92
-21.733, -8.62
-21.734, -8.32
-21.736, -8.02
-21.737, -7.72
-21.739, -7.42
-21.74, -7.12
-21.742, -6.82
-21.734, -6.474
-21.724, -6.165
-21.715, -5.865
-21.706, -5.565
-21.696, -5.265
-21.687, -4.965
-21.677, -4.665
-21.668, -4.366
-21.658, -4.066
-21.649, -3.766
-21.523, -9.511
-21.524, -9.211
-21.526, -8.911
-21.527, -8.611
-21.529, -8.311
-21.53, -8.011
-21.532, -7.711
-21.533, -7.411
-21.535, -7.112
-21.536, -6.812
-21.529, -6.476
-21.519, -6.167
-21.51, -5.867
-21.5, -5.567
-21.491, -5.267
-21.481, -4.967
-21.472, -4.667
-21.463, -4.367
-21.453, -4.068
-21.444, -3.768
-21.317, -9.503
-21.319, -9.203
-21.32, -8.903
-21.322, -8.603
-21.323, -8.303
-21.325, -8.003
-21.326, -7.703
-21.328, -7.403
-21.329, -7.103
-21.331, -6.803
-21.324, -6.478
-21.314, -6.168
-21.304, -5.869
-21.295, -5.569
-21.286, -5.269
-21.276, -4.969
-21.267, -4.669
-21.257, -4.369
-21.248, -4.07
-21.239, -3.77
-21.114, -9.495
-21.115, -9.195
-21.117, -8.895
-21.118, -8.595
-21.12, -8.295
-21.121, -7.995
-21.123, -7.695
-21.124, -7.395
-21.126, -7.095
-21.127, -6.795
-21.12, -6.479
-21.11, -6.169
-21.101, -5.869
-21.092, -5.57
-21.082, -5.27
-21.073, -4.97
-21.063, -4.67
-21.054, -4.37
-21.045, -4.071
-21.035, -3.771
-20.908, -9.487
-20.91, -9.187
-20.911, -8.887
-20.913, -8.587
-20.914, -8.287
-20.916, -7.987
-20.917, -7.687
-20.919, -7.387
-20.92, -7.087
-20.922, -6.787
-20.915, -6.481
-20.905, -6.171
-20.896, -5.871
-20.886, -5.572
-20.877, -5.272
-20.868, -4.972
-20.858, -4.672
-20.849, -4.372
-20.839, -4.072
-20.83, -3.773
-20.632, -9.476
-20.634, -9.176
-20.635, -8.876
-20.637, -8.576
-20.639, -8.276
-20.64, -7.976
-20.642, -7.676
-20.643, -7.376
-20.645, -7.076
-20.646, -6.776
-20.639, -6.483
-20.63, -6.173
-20.62, -5.873
-20.611, -5.573
-20.601, -5.274
-20.592, -4.974
-20.583, -4.674
-20.573, -4.374
-20.564, -4.074
-20.554, -3.774
-20.427, -9.467
-20.428, -9.167
-20.43, -8.867
-20.432, -8.567
-20.433, -8.267
-20.435, -7.967
-20.436, -7.667
-20.438, -7.367
-20.439, -7.067
-20.441, -6.767
-20.434, -6.485
-20.424, -6.175
-20.415, -5.875
-20.406, -5.575
-20.396, -5.275
-20.387, -4.975
-20.377, -4.676
-20.368, -4.376
-20.358, -4.076
-20.349, -3.776
-20.221, -9.459
-20.223, -9.159
-20.225, -8.859
-20.226, -8.559
-20.228, -8.259
-20.229, -7.959
-20.231, -7.659
-20.232, -7.359
-20.234, -7.059
-20.235, -6.759
-20.229, -6.486
-20.219, -6.177
-20.21, -5.877
-20.2, -5.577
-20.191, -5.277
-20.181, -4.977
-20.172, -4.677
-20.163, -4.378
-20.153, -4.078
-20.144, -3.778
-20.016, -9.451
-20.017, -9.151
-20.019, -8.851
-20.021, -8.551
-20.022, -8.251
-20.024, -7.951
-20.025, -7.651
-20.027, -7.351
-20.005, -5.879
-19.995, -5.579
-19.986, -5.279
-19.976, -4.979
-19.967, -4.679
-19.957, -4.379
-19.948, -4.08
-19.939, -3.78
-19.811, -9.443
-19.812, -9.143
-19.814, -8.843
-19.815, -8.543
-19.817, -8.243
-19.818, -7.943
-19.82, -7.643
-19.821, -7.343
-19.799, -5.881
-19.79, -5.581
-19.78, -5.281
-19.771, -4.981
-19.762, -4.681
-19.752, -4.381
-19.743, -4.082
-19.733, -3.782
-19.605, -9.434
-19.607, -9.134
-19.608, -8.834
-19.61, -8.534
-19.611, -8.234
-19.613, -7.934
-19.614, -7.634
-19.616, -7.334
-19.594, -5.882
-19.585, -5.583
-19.575, -5.283
-19.566, -4.983
-19.556, -4.683
-19.547, -4.383
-19.537, -4.083
-19.528, -3.784
-19.401, -9.426
-19.403, -9.126
-19.405, -8.826
-19.406, -8.526
-19.408, -8.226
-19.409, -7.926
-19.411, -7.626
-19.412, -7.326
-19.391, -5.883
-19.381, -5.584
-19.372, -5.284
-19.362, -4.984
-19.353, -4.684
-19.343, -4.384
-19.334, -4.084
-19.325, -3.784
-19.196, -9.418
-19.197, -9.118
-19.199, -8.818
-19.201, -8.518
-19.202, -8.218
-19.204, -7.918
-19.205, -7.618
-19.207, -7.318
-19.185, -5.885
-19.176, -5.585
-19.166, -5.286
-19.157, -4.986
-19.148, -4.686
-19.138, -4.386
-19.129, -4.086
-19.119, -3.786
-22.404, -2.504
-22.38, -2.205
-22.355, -1.906
-22.331, -1.607
-22.306, -1.308
-22.282, -1.009
-22.258, -0.71
-22.233, -0.411
-22.209, -0.112
-22.184, 0.187
-22.144, 0.56
-22.107, 0.868
-22.072, 1.166
-22.037, 1.464
-22.002, 1.762
-21.966, 2.06
-21.931, 2.358
-21.896, 2.656
-21.861, 2.953
-21.826, 3.251
-22.202, -2.512
-22.177, -2.213
-22.153, -1.914
-22.129, -1.615
-22.104, -1.316
-22.08, -1.017
-22.055, -0.718
-22.031, -0.42
-22.007, -0.121
-21.982, 0.178
-21.942, 0.542
-21.906, 0.85
-21.871, 1.148
-21.836, 1.446
-21.8, 1.744
-21.765, 2.041
-21.73, 2.339
-21.695, 2.637
-21.66, 2.935
-21.624, 3.233
-21.999, -2.521
-21.975, -2.222
-21.951, -1.923
-21.926, -1.624
-21.902, -1.325
-21.877, -1.026
-21.853, -0.727
-21.829, -0.428
-21.804, -0.129
-21.78, 0.17
-21.741, 0.524
-21.705, 0.831
-21.67, 1.129
-21.634, 1.427
-21.599, 1.725
-21.564, 2.023
-21.529, 2.321
-21.494, 2.619
-21.459, 2.917
-21.423, 3.215
-21.797, -2.529
-21.773, -2.23
-21.748, -1.931
-21.724, -1.632
-21.7, -1.333
-21.675, -1.034
-21.651, -0.735
-21.626, -0.436
-21.602, -0.137
-21.578, 0.162
-21.54, 0.505
-21.504, 0.813
-21.468, 1.111
-21.433, 1.409
-21.398, 1.707
-21.363, 2.005
-21.328, 2.303
-21.293, 2.601
-21.257, 2.899
-21.222, 3.197
-21.595, -2.537
-21.571, -2.238
-21.546, -1.939
-21.522, -1.64
-21.497, -1.341
-21.473, -1.042
-21.449, -0.743
-21.424, -0.444
-21.4, -0.145
-21.375, 0.154
-21.339, 0.487
-21.303, 0.795
-21.267, 1.093
-21.232, 1.391
-21.197, 1.689
-21.162, 1.987
-21.127, 2.285
-21.091, 2.583
-21.056, 2.88
-21.021, 3.178
-21.393, -2.545
-21.368, -2.246
-21.344, -1.947
-21.319, -1.648
-21.295, -1.349
-21.271, -1.05
-21.246, -0.751
-21.222, -0.452
-21.197, -0.153
-21.173, 0.146
-21.138, 0.469
-21.101, 0.777
-21.066, 1.075
-21.031, 1.373
-20.996, 1.671
-20.961, 1.968
-20.925, 2.266
-20.89, 2.564
-20.855, 2.862
-20.82, 3.16
-21.191, -2.554
-21.167, -2.255
-21.142, -1.956
-21.118, -1.657
-21.094, -1.358
-21.069, -1.059
-21.045, -0.76
-21.02, -0.461
-20.996, -0.162
-20.972, 0.137
-20.937, 0.451
-20.901, 0.759
-20.866, 1.057
-20.83, 1.355
-20.795, 1.653
-20.76, 1.951
-20.725, 2.249
-20.69, 2.547
-20.655, 2.845
-20.619, 3.143
-20.989, -2.562
-20.965, -2.263
-20.94, -1.964
-20.916, -1.665
-20.891, -1.366
-20.867, -1.067
-20.843, -0.768
-20.818, -0.469
-20.794, -0.17
-20.769, 0.129
-20.736, 0.433
-20.7, 0.741
-20.664, 1.039
-20.629, 1.337
-20.594, 1.635
-20.559, 1.933
-20.524, 2.231
-20.489, 2.528
-20.453, 2.826
-20.418, 3.124
-20.717, -2.573
-20.692, -2.274
-20.668, -1.975
-20.643, -1.676
-20.619, -1.377
-20.595, -1.078
-20.57, -0.779
-20.546, -0.48
-20.521, -0.181
-20.497, 0.118
-20.465, 0.409
-20.429, 0.717
-20.393, 1.015
-20.358, 1.313
-20.323, 1.61
-20.288, 1.908
-20.253, 2.206
-20.218, 2.504
-20.182, 2.802
-20.147, 3.1
-20.514, -2.581
-20.49, -2.282
-20.466, -1.983
-20.441, -1.684
-20.417, -1.386
-20.392, -1.087
-20.368, -0.788
-20.344, -0.489
-20.319, -0.19
-20.295, 0.109
-20.264, 0.391
-20.227, 0.698
-20.192, 0.996
-20.157, 1.294
-20.122, 1.592
-20.087, 1.89
-20.052, 2.188
-20.016, 2.486
-19.981, 2.784
-19.946, 3.082
-20.312, -2.59
-20.288, -2.291
-20.263, -1.992
-20.239, -1.693
-20.214, -1.394
-20.19, -1.095
-20.166, -0.796
-20.141, -0.497
-20.117, -0.198
-20.092, 0.101
-20.063, 0.372
-20.026, 0.68
-19.991, 0.978
-19.956, 1.276
-19.921, 1.574
-19.885, 1.872
-19.85, 2.17
-19.815, 2.468
-19.78, 2.766
-19.745, 3.064
-20.11, -2.598
-20.085, -2.299
-20.061, -2
-20.037, -1.701
-20.012, -1.402
-19.988, -1.103
-19.963, -0.804
-19.939, -0.505
-19.79, 0.96
-19.755, 1.258
-19.72, 1.556
-19.684, 1.854
-19.649, 2.152
-19.614, 2.45
-19.579, 2.747
-19.544, 3.045
-19.907, -2.606
-19.883, -2.307
-19.859, -2.008
-19.834, -1.709
-19.81, -1.41
-19.785, -1.111
-19.761, -0.812
-19.737, -0.513
-19.589, 0.942
-19.554, 1.24
-19.518, 1.537
-19.483, 1.835
-19.448, 2.133
-19.413, 2.431
-19.378, 2.729
-19.342, 3.027
-19.705, -2.614
-19.681, -2.315
-19.656, -2.016
-19.632, -1.717
-19.608, -1.418
-19.583, -1.119
-19.559, -0.82
-19.534, -0.521
-19.388, 0.923
-19.352, 1.221
-19.317, 1.519
-19.282, 1.817
-19.247, 2.115
-19.212, 2.413
-19.176, 2.711
-19.141, 3.009
-19.504, -2.623
-19.479, -2.324
-19.455, -2.025
-19.431, -1.726
-19.406, -1.427
-19.382, -1.128
-19.357, -0.829
-19.333, -0.53
-19.187, 0.906
-19.152, 1.204
-19.117, 1.502
-19.082, 1.8
-19.046, 2.097
-19.011, 2.395
-18.976, 2.693
-18.941, 2.991
-19.301, -2.631
-19.277, -2.332
-19.253, -2.033
-19.228, -1.734
-19.204, -1.435
-19.179, -1.136
-19.155, -0.837
-19.131, -0.538
-18.986, 0.888
-18.951, 1.185
-18.916, 1.483
-18.88, 1.781
-18.845, 2.079
-18.81, 2.377
-18.775, 2.675
-18.74, 2.973
-21.74, 4.565
-21.686, 4.86
-21.632, 5.155
-21.579, 5.451
-21.525, 5.746
-21.471, 6.041
-21.417, 6.336
-21.364, 6.631
-21.31, 6.926
-21.256, 7.221
-21.179, 7.589
-21.112, 7.892
-21.048, 8.185
-20.984, 8.478
-20.919, 8.771
-20.855, 9.064
-20.791, 9.356
-20.726, 9.649
-20.662, 9.942
-20.598, 10.235
-21.539, 4.534
-21.485, 4.829
-21.431, 5.124
-21.378, 5.419
-21.324, 5.715
-21.27, 6.01
-21.216, 6.305
-21.163, 6.6
-21.109, 6.895
-21.055, 7.19
-20.98, 7.548
-20.913, 7.851
-20.849, 8.144
-20.785, 8.437
-20.72, 8.73
-20.656, 9.023
-20.592, 9.315
-20.527, 9.608
-20.463, 9.901
-20.399, 10.194
-21.338, 4.503
-21.284, 4.798
-21.23, 5.093
-21.177, 5.388
-21.123, 5.684
-21.069, 5.979
-21.015, 6.274
-20.962, 6.569
-20.908, 6.864
-20.854, 7.159
-20.781, 7.507
-20.715, 7.81
-20.65, 8.103
-20.586, 8.396
-20.521, 8.688
-20.457, 8.981
-20.393, 9.274
-20.328, 9.567
-20.264, 9.86
-20.2, 10.153
-21.137, 4.472
-21.083, 4.767
-21.029, 5.062
-20.976, 5.357
-20.922, 5.652
-20.868, 5.947
-20.814, 6.243
-20.761, 6.538
-20.707, 6.833
-20.653, 7.128
-20.582, 7.466
-20.516, 7.769
-20.451, 8.062
-20.387, 8.355
-20.323, 8.648
-20.258, 8.94
-20.194, 9.233
-20.129, 9.526
-20.065, 9.819
-20.001, 10.112
-20.936, 4.441
-20.882, 4.736
-20.828, 5.031
-20.775, 5.326
-20.721, 5.621
-20.667, 5.916
-20.613, 6.212
-20.56, 6.507
-20.506, 6.802
-20.452, 7.097
-20.383, 7.425
-20.317, 7.728
-20.252, 8.021
-20.188, 8.314
-20.124, 8.606
-20.059, 8.899
-19.995, 9.192
-19.931, 9.485
-19.866, 9.778
-19.802, 10.071
-20.735, 4.41
-20.681, 4.705
-20.627, 5
-20.573, 5.295
-20.52, 5.59
-20.466, 5.885
-20.412, 6.18
-20.359, 6.476
-20.305, 6.771
-20.251, 7.066
-20.184, 7.384
-20.118, 7.687
-20.053, 7.98
-19.989, 8.273
-19.925, 8.565
-19.86, 8.858
-19.796, 9.151
-19.732, 9.444
-19.667, 9.737
-19.603, 10.03
-20.535, 4.379
-20.481, 4.674
-20.427, 4.97
-20.374, 5.265
-20.32, 5.56
-20.266, 5.855
-20.212, 6.15
-20.159, 6.445
-20.105, 6.74
-20.051, 7.036
-19.986, 7.345
-19.92, 7.647
-19.855, 7.94
-19.791, 8.233
-19.726, 8.526
-19.662, 8.819
-19.598, 9.112
-19.533, 9.405
-19.469, 9.698
-19.405, 9.991
-20.334, 4.348
-20.28, 4.643
-20.226, 4.938
-20.172, 5.234
-20.119, 5.529
-20.065, 5.824
-20.011, 6.119
-19.958, 6.414
-19.904, 6.709
-19.85, 7.004
-19.787, 7.304
-19.721, 7.606
-19.656, 7.899
-19.592, 8.192
-19.528, 8.485
-19.463, 8.778
-19.399, 9.071
-19.334, 9.364
-19.27, 9.657
-19.206, 9.95
-20.063, 4.307
-20.009, 4.602
-19.956, 4.897
-19.902, 5.192
-19.848, 5.487
-19.795, 5.782
-19.741, 6.078
-19.687, 6.373
-19.633, 6.668
-19.58, 6.963
-19.519, 7.25
-19.453, 7.552
-19.388, 7.845
-19.324, 8.138
-19.26, 8.431
-19.195, 8.724
-19.131, 9.017
-19.067, 9.31
-19.002, 9.603
-18.938, 9.896
-19.862, 4.276
-19.808, 4.571
-19.755, 4.866
-19.701, 5.161
-19.647, 5.456
-19.594, 5.751
-19.54, 6.046
-19.486, 6.342
-19.432, 6.637
-19.379, 6.932
-19.32, 7.209
-19.254, 7.511
-19.189, 7.804
-19.125, 8.097
-19.061, 8.39
-18.996, 8.683
-18.932, 8.976
-18.868, 9.269
-18.803, 9.562
-18.739, 9.855
-19.661, 4.244
-19.607, 4.54
-19.554, 4.835
-19.5, 5.13
-19.446, 5.425
-19.393, 5.72
-19.339, 6.015
-19.285, 6.311
-19.231, 6.606
-19.178, 6.901
-19.121, 7.168
-19.055, 7.47
-18.991, 7.763
-18.926, 8.056
-18.862, 8.349
-18.797, 8.642
-18.733, 8.935
-18.669, 9.228
-18.604, 9.521
-18.54, 9.814
-19.46, 4.213
-19.406, 4.509
-19.353, 4.804
-19.299, 5.099
-19.245, 5.394
-19.191, 5.689
-19.138, 5.984
-19.084, 6.279
-18.792, 7.722
-18.727, 8.015
-18.663, 8.308
-18.598, 8.601
-18.534, 8.894
-18.47, 9.187
-18.405, 9.48
-18.341, 9.773
-19.259, 4.182
-19.205, 4.477
-19.152, 4.773
-19.098, 5.068
-19.044, 5.363
-18.99, 5.658
-18.937, 5.953
-18.883, 6.248
-18.593, 7.681
-18.528, 7.974
-18.464, 8.267
-18.4, 8.56
-18.335, 8.853
-18.271, 9.146
-18.207, 9.439
-18.142, 9.732
-19.058, 4.151
-19.004, 4.446
-18.951, 4.741
-18.897, 5.037
-18.843, 5.332
-18.789, 5.627
-18.736, 5.922
-18.682, 6.217
-18.394, 7.64
-18.329, 7.933
-18.265, 8.226
-18.201, 8.519
-18.136, 8.812
-18.072, 9.105
-18.008, 9.398
-17.943, 9.691
-18.858, 4.121
-18.804, 4.416
-18.751, 4.711
-18.697, 5.006
-18.643, 5.301
-18.589, 5.597
-18.536, 5.892
-18.482, 6.187
-18.196, 7.601
-18.131, 7.894
-18.067, 8.187
-18.002, 8.48
-17.938, 8.772
-17.874, 9.065
-17.809, 9.358
-17.745, 9.651
-18.657, 4.09
-18.603, 4.385
-18.55, 4.68
-18.496, 4.975
-18.442, 5.27
-18.388, 5.565
-18.335, 5.86
-18.281, 6.156
-17.997, 7.56
-17.932, 7.853
-17.868, 8.146
-17.804, 8.438
-17.739, 8.731
-17.675, 9.024
-17.61, 9.317
-17.546, 9.61
-19.706, 13.705
-19.805, 13.422
-19.904, 13.138
-20.002, 12.855
-20.101, 12.572
-19.52, 13.63
-19.619, 13.347
-19.717, 13.064
-19.816, 12.781
-19.915, 12.498
-20.014, 12.214
-20.113, 11.931
-20.212, 11.648
-20.31, 11.365
-20.409, 11.082
-19.334, 13.556
-19.432, 13.273
-19.531, 12.99
-19.63, 12.706
-19.729, 12.423
-19.828, 12.14
-19.926, 11.857
-20.025, 11.574
-20.124, 11.29
-20.223, 11.007
-19.147, 13.482
-19.246, 13.199
-19.345, 12.916
-19.444, 12.633
-19.543, 12.349
-19.641, 12.066
-19.74, 11.783
-19.839, 11.5
-19.938, 11.217
-20.037, 10.933
-18.961, 13.408
-19.06, 13.125
-19.159, 12.841
-19.258, 12.558
-19.356, 12.275
-19.455, 11.992
-19.554, 11.709
-19.653, 11.425
-19.752, 11.142
-19.851, 10.859
-18.71, 13.308
-18.809, 13.025
-18.907, 12.742
-19.006, 12.458
-19.105, 12.175
-19.204, 11.892
-19.303, 11.609
-19.401, 11.326
-19.5, 11.042
-19.599, 10.759
-18.523, 13.233
-18.622, 12.95
-18.721, 12.667
-18.82, 12.384
-18.919, 12.101
-19.018, 11.817
-19.116, 11.534
-19.215, 11.251
-19.314, 10.968
-19.413, 10.685
-18.337, 13.159
-18.436, 12.876
-18.535, 12.593
-18.634, 12.309
-18.733, 12.026
-18.831, 11.743
-18.93, 11.46
-19.029, 11.177
-19.128, 10.893
-19.227, 10.61
-18.151, 13.085
-18.25, 12.801
-18.349, 12.518
-18.448, 12.235
-18.546, 11.952
-18.645, 11.669
-18.744, 11.385
-18.843, 11.102
-18.942, 10.819
-19.041, 10.536
-17.965, 13.01
-18.064, 12.727
-18.163, 12.444
-18.261, 12.161
-18.36, 11.877
-18.459, 11.594
-18.558, 11.311
-18.657, 11.028
-18.756, 10.745
-18.854, 10.461
-17.779, 12.936
-17.878, 12.653
-17.976, 12.369
-18.075, 12.086
-18.174, 11.803
-18.273, 11.52
-18.372, 11.237
-18.471, 10.953
-18.569, 10.67
-18.668, 10.387
-17.592, 12.862
-17.691, 12.579
-17.79, 12.296
-17.889, 12.012
-17.988, 11.729
-18.087, 11.446
-18.185, 11.163
-18.284, 10.88
-18.383, 10.596
-18.482, 10.313
-17.406, 12.788
-17.505, 12.504
-17.604, 12.221
-17.703, 11.938
-17.802, 11.655
-17.9, 11.372
-17.999, 11.088
-18.098, 10.805
-18.197, 10.522
-18.296, 10.239
-17.155, 12.689
-17.254, 12.405
-17.352, 12.122
-17.451, 11.839
-17.55, 11.556
-17.649, 11.273
-17.748, 10.989
-17.847, 10.706
-17.945, 10.423
-18.044, 10.14
-16.969, 12.614
-17.067, 12.331
-17.166, 12.048
-17.265, 11.765
-17.364, 11.481
-17.463, 11.198
-17.562, 10.915
-17.66, 10.632
-17.759, 10.349
-17.858, 10.065
-16.782, 12.54
-16.881, 12.257
-16.98, 11.973
-17.079, 11.69
-17.178, 11.407
-17.277, 11.124
-17.375, 10.841
-17.474, 10.557
-17.573, 10.274
-17.672, 9.991
-16.596, 12.465
-16.695, 12.182
-16.794, 11.899
-16.893, 11.616
-16.992, 11.333
-17.09, 11.049
-17.189, 10.766
-17.288, 10.483
-17.387, 10.2
-17.486, 9.917
-17.319, 18.186
-17.553, 18.002
-17.787, 17.817
-18.021, 17.633
-18.318, 17.426
-18.693, 17.102
-18.89, 16.876
-19.086, 16.649
-19.283, 16.423
-19.48, 16.197
-19.631, 15.728
-19.791, 15.475
-19.952, 15.222
-20.112, 14.968
-20.273, 14.715
-17.164, 18.003
-17.399, 17.819
-17.633, 17.635
-17.867, 17.451
-18.158, 17.247
-18.554, 16.963
-18.751, 16.736
-18.948, 16.51
-19.145, 16.284
-19.341, 16.058
-19.428, 15.591
-19.588, 15.338
-19.749, 15.084
-19.909, 14.831
-20.07, 14.578
-17.034, 17.857
-17.268, 17.673
-17.502, 17.489
-17.736, 17.304
-18.024, 17.104
-18.404, 16.83
-18.601, 16.604
-18.797, 16.377
-18.994, 16.151
-19.191, 15.925
-19.258, 15.482
-19.419, 15.228
-19.579, 14.975
-19.74, 14.722
-19.9, 14.469
-16.903, 17.711
-17.137, 17.526
-17.371, 17.342
-17.605, 17.158
-17.889, 16.96
-18.253, 16.697
-18.45, 16.471
-18.647, 16.245
-18.844, 16.018
-19.04, 15.792
-19.089, 15.373
-19.249, 15.119
-19.41, 14.866
-19.57, 14.613
-19.731, 14.359
-16.772, 17.564
-17.006, 17.38
-17.24, 17.196
-17.474, 17.012
-17.754, 16.817
-18.103, 16.564
-18.299, 16.338
-18.496, 16.112
-18.693, 15.886
-18.89, 15.659
-18.92, 15.263
-19.08, 15.01
-19.241, 14.757
-19.401, 14.503
-19.562, 14.25
-16.641, 17.418
-16.875, 17.234
-17.109, 17.049
-17.344, 16.865
-17.619, 16.674
-17.952, 16.431
-18.149, 16.205
-18.346, 15.979
-18.543, 15.753
-18.739, 15.527
-18.75, 15.154
-18.911, 14.901
-19.071, 14.648
-19.232, 14.394
-19.392, 14.141
-16.511, 17.271
-16.745, 17.087
-16.979, 16.903
-17.213, 16.719
-17.484, 16.53
-17.802, 16.299
-17.998, 16.072
-18.195, 15.846
-18.392, 15.62
-18.589, 15.394
-18.581, 15.045
-18.742, 14.792
-18.902, 14.538
-19.062, 14.285
-19.223, 14.032
-16.384, 17.12
-16.618, 16.936
-16.852, 16.752
-17.086, 16.568
-17.353, 16.382
-17.653, 16.165
-17.849, 15.938
-18.046, 15.712
-18.243, 15.486
-18.44, 15.26
-18.413, 14.935
-18.574, 14.681
-18.734, 14.428
-18.895, 14.175
-19.055, 13.921
-16.253, 16.974
-16.487, 16.79
-16.721, 16.605
-16.955, 16.421
-17.218, 16.239
-17.502, 16.032
-17.699, 15.806
-17.895, 15.579
-18.092, 15.353
-18.289, 15.127
-18.244, 14.825
-18.404, 14.572
-18.565, 14.319
-18.725, 14.066
-18.886, 13.812
-16.08, 16.772
-16.314, 16.588
-16.548, 16.404
-16.782, 16.219
-17.04, 16.041
-17.298, 15.85
-17.495, 15.624
-17.692, 15.397
-17.889, 15.171
-18.111, 14.915
-18.175, 14.422
-18.336, 14.169
-18.496, 13.916
-18.658, 13.664
-15.949, 16.626
-16.183, 16.441
-16.417, 16.257
-16.651, 16.073
-16.905, 15.898
-17.169, 15.715
-17.36, 15.485
-17.552, 15.254
-17.743, 15.023
-17.991, 14.748
-18.006, 14.313
-18.166, 14.06
-18.327, 13.807
-18.489, 13.555
-15.818, 16.479
-16.053, 16.295
-16.287, 16.111
-16.521, 15.927
-16.77, 15.755
-17.015, 15.586
-17.207, 15.355
-17.398, 15.125
-17.59, 14.894
-17.803, 14.631
-17.837, 14.204
-17.997, 13.951
-18.158, 13.698
-18.318, 13.444
-15.688, 16.333
-15.922, 16.149
-16.156, 15.964
-16.39, 15.78
-16.635, 15.611
-16.871, 15.41
-17.077, 15.193
-17.296, 14.976
-17.478, 14.738
-17.663, 14.501
-17.687, 14.059
-17.876, 13.816
-18.026, 13.556
-15.557, 16.186
-15.791, 16.002
-16.025, 15.818
-16.259, 15.634
-16.504, 15.463
-16.723, 15.277
-16.929, 15.061
-17.138, 14.852
-17.32, 14.613
-17.503, 14.375
-17.522, 13.946
-17.703, 13.712
-17.854, 13.452
-15.426, 16.04
-15.66, 15.856
-15.894, 15.672
-16.128, 15.488
-16.37, 15.32
-16.575, 15.144
-16.781, 14.928
-16.98, 14.727
-17.163, 14.489
-17.345, 14.251
-17.358, 13.833
-17.531, 13.608
-17.681, 13.349
-15.299, 15.889
-15.533, 15.705
-15.768, 15.52
-16.002, 15.336
-16.239, 15.171
-16.429, 15.008
-16.635, 14.791
-16.824, 14.602
-17.006, 14.364
-17.188, 14.125
-17.196, 13.716
-17.359, 13.504
-17.509, 13.244
-15.169, 15.742
-15.403, 15.558
-15.637, 15.374
-15.871, 15.19
-16.106, 15.033
-16.281, 14.875
-16.487, 14.659
-16.666, 14.477
-16.848, 14.239
-17.031, 14.001
-17.032, 13.602
-17.186, 13.4
-17.336, 13.14
-15.002, 15.533
-15.236, 15.349
-15.47, 15.165
-15.706, 14.985
-15.93, 14.833
-16.093, 14.667
-16.309, 14.482
-16.463, 14.254
-16.638, 14.069
-16.82, 13.831
-16.816, 13.441
-16.956, 13.258
-17.106, 12.998
-14.871, 15.387
-15.105, 15.202
-15.339, 15.018
-15.575, 14.839
-15.795, 14.689
-16.612, 13.5
-16.768, 13.244
-16.925, 12.988
-14.74, 15.24
-14.975, 15.056
-15.209, 14.872
-15.445, 14.692
-16.442, 13.392
-16.599, 13.136
-16.755, 12.88
-14.61, 15.094
-14.844, 14.91
-15.078, 14.725
-15.314, 14.546
-16.272, 13.284
-16.429, 13.028
-16.585, 12.773
-14.479, 14.947
-14.713, 14.763
-14.947, 14.579
-15.183, 14.399
-16.102, 13.176
-16.259, 12.921
-16.408, 12.684
-16.499, 18.517
-16.226, 18.641
-15.953, 18.765
-15.68, 18.889
-15.398, 19.017
-15.061, 19.145
-14.785, 19.263
-14.509, 19.38
-14.233, 19.498
-13.958, 19.615
-16.407, 18.344
-16.134, 18.468
-15.862, 18.592
-15.589, 18.717
-15.307, 18.845
-14.974, 18.971
-14.698, 19.088
-14.422, 19.205
-14.146, 19.323
-13.87, 19.44
-16.315, 18.172
-16.043, 18.296
-15.77, 18.42
-15.497, 18.544
-15.215, 18.672
-14.886, 18.796
-14.61, 18.913
-14.334, 19.031
-14.059, 19.148
-13.783, 19.266
-16.224, 17.999
-15.951, 18.123
-15.678, 18.247
-15.405, 18.371
-15.123, 18.5
-14.799, 18.621
-14.523, 18.739
-14.247, 18.856
-13.971, 18.974
-13.695, 19.091
-16.132, 17.827
-15.859, 17.951
-15.586, 18.075
-15.313, 18.199
-15.031, 18.327
-14.711, 18.447
-14.435, 18.564
-14.16, 18.681
-13.884, 18.799
-13.608, 18.916
-15.767, 17.778
-15.494, 17.902
-15.221, 18.026
-14.939, 18.155
-14.624, 18.272
-14.348, 18.389
-14.072, 18.507
-13.796, 18.624
-13.52, 18.742
-15.676, 17.603
-15.403, 17.727
-15.13, 17.852
-14.848, 17.98
-14.537, 18.095
-14.261, 18.213
-13.986, 18.33
-13.71, 18.447
-13.434, 18.565
-15.584, 17.431
-15.311, 17.555
-15.038, 17.679
-14.756, 17.807
-14.45, 17.921
-14.174, 18.038
-13.898, 18.155
-13.622, 18.273
-13.346, 18.39
-15.461, 17.196
-15.188, 17.32
-14.915, 17.444
-14.633, 17.573
-14.36, 17.697
-14.057, 17.8
-13.781, 17.918
-13.505, 18.035
-13.229, 18.152
-15.369, 17.024
-15.096, 17.148
-14.823, 17.272
-14.541, 17.4
-14.268, 17.524
-13.969, 17.626
-13.693, 17.743
-13.418, 17.86
-13.142, 17.978
-15.277, 16.851
-15.004, 16.975
-14.731, 17.099
-14.449, 17.227
-14.177, 17.352
-13.882, 17.451
-13.606, 17.568
-13.33, 17.686
-13.054, 17.803
-15.185, 16.678
-14.913, 16.803
-14.64, 16.927
-14.358, 17.055
-14.085, 17.179
-13.794, 17.276
-13.519, 17.394
-13.243, 17.511
-12.967, 17.628
-15.094, 16.506
-14.821, 16.63
-14.548, 16.754
-14.266, 16.882
-13.993, 17.006
-13.707, 17.102
-13.431, 17.219
-13.155, 17.336
-12.879, 17.454
-14.739, 16.412
-14.483, 16.568
-14.218, 16.729
-13.901, 16.834
-13.62, 16.927
-13.344, 17.044
-13.068, 17.162
-12.792, 17.279
-14.627, 16.249
-14.371, 16.405
-14.107, 16.566
-13.81, 16.659
-13.533, 16.75
-13.257, 16.868
-12.981, 16.985
-12.705, 17.102
-14.515, 16.088
-14.259, 16.244
-13.994, 16.405
-13.718, 16.487
-13.446, 16.576
-13.17, 16.693
-12.894, 16.81
-12.618, 16.928
-14.365, 15.866
-14.109, 16.022
-13.844, 16.183
-13.596, 16.249
-13.33, 16.335
-13.054, 16.452
-12.778, 16.569
-12.502, 16.687
-13.278, 16.141
-13.005, 16.264
-12.731, 16.388
-12.458, 16.511
-13.187, 15.968
-12.913, 16.092
-12.64, 16.215
-12.367, 16.338
-13.095, 15.795
-12.822, 15.919
-12.549, 16.042
-12.276, 16.165
-13.004, 15.623
-12.731, 15.746
-12.457, 15.869
-12.184, 15.993
-13.282, 20.289
-12.987, 20.345
-12.693, 20.401
-12.398, 20.457
-12.103, 20.513
-11.796, 20.578
-11.472, 20.621
-11.165, 20.674
-10.868, 20.716
-10.571, 20.757
-10.274, 20.799
-13.228, 20.055
-12.933, 20.111
-12.638, 20.167
-12.344, 20.223
-12.049, 20.279
-11.744, 20.344
-11.426, 20.385
-11.123, 20.438
-10.826, 20.48
-10.529, 20.521
-10.231, 20.563
-13.188, 19.863
-12.893, 19.919
-12.598, 19.975
-12.304, 20.031
-12.009, 20.087
-11.706, 20.152
-11.389, 20.202
-11.092, 20.244
-10.795, 20.285
-10.498, 20.327
-10.201, 20.369
-13.147, 19.671
-12.853, 19.727
-12.558, 19.783
-12.263, 19.839
-11.969, 19.895
-11.667, 19.959
-11.358, 20.008
-11.061, 20.049
-10.764, 20.091
-10.467, 20.133
-10.17, 20.175
-13.107, 19.478
-12.812, 19.534
-12.518, 19.59
-12.223, 19.646
-11.928, 19.702
-11.628, 19.766
-11.327, 19.814
-11.03, 19.855
-10.733, 19.897
-10.436, 19.939
-10.139, 19.981
-12.772, 19.342
-12.478, 19.398
-12.183, 19.454
-11.888, 19.51
-11.59, 19.574
-11.297, 19.619
-11, 19.661
-10.703, 19.703
-10.405, 19.745
-10.108, 19.786
-12.732, 19.15
-12.437, 19.206
-12.143, 19.262
-11.848, 19.318
-11.551, 19.381
-11.266, 19.425
-10.969, 19.467
-10.672, 19.509
-10.375, 19.55
-10.078, 19.592
-12.69, 18.956
-12.396, 19.012
-12.101, 19.068
-11.806, 19.124
-11.512, 19.187
-11.234, 19.23
-10.937, 19.272
-10.64, 19.313
-10.343, 19.355
-10.046, 19.397
-12.65, 18.764
-12.356, 18.82
-12.061, 18.876
-11.766, 18.932
-11.473, 18.995
-11.203, 19.036
-10.906, 19.078
-10.609, 19.119
-10.312, 19.161
-10.015, 19.203
-12.611, 18.504
-12.316, 18.558
-12.021, 18.611
-11.726, 18.664
-11.421, 18.719
-11.147, 18.771
-10.851, 18.815
-10.554, 18.859
-10.257, 18.904
-9.961, 18.948
-12.573, 18.312
-12.278, 18.365
-11.983, 18.418
-11.687, 18.471
-11.382, 18.526
-11.115, 18.577
-10.818, 18.621
-10.521, 18.666
-10.225, 18.71
-9.928, 18.754
-12.535, 18.119
-12.239, 18.172
-11.944, 18.225
-11.649, 18.279
-11.344, 18.334
-11.082, 18.383
-10.786, 18.427
-10.489, 18.472
-10.192, 18.516
-9.896, 18.56
-12.201, 17.979
-11.906, 18.033
-11.611, 18.086
-11.306, 18.141
-11.027, 18.184
-10.731, 18.232
-10.435, 18.28
-10.139, 18.328
-12.496, 17.926
-12.458, 17.733
-12.163, 17.787
-11.867, 17.84
-11.572, 17.893
-11.267, 17.948
-10.992, 17.99
-10.696, 18.038
-10.4, 18.086
-10.104, 18.135
-12.419, 17.541
-12.124, 17.594
-11.829, 17.647
-11.534, 17.7
-11.229, 17.755
-10.957, 17.797
-10.661, 17.845
-10.365, 17.893
-10.069, 17.941
-12.38, 17.347
-12.084, 17.4
-11.789, 17.454
-11.494, 17.507
-11.189, 17.562
-10.921, 17.602
-10.625, 17.65
-10.329, 17.699
-10.033, 17.747
-12.341, 17.154
-12.046, 17.208
-11.751, 17.261
-11.456, 17.314
-11.151, 17.369
-10.886, 17.409
-10.59, 17.457
-10.294, 17.505
-9.998, 17.553
-12.073, 16.944
-11.776, 16.992
-10.54, 17.194
-10.244, 17.242
-9.947, 17.29
-12.038, 16.75
-11.741, 16.798
-10.505, 17
-10.209, 17.048
-9.912, 17.097
-12.003, 16.557
-11.706, 16.605
-10.47, 16.807
-10.174, 16.855
-9.877, 16.903
-11.968, 16.363
-11.671, 16.411
-10.435, 16.613
-10.139, 16.662
-9.842, 16.71
-11.933, 16.17
-11.636, 16.218
-10.4, 16.42
-10.104, 16.468
-9.807, 16.516
-4.374, 22.093
-4.674, 22.093
-4.974, 22.092
-5.274, 22.092
-5.574, 22.091
-5.874, 22.091
-6.174, 22.09
-6.474, 22.089
-6.784, 22.089
-7.084, 22.088
-7.384, 22.088
-7.684, 22.087
-7.984, 22.087
-8.284, 22.086
-8.584, 22.086
-8.884, 22.085
-4.379, 21.874
-4.679, 21.874
-4.978, 21.873
-5.278, 21.873
-5.578, 21.872
-5.878, 21.872
-6.178, 21.871
-6.478, 21.871
-6.788, 21.87
-7.088, 21.87
-7.388, 21.869
-7.688, 21.869
-7.988, 21.868
-8.288, 21.868
-8.588, 21.867
-8.888, 21.866
-4.383, 21.656
-4.683, 21.655
-4.983, 21.655
-5.283, 21.654
-5.583, 21.654
-5.883, 21.653
-6.183, 21.653
-6.483, 21.652
-6.793, 21.651
-7.093, 21.651
-7.393, 21.65
-7.693, 21.65
-7.993, 21.649
-8.293, 21.649
-8.593, 21.648
-8.893, 21.648
-4.388, 21.437
-4.688, 21.436
-4.988, 21.436
-5.288, 21.435
-5.588, 21.435
-5.887, 21.434
-6.188, 21.434
-6.487, 21.433
-6.797, 21.433
-7.097, 21.432
-7.397, 21.432
-7.697, 21.431
-7.997, 21.431
-8.297, 21.43
-8.597, 21.429
-8.897, 21.429
-4.392, 21.218
-4.692, 21.218
-4.992, 21.217
-5.292, 21.217
-5.592, 21.216
-5.892, 21.216
-6.192, 21.215
-6.492, 21.214
-6.802, 21.214
-7.102, 21.213
-7.402, 21.213
-7.702, 21.212
-8.002, 21.212
-8.302, 21.211
-8.602, 21.211
-8.902, 21.21
-4.397, 21.045
-4.697, 21.045
-4.997, 21.044
-5.297, 21.044
-5.597, 21.043
-5.897, 21.042
-6.197, 21.042
-6.497, 21.041
-6.807, 21.041
-7.107, 21.04
-7.407, 21.04
-7.707, 21.039
-8.007, 21.039
-8.307, 21.038
-8.607, 21.038
-8.907, 21.037
-4.401, 20.826
-4.701, 20.826
-5.001, 20.825
-5.301, 20.825
-5.601, 20.824
-5.901, 20.824
-6.201, 20.823
-6.501, 20.823
-6.811, 20.822
-7.111, 20.822
-7.411, 20.821
-7.711, 20.82
-8.011, 20.82
-8.311, 20.819
-8.611, 20.819
-8.911, 20.818
-4.436, 20.556
-4.736, 20.555
-5.036, 20.555
-5.336, 20.554
-5.636, 20.554
-5.936, 20.553
-6.236, 20.553
-6.536, 20.552
-6.846, 20.552
-7.146, 20.551
-7.446, 20.55
-7.746, 20.55
-8.046, 20.549
-8.346, 20.549
-8.646, 20.548
-8.946, 20.548
-4.441, 20.337
-4.74, 20.337
-5.04, 20.336
-5.34, 20.335
-5.64, 20.335
-5.94, 20.334
-6.24, 20.334
-6.54, 20.333
-6.85, 20.333
-7.15, 20.332
-7.45, 20.332
-7.75, 20.331
-8.05, 20.331
-8.35, 20.33
-8.65, 20.33
-8.95, 20.329
-4.445, 20.118
-4.745, 20.118
-5.045, 20.117
-5.345, 20.117
-5.645, 20.116
-5.945, 20.116
-6.245, 20.115
-6.545, 20.115
-6.855, 20.114
-7.155, 20.114
-7.455, 20.113
-7.755, 20.112
-8.055, 20.112
-8.355, 20.111
-8.655, 20.111
-8.955, 20.11
-4.45, 19.9
-4.75, 19.899
-5.05, 19.899
-5.35, 19.898
-5.649, 19.897
-5.95, 19.897
-6.249, 19.896
-6.549, 19.896
-6.859, 19.895
-7.159, 19.895
-7.459, 19.894
-7.759, 19.894
-8.059, 19.893
-8.359, 19.893
-8.659, 19.892
-8.959, 19.892
-4.454, 19.681
-4.754, 19.68
-5.054, 19.68
-5.354, 19.679
-5.654, 19.679
-5.954, 19.678
-6.254, 19.678
-6.554, 19.677
-6.864, 19.677
-7.164, 19.676
-7.464, 19.676
-7.764, 19.675
-8.064, 19.674
-8.364, 19.674
-8.664, 19.673
-8.964, 19.673
-4.459, 19.462
-4.759, 19.462
-5.059, 19.461
-5.359, 19.461
-5.659, 19.46
-5.959, 19.459
-6.259, 19.459
-6.559, 19.458
-6.869, 19.458
-7.169, 19.457
-7.468, 19.457
-7.768, 19.456
-8.069, 19.456
-8.368, 19.455
-8.669, 19.455
-8.968, 19.454
-4.463, 19.289
-4.763, 19.288
-5.063, 19.288
-5.363, 19.287
-5.663, 19.287
-5.963, 19.286
-6.263, 19.286
-6.563, 19.285
-6.873, 19.285
-7.173, 19.284
-7.473, 19.284
-7.773, 19.283
-8.073, 19.283
-8.373, 19.282
-8.673, 19.282
-8.973, 19.281
-4.468, 19.07
-4.768, 19.07
-5.068, 19.069
-5.368, 19.069
-5.668, 19.068
-5.968, 19.068
-6.268, 19.067
-6.568, 19.067
-6.878, 19.066
-7.178, 19.065
-7.478, 19.065
-7.778, 19.064
-8.078, 19.064
-8.378, 19.063
-8.678, 19.063
-8.978, 19.062
-4.474, 18.814
-4.774, 18.813
-5.074, 18.813
-5.374, 18.812
-5.674, 18.812
-5.974, 18.811
-6.274, 18.811
-6.574, 18.81
-6.884, 18.809
-7.184, 18.809
-7.484, 18.808
-7.784, 18.808
-8.084, 18.807
-8.384, 18.807
-8.684, 18.806
-8.984, 18.806
-4.479, 18.595
-4.779, 18.594
-5.079, 18.594
-5.378, 18.593
-5.678, 18.593
-5.978, 18.592
-6.278, 18.592
-6.578, 18.591
-6.888, 18.591
-7.188, 18.59
-7.488, 18.59
-7.788, 18.589
-8.088, 18.589
-8.388, 18.588
-8.688, 18.588
-8.988, 18.587
-4.483, 18.376
-4.783, 18.376
-5.083, 18.375
-5.383, 18.375
-5.683, 18.374
-5.983, 18.374
-6.283, 18.373
-6.583, 18.373
-6.893, 18.372
-7.193, 18.371
-7.493, 18.371
-7.793, 18.37
-8.093, 18.37
-8.393, 18.369
-8.693, 18.369
-8.993, 18.368
-4.488, 18.158
-4.788, 18.157
-5.088, 18.156
-5.388, 18.156
-5.688, 18.155
-5.988, 18.155
-6.287, 18.154
-6.588, 18.154
-6.897, 18.153
-7.197, 18.153
-7.497, 18.152
-7.797, 18.152
-8.097, 18.151
-8.397, 18.151
-8.697, 18.15
-8.997, 18.15
-4.492, 17.939
-4.792, 17.938
-5.092, 17.938
-5.392, 17.937
-5.692, 17.937
-5.992, 17.936
-6.292, 17.936
-6.592, 17.935
-6.902, 17.935
-7.202, 17.934
-7.502, 17.933
-7.802, 17.933
-8.102, 17.932
-8.402, 17.932
-8.702, 17.931
-9.002, 17.931
-4.497, 17.72
-4.797, 17.72
-5.097, 17.719
-5.397, 17.718
-5.697, 17.718
-5.997, 17.717
-6.297, 17.717
-6.597, 17.716
-6.907, 17.716
-7.207, 17.715
-7.507, 17.715
-7.807, 17.714
-8.107, 17.714
-8.406, 17.713
-8.706, 17.713
-9.006, 17.712
-4.501, 17.547
-4.801, 17.546
-5.101, 17.546
-5.401, 17.545
-5.701, 17.545
-6.001, 17.544
-6.301, 17.544
-6.601, 17.543
-6.911, 17.543
-7.211, 17.542
-7.511, 17.542
-7.811, 17.541
-8.111, 17.54
-8.411, 17.54
-8.711, 17.539
-9.011, 17.539
-4.506, 17.328
-4.806, 17.328
-5.106, 17.327
-5.406, 17.327
-5.706, 17.326
-6.006, 17.326
-6.306, 17.325
-6.606, 17.324
-6.916, 17.324
-7.216, 17.323
-7.516, 17.323
-7.816, 17.322
-8.116, 17.322
-8.416, 17.321
-8.716, 17.321
-9.016, 17.32
-4.512, 17.145
-4.812, 17.144
-5.112, 17.144
-5.412, 17.143
-5.712, 17.143
-6.012, 17.142
-6.312, 17.141
-6.612, 17.141
-6.922, 17.14
-7.222, 17.14
-7.522, 17.139
-7.822, 17.139
-8.122, 17.138
-8.422, 17.138
-8.722, 17.137
-9.022, 17.137
-4.517, 16.926
-4.817, 16.925
-5.117, 16.925
-5.417, 16.924
-5.717, 16.924
-6.017, 16.923
-6.317, 16.923
-7.527, 16.921
-7.827, 16.92
-8.127, 16.92
-8.427, 16.919
-8.727, 16.918
-9.027, 16.918
-4.521, 16.707
-4.821, 16.707
-5.121, 16.706
-5.421, 16.706
-5.721, 16.705
-6.021, 16.705
-6.321, 16.704
-7.531, 16.702
-7.831, 16.701
-8.131, 16.701
-8.431, 16.7
-8.731, 16.7
-9.031, 16.699
-4.526, 16.488
-4.826, 16.488
-5.126, 16.487
-5.426, 16.487
-5.726, 16.486
-6.026, 16.486
-6.326, 16.485
-7.536, 16.483
-7.836, 16.483
-8.136, 16.482
-8.436, 16.481
-8.736, 16.481
-9.036, 16.48
-4.53, 16.27
-4.83, 16.269
-5.13, 16.269
-5.43, 16.268
-5.73, 16.268
-6.03, 16.267
-6.33, 16.266
-7.54, 16.264
-7.84, 16.264
-8.14, 16.263
-8.44, 16.263
-8.74, 16.262
-9.04, 16.262
-0.289, 22.066
-0.589, 22.061
-0.889, 22.056
-1.189, 22.051
-1.489, 22.046
-1.789, 22.041
-2.089, 22.036
-2.428, 22.041
-2.728, 22.036
-3.028, 22.031
-3.328, 22.027
-3.628, 22.021
-3.928, 22.016
-0.291, 21.848
-0.591, 21.843
-0.891, 21.838
-1.191, 21.833
-1.491, 21.828
-1.791, 21.823
-2.09, 21.818
-2.43, 21.824
-2.73, 21.819
-3.03, 21.814
-3.33, 21.809
-3.63, 21.804
-3.93, 21.799
-0.293, 21.631
-0.593, 21.626
-0.892, 21.621
-1.192, 21.616
-1.492, 21.611
-1.792, 21.606
-2.092, 21.601
-2.432, 21.607
-2.732, 21.602
-3.032, 21.597
-3.331, 21.592
-3.631, 21.587
-3.931, 21.582
-0.294, 21.413
-0.594, 21.408
-0.894, 21.403
-1.194, 21.398
-1.494, 21.394
-1.794, 21.388
-2.094, 21.383
-2.433, 21.389
-2.733, 21.384
-3.033, 21.379
-3.333, 21.374
-3.633, 21.369
-3.933, 21.364
-0.296, 21.196
-0.596, 21.191
-0.896, 21.186
-1.196, 21.181
-1.496, 21.176
-1.796, 21.171
-2.096, 21.166
-2.435, 21.172
-2.735, 21.167
-3.035, 21.162
-3.335, 21.157
-3.635, 21.152
-3.935, 21.147
-0.299, 21.024
-0.599, 21.019
-0.899, 21.014
-1.199, 21.009
-1.499, 21.004
-1.799, 20.999
-2.099, 20.994
-2.438, 21
-2.738, 20.995
-3.038, 20.99
-3.338, 20.985
-3.638, 20.98
-3.938, 20.975
-0.301, 20.807
-0.601, 20.802
-0.901, 20.797
-1.201, 20.792
-1.501, 20.787
-1.8, 20.782
-2.1, 20.777
-2.44, 20.783
-2.74, 20.778
-3.04, 20.773
-3.34, 20.768
-3.64, 20.763
-3.94, 20.758
-0.333, 20.541
-0.633, 20.536
-0.933, 20.531
-1.233, 20.526
-1.533, 20.521
-1.833, 20.516
-2.133, 20.511
-2.472, 20.516
-2.772, 20.511
-3.072, 20.506
-3.372, 20.501
-3.672, 20.496
-3.972, 20.491
-0.335, 20.323
-0.635, 20.318
-0.935, 20.313
-1.235, 20.308
-1.535, 20.303
-1.835, 20.298
-2.135, 20.293
-2.474, 20.299
-2.774, 20.294
-3.074, 20.289
-3.374, 20.284
-3.674, 20.279
-3.974, 20.274
-0.337, 20.106
-0.637, 20.101
-0.937, 20.096
-1.237, 20.091
-1.537, 20.086
-1.837, 20.081
-2.137, 20.076
-2.476, 20.082
-2.776, 20.077
-3.076, 20.072
-3.376, 20.067
-3.676, 20.062
-3.976, 20.057
-0.339, 19.888
-0.639, 19.883
-0.939, 19.878
-1.239, 19.873
-1.539, 19.868
-1.839, 19.863
-2.138, 19.859
-2.478, 19.864
-2.778, 19.859
-3.078, 19.854
-3.378, 19.849
-3.678, 19.844
-3.978, 19.839
-0.341, 19.671
-0.641, 19.666
-0.94, 19.661
-1.24, 19.656
-1.54, 19.651
-1.84, 19.646
-2.14, 19.641
-2.48, 19.647
-2.78, 19.642
-3.08, 19.637
-3.379, 19.632
-3.679, 19.627
-3.979, 19.622
-0.342, 19.454
-0.642, 19.449
-0.942, 19.444
-1.242, 19.439
-1.542, 19.434
-1.842, 19.429
-2.142, 19.424
-2.481, 19.429
-2.781, 19.424
-3.081, 19.419
-3.381, 19.414
-3.681, 19.409
-3.981, 19.404
-0.345, 19.282
-0.645, 19.277
-0.945, 19.272
-1.245, 19.267
-1.545, 19.262
-1.845, 19.257
-2.145, 19.252
-2.484, 19.258
-2.784, 19.253
-3.084, 19.248
-3.384, 19.243
-3.684, 19.238
-3.984, 19.233
-0.347, 19.064
-0.647, 19.06
-0.947, 19.054
-1.247, 19.049
-1.547, 19.045
-1.847, 19.04
-2.147, 19.035
-2.486, 19.04
-2.786, 19.035
-3.086, 19.03
-3.386, 19.025
-3.686, 19.02
-3.986, 19.015
-0.35, 18.81
-0.65, 18.805
-0.95, 18.8
-1.25, 18.795
-1.55, 18.79
-1.85, 18.785
-2.15, 18.78
-2.489, 18.786
-2.789, 18.781
-3.089, 18.776
-3.389, 18.771
-3.689, 18.766
-3.989, 18.761
-0.352, 18.592
-0.652, 18.587
-0.952, 18.582
-1.252, 18.578
-1.552, 18.572
-1.852, 18.567
-2.151, 18.562
-2.491, 18.568
-2.791, 18.563
-3.091, 18.558
-3.391, 18.553
-3.691, 18.548
-3.991, 18.543
-0.354, 18.375
-0.654, 18.37
-0.954, 18.365
-1.253, 18.36
-1.553, 18.355
-1.853, 18.35
-2.153, 18.345
-2.493, 18.351
-2.793, 18.346
-3.093, 18.341
-3.393, 18.336
-3.693, 18.331
-3.992, 18.326
-0.355, 18.158
-0.655, 18.153
-0.955, 18.148
-1.255, 18.143
-1.555, 18.138
-1.855, 18.133
-2.155, 18.128
-2.494, 18.133
-2.794, 18.128
-3.094, 18.123
-3.394, 18.118
-3.694, 18.113
-3.994, 18.108
-0.357, 17.94
-0.657, 17.935
-0.957, 17.93
-1.257, 17.925
-1.557, 17.92
-1.857, 17.915
-2.157, 17.91
-2.496, 17.916
-2.796, 17.911
-3.096, 17.906
-3.396, 17.901
-3.696, 17.896
-3.996, 17.891
-0.359, 17.723
-0.659, 17.718
-0.959, 17.713
-1.259, 17.708
-1.559, 17.703
-1.859, 17.698
-2.159, 17.693
-2.498, 17.698
-2.798, 17.693
-3.098, 17.688
-3.398, 17.683
-3.698, 17.678
-3.998, 17.673
-0.362, 17.551
-0.662, 17.546
-0.962, 17.541
-1.262, 17.536
-1.562, 17.531
-1.862, 17.526
-2.161, 17.521
-2.501, 17.527
-2.801, 17.522
-3.101, 17.517
-3.401, 17.512
-3.701, 17.507
-4.001, 17.502
-0.364, 17.334
-0.664, 17.329
-0.964, 17.324
-1.263, 17.319
-1.563, 17.314
-1.863, 17.309
-2.163, 17.304
-2.503, 17.309
-2.803, 17.304
-3.102, 17.299
-3.402, 17.294
-3.702, 17.289
-4.002, 17.284
-0.368, 17.152
-0.668, 17.147
-0.968, 17.142
-1.268, 17.137
-1.568, 17.132
-1.868, 17.127
-2.168, 17.122
-2.507, 17.128
-2.807, 17.123
-3.107, 17.118
-3.407, 17.113
-3.707, 17.108
-4.007, 17.103
-0.37, 16.935
-0.67, 16.93
-0.97, 16.925
-1.27, 16.92
-1.57, 16.915
-1.87, 16.91
-3.109, 16.901
-3.409, 16.896
-3.709, 16.891
-4.009, 16.886
-0.372, 16.717
-0.672, 16.712
-0.972, 16.708
-1.272, 16.702
-1.572, 16.697
-1.872, 16.692
-3.111, 16.683
-3.411, 16.678
-3.711, 16.673
-4.011, 16.668
-0.374, 16.5
-0.674, 16.495
-0.973, 16.49
-1.273, 16.485
-1.573, 16.48
-1.873, 16.475
-3.112, 16.466
-3.412, 16.461
-3.712, 16.456
-4.012, 16.451
-0.375, 16.283
-0.675, 16.278
-0.975, 16.273
-1.275, 16.268
-1.575, 16.263
-1.875, 16.258
-3.114, 16.248
-3.414, 16.243
-3.714, 16.238
-4.014, 16.233
0.352, 22.187
0.652, 22.178
0.952, 22.17
1.251, 22.161
1.551, 22.153
1.851, 22.144
2.151, 22.136
2.491, 22.166
2.791, 22.157
3.091, 22.149
3.391, 22.14
3.691, 22.132
3.99, 22.123
0.353, 21.988
0.653, 21.979
0.953, 21.971
1.253, 21.962
1.553, 21.954
1.853, 21.945
2.153, 21.937
2.493, 21.967
2.792, 21.958
3.092, 21.95
3.392, 21.941
3.692, 21.933
3.992, 21.924
0.355, 21.788
0.655, 21.78
0.955, 21.771
1.254, 21.763
1.554, 21.754
1.854, 21.746
2.154, 21.738
2.494, 21.767
2.794, 21.759
3.094, 21.75
3.394, 21.742
3.694, 21.733
3.993, 21.725
0.356, 21.589
0.656, 21.581
0.956, 21.572
1.256, 21.564
1.556, 21.555
1.856, 21.547
2.156, 21.538
2.496, 21.568
2.795, 21.56
3.095, 21.551
3.395, 21.543
3.695, 21.534
3.995, 21.526
0.358, 21.39
0.658, 21.381
0.958, 21.373
1.258, 21.365
1.557, 21.356
1.857, 21.348
2.157, 21.339
2.497, 21.369
2.797, 21.36
3.097, 21.352
3.397, 21.343
3.697, 21.335
3.996, 21.327
0.359, 21.191
0.659, 21.182
0.959, 21.174
1.259, 21.165
1.559, 21.157
1.859, 21.148
2.159, 21.14
2.499, 21.169
2.798, 21.161
3.098, 21.152
3.398, 21.144
3.698, 21.136
3.998, 21.127
0.361, 20.991
0.661, 20.983
0.961, 20.974
1.261, 20.966
1.56, 20.957
1.86, 20.949
2.16, 20.94
2.5, 20.97
2.8, 20.962
3.1, 20.953
3.4, 20.945
3.7, 20.936
4, 20.928
0.387, 20.479
0.687, 20.47
0.987, 20.462
1.287, 20.453
1.587, 20.445
1.886, 20.436
2.186, 20.428
2.526, 20.458
2.826, 20.449
3.126, 20.441
3.426, 20.432
3.726, 20.424
4.026, 20.415
0.389, 20.28
0.688, 20.271
0.988, 20.263
1.288, 20.254
1.588, 20.246
1.888, 20.237
2.188, 20.229
2.528, 20.259
2.828, 20.25
3.128, 20.242
3.427, 20.233
3.727, 20.225
4.027, 20.216
0.39, 20.08
0.69, 20.072
0.99, 20.063
1.29, 20.055
1.59, 20.047
1.889, 20.038
2.189, 20.03
2.529, 20.059
2.829, 20.051
3.129, 20.042
3.429, 20.034
3.729, 20.025
4.029, 20.017
0.392, 19.881
0.691, 19.873
0.991, 19.864
1.291, 19.856
1.591, 19.847
1.891, 19.839
2.191, 19.83
2.531, 19.86
2.831, 19.852
3.131, 19.843
3.43, 19.835
3.73, 19.826
4.03, 19.818
0.393, 19.682
0.693, 19.673
0.993, 19.665
1.293, 19.657
1.593, 19.648
1.893, 19.64
2.192, 19.631
2.532, 19.661
2.832, 19.653
3.132, 19.644
3.432, 19.636
3.732, 19.627
4.032, 19.619
0.395, 19.483
0.695, 19.474
0.994, 19.466
1.294, 19.457
1.594, 19.449
1.894, 19.44
2.194, 19.432
2.534, 19.462
2.834, 19.453
3.134, 19.445
3.433, 19.436
3.733, 19.428
4.033, 19.419
0.396, 19.283
0.696, 19.275
0.996, 19.266
1.296, 19.258
1.596, 19.249
1.896, 19.241
2.195, 19.232
2.535, 19.262
2.835, 19.254
3.135, 19.245
3.435, 19.237
3.735, 19.228
4.035, 19.22
0.398, 19.084
0.698, 19.076
0.997, 19.067
1.297, 19.059
1.597, 19.05
1.897, 19.042
2.197, 19.033
2.537, 19.063
2.837, 19.055
3.137, 19.046
3.436, 19.038
3.736, 19.029
4.036, 19.021
0.4, 18.815
0.7, 18.806
0.999, 18.798
1.299, 18.79
1.599, 18.781
1.899, 18.773
2.199, 18.764
2.539, 18.794
2.839, 18.785
3.138, 18.777
3.438, 18.768
3.738, 18.76
4.038, 18.752
0.401, 18.616
0.701, 18.607
1.001, 18.599
1.301, 18.59
1.601, 18.582
1.9, 18.573
2.2, 18.565
2.54, 18.595
2.84, 18.586
3.14, 18.578
3.44, 18.569
3.74, 18.561
4.04, 18.552
0.403, 18.417
0.703, 18.408
1.002, 18.4
1.302, 18.391
1.602, 18.383
1.902, 18.374
2.202, 18.366
2.542, 18.395
2.842, 18.387
3.142, 18.379
3.442, 18.37
3.741, 18.362
4.041, 18.353
0.404, 18.217
0.704, 18.209
1.004, 18.2
1.304, 18.192
1.604, 18.183
1.904, 18.175
2.203, 18.166
2.543, 18.196
2.843, 18.188
3.143, 18.179
3.443, 18.171
3.743, 18.162
4.043, 18.154
0.406, 18.018
0.706, 18.01
1.006, 18.001
1.305, 17.993
1.605, 17.984
1.905, 17.976
2.205, 17.967
2.545, 17.997
2.845, 17.989
3.145, 17.98
3.445, 17.972
3.744, 17.963
4.044, 17.955
0.407, 17.819
0.707, 17.81
1.007, 17.802
1.307, 17.793
1.607, 17.785
1.907, 17.777
2.207, 17.768
2.546, 17.798
2.846, 17.789
3.146, 17.781
3.446, 17.772
3.746, 17.764
4.046, 17.755
0.409, 17.619
0.709, 17.611
1.009, 17.602
1.308, 17.594
1.608, 17.586
1.908, 17.577
2.208, 17.569
2.548, 17.598
2.848, 17.59
3.148, 17.581
3.448, 17.573
3.747, 17.564
4.047, 17.556
0.41, 17.42
0.71, 17.412
1.01, 17.403
1.31, 17.395
1.61, 17.386
1.91, 17.378
2.209, 17.369
2.549, 17.399
2.849, 17.391
3.149, 17.382
3.449, 17.374
3.749, 17.365
4.049, 17.357
0.412, 17.151
0.712, 17.142
1.012, 17.134
1.312, 17.125
1.612, 17.117
1.912, 17.108
2.211, 17.1
2.551, 17.13
2.851, 17.121
3.151, 17.113
3.451, 17.104
3.751, 17.096
4.051, 17.087
0.414, 16.951
0.714, 16.943
1.014, 16.934
1.313, 16.926
1.613, 16.918
1.913, 16.909
3.153, 16.913
3.452, 16.905
3.752, 16.897
4.052, 16.888
0.415, 16.752
0.715, 16.744
1.015, 16.735
1.315, 16.727
1.615, 16.718
1.915, 16.71
3.154, 16.714
3.454, 16.706
3.754, 16.697
4.054, 16.689
0.417, 16.553
0.717, 16.545
1.017, 16.536
1.316, 16.528
1.616, 16.519
1.916, 16.511
3.156, 16.515
3.456, 16.507
3.755, 16.498
4.055, 16.49
0.418, 16.354
0.718, 16.345
1.018, 16.337
1.318, 16.328
1.618, 16.32
1.918, 16.312
3.157, 16.316
3.457, 16.307
3.757, 16.299
4.057, 16.29
4.407, 22.283
4.707, 22.274
5.007, 22.265
5.307, 22.256
5.606, 22.247
5.906, 22.238
6.206, 22.23
6.506, 22.221
6.816, 22.211
7.116, 22.203
7.416, 22.194
7.715, 22.185
8.015, 22.176
8.315, 22.167
8.615, 22.158
8.915, 22.149
4.409, 22.084
4.709, 22.075
5.009, 22.066
5.309, 22.057
5.608, 22.048
5.908, 22.039
6.208, 22.031
6.508, 22.022
6.818, 22.012
7.118, 22.003
7.418, 21.995
7.717, 21.986
8.017, 21.977
8.317, 21.968
8.617, 21.959
8.917, 21.95
4.411, 21.885
4.711, 21.876
5.011, 21.867
5.311, 21.858
5.61, 21.849
5.91, 21.84
6.21, 21.831
6.51, 21.823
6.82, 21.813
7.12, 21.804
7.42, 21.795
7.719, 21.787
8.019, 21.778
8.319, 21.769
8.619, 21.76
8.919, 21.751
4.413, 21.686
4.713, 21.677
5.013, 21.668
5.313, 21.659
5.612, 21.65
5.912, 21.641
6.212, 21.632
6.512, 21.623
6.822, 21.614
7.122, 21.605
7.422, 21.596
7.721, 21.588
8.021, 21.579
8.321, 21.57
8.621, 21.561
8.921, 21.552
4.415, 21.487
4.715, 21.478
5.015, 21.469
5.315, 21.46
5.614, 21.451
5.914, 21.442
6.214, 21.433
6.514, 21.424
6.824, 21.415
7.124, 21.406
7.424, 21.397
7.723, 21.388
8.023, 21.379
8.323, 21.371
8.623, 21.362
8.923, 21.353
4.417, 21.287
4.717, 21.279
5.016, 21.27
5.316, 21.261
5.616, 21.252
5.916, 21.243
6.216, 21.234
6.516, 21.225
6.826, 21.216
7.125, 21.207
7.425, 21.198
7.725, 21.189
8.025, 21.18
8.325, 21.171
8.625, 21.162
8.925, 21.153
4.419, 21.088
4.719, 21.079
5.018, 21.07
5.318, 21.062
5.618, 21.053
5.918, 21.044
6.218, 21.035
6.518, 21.026
6.828, 21.017
7.127, 21.008
7.427, 20.999
7.727, 20.99
8.027, 20.981
8.327, 20.972
8.627, 20.963
8.927, 20.954
4.444, 20.576
4.744, 20.567
5.044, 20.558
5.344, 20.549
5.644, 20.54
5.944, 20.531
6.244, 20.522
6.543, 20.514
6.853, 20.504
7.153, 20.495
7.453, 20.486
7.753, 20.478
8.053, 20.469
8.353, 20.46
8.652, 20.451
8.952, 20.442
4.446, 20.377
4.746, 20.368
5.046, 20.359
5.346, 20.35
5.646, 20.341
5.946, 20.332
6.246, 20.323
6.545, 20.315
6.855, 20.305
7.155, 20.296
7.455, 20.287
7.755, 20.278
8.055, 20.27
8.355, 20.261
8.654, 20.252
8.954, 20.243
4.448, 20.178
4.748, 20.169
5.048, 20.16
5.348, 20.151
5.648, 20.142
5.948, 20.133
6.247, 20.124
6.547, 20.115
6.857, 20.106
7.157, 20.097
7.457, 20.088
7.757, 20.079
8.057, 20.07
8.357, 20.062
8.656, 20.053
8.956, 20.044
4.45, 19.979
4.75, 19.97
5.05, 19.961
5.35, 19.952
5.65, 19.943
5.95, 19.934
6.25, 19.925
6.549, 19.916
6.859, 19.907
7.159, 19.898
7.459, 19.889
7.759, 19.88
8.059, 19.871
8.359, 19.863
8.658, 19.854
8.958, 19.845
4.452, 19.78
4.752, 19.771
5.052, 19.762
5.352, 19.753
5.652, 19.744
5.952, 19.735
6.252, 19.726
6.551, 19.717
6.861, 19.708
7.161, 19.699
7.461, 19.69
7.761, 19.681
8.061, 19.672
8.361, 19.663
8.66, 19.655
8.96, 19.646
4.454, 19.581
4.754, 19.572
5.054, 19.563
5.354, 19.554
5.654, 19.545
5.954, 19.536
6.254, 19.527
6.553, 19.518
6.863, 19.509
7.163, 19.5
7.463, 19.491
7.763, 19.482
8.063, 19.473
8.363, 19.464
8.662, 19.455
8.962, 19.447
4.456, 19.381
4.756, 19.372
5.056, 19.363
5.356, 19.355
5.655, 19.346
5.955, 19.337
6.255, 19.328
6.555, 19.319
6.865, 19.31
7.165, 19.301
7.465, 19.292
7.765, 19.283
8.064, 19.274
8.364, 19.265
8.664, 19.256
8.964, 19.247
4.458, 19.182
4.758, 19.173
5.058, 19.164
5.358, 19.155
5.658, 19.147
5.957, 19.138
6.257, 19.129
6.557, 19.12
6.867, 19.111
7.167, 19.102
7.467, 19.093
7.766, 19.084
8.066, 19.075
8.366, 19.066
8.666, 19.057
8.966, 19.048
4.461, 18.913
4.76, 18.904
5.06, 18.895
5.36, 18.886
5.66, 18.878
5.96, 18.869
6.26, 18.86
6.559, 18.851
6.869, 18.842
7.169, 18.833
7.469, 18.824
7.769, 18.815
8.069, 18.806
8.369, 18.797
8.668, 18.788
8.968, 18.779
4.463, 18.714
4.762, 18.705
5.062, 18.696
5.362, 18.687
5.662, 18.678
5.962, 18.67
6.262, 18.661
6.561, 18.652
6.871, 18.642
7.171, 18.634
7.471, 18.625
7.771, 18.616
8.071, 18.607
8.371, 18.598
8.67, 18.589
8.97, 18.58
4.465, 18.515
4.764, 18.506
5.064, 18.497
5.364, 18.488
5.664, 18.479
5.964, 18.47
6.264, 18.462
6.563, 18.453
6.873, 18.443
7.173, 18.434
7.473, 18.426
7.773, 18.417
8.073, 18.408
8.373, 18.399
8.672, 18.39
8.972, 18.381
4.467, 18.316
4.766, 18.307
5.066, 18.298
5.366, 18.289
5.666, 18.28
5.966, 18.271
6.266, 18.262
6.565, 18.254
6.875, 18.244
7.175, 18.235
7.475, 18.226
7.775, 18.218
8.075, 18.209
8.375, 18.2
8.674, 18.191
8.974, 18.182
4.469, 18.117
4.768, 18.108
5.068, 18.099
5.368, 18.09
5.668, 18.081
5.968, 18.072
6.268, 18.063
6.567, 18.054
6.877, 18.045
7.177, 18.036
7.477, 18.027
7.777, 18.018
8.077, 18.01
8.377, 18.001
8.676, 17.992
8.976, 17.983
4.471, 17.918
4.77, 17.909
5.07, 17.9
5.37, 17.891
5.67, 17.882
5.97, 17.873
6.27, 17.864
6.569, 17.855
6.879, 17.846
7.179, 17.837
7.479, 17.828
7.779, 17.819
8.079, 17.81
8.379, 17.802
8.678, 17.793
8.978, 17.784
4.472, 17.718
4.772, 17.71
5.072, 17.701
5.372, 17.692
5.672, 17.683
5.971, 17.674
6.271, 17.665
6.571, 17.656
6.881, 17.647
7.181, 17.638
7.481, 17.629
7.781, 17.62
8.08, 17.611
8.38, 17.602
8.68, 17.593
8.98, 17.584
4.474, 17.519
4.774, 17.51
5.074, 17.502
5.374, 17.493
5.674, 17.484
5.973, 17.475
6.273, 17.466
6.573, 17.457
6.883, 17.448
7.183, 17.439
7.483, 17.43
7.783, 17.421
8.082, 17.412
8.382, 17.403
8.682, 17.394
8.982, 17.385
4.476, 17.25
4.776, 17.241
5.076, 17.232
5.376, 17.223
5.675, 17.214
5.975, 17.205
6.275, 17.196
6.575, 17.188
6.885, 17.178
7.185, 17.169
7.485, 17.16
7.784, 17.152
8.084, 17.143
8.384, 17.134
8.684, 17.125
8.984, 17.116
4.478, 17.051
4.778, 17.042
5.078, 17.033
5.378, 17.024
5.677, 17.015
5.977, 17.006
6.277, 16.997
7.487, 16.961
7.786, 16.952
8.086, 16.944
8.386, 16.935
8.686, 16.926
8.986, 16.917
4.48, 16.852
4.78, 16.843
5.08, 16.834
5.38, 16.825
5.679, 16.816
5.979, 16.807
6.279, 16.798
7.489, 16.762
7.788, 16.753
8.088, 16.744
8.388, 16.735
8.688, 16.727
8.988, 16.718
4.482, 16.653
4.782, 16.644
5.082, 16.635
5.382, 16.626
5.681, 16.617
5.981, 16.608
6.281, 16.599
7.491, 16.563
7.79, 16.554
8.09, 16.545
8.39, 16.536
8.69, 16.528
8.99, 16.519
4.484, 16.454
4.784, 16.445
5.084, 16.436
5.384, 16.427
5.683, 16.418
5.983, 16.409
6.283, 16.4
7.493, 16.364
7.792, 16.355
8.092, 16.346
8.392, 16.337
8.692, 16.328
8.992, 16.32
14.204, 19.983
13.925, 20.088
13.646, 20.194
13.367, 20.301
13.035, 20.448
12.565, 20.604
12.27, 20.656
11.974, 20.709
11.679, 20.762
11.384, 20.815
10.905, 20.704
10.605, 20.711
10.305, 20.719
10.005, 20.726
9.705, 20.734
14.121, 19.754
13.842, 19.86
13.563, 19.966
13.283, 20.072
12.957, 20.218
12.512, 20.412
12.216, 20.464
11.921, 20.517
11.626, 20.57
11.33, 20.623
10.885, 20.457
10.585, 20.464
10.286, 20.472
9.986, 20.48
9.686, 20.487
14.058, 19.565
13.778, 19.671
13.499, 19.777
13.22, 19.883
12.898, 20.027
12.47, 20.213
12.175, 20.265
11.879, 20.318
11.584, 20.371
11.289, 20.424
10.874, 20.254
10.574, 20.261
10.274, 20.269
9.974, 20.277
9.674, 20.284
13.994, 19.376
13.715, 19.482
13.435, 19.588
13.156, 19.694
12.84, 19.835
12.429, 20.014
12.133, 20.066
11.838, 20.119
11.543, 20.172
11.247, 20.224
10.862, 20.051
10.562, 20.058
10.262, 20.066
9.962, 20.073
9.662, 20.081
13.93, 19.187
13.651, 19.293
13.372, 19.399
13.092, 19.505
12.781, 19.644
12.387, 19.814
12.091, 19.867
11.796, 19.92
11.501, 19.973
11.206, 20.025
10.85, 19.847
10.55, 19.855
10.25, 19.863
9.95, 19.87
9.651, 19.878
13.867, 18.998
13.587, 19.104
13.308, 19.21
13.029, 19.316
12.722, 19.453
12.345, 19.616
12.05, 19.668
11.755, 19.721
11.459, 19.774
11.164, 19.826
10.839, 19.645
10.539, 19.652
10.239, 19.66
9.939, 19.667
9.639, 19.675
13.803, 18.809
13.524, 18.915
13.244, 19.021
12.965, 19.127
12.663, 19.262
12.304, 19.416
12.008, 19.469
11.713, 19.522
11.418, 19.575
11.122, 19.627
10.827, 19.441
10.527, 19.449
10.227, 19.457
9.927, 19.464
9.627, 19.472
13.735, 18.621
13.456, 18.727
13.176, 18.833
12.897, 18.939
12.6, 19.073
12.262, 19.219
11.966, 19.271
11.671, 19.324
11.376, 19.377
11.08, 19.429
10.815, 19.24
10.515, 19.247
10.215, 19.255
9.915, 19.263
9.615, 19.27
13.671, 18.432
13.392, 18.538
13.113, 18.644
12.833, 18.75
12.541, 18.882
12.22, 19.02
11.925, 19.072
11.63, 19.125
11.334, 19.178
11.039, 19.23
10.803, 19.037
10.503, 19.044
10.203, 19.052
9.904, 19.059
9.604, 19.067
13.581, 18.178
13.302, 18.284
13.023, 18.39
12.744, 18.496
12.457, 18.625
12.164, 18.75
11.869, 18.803
11.574, 18.855
11.278, 18.908
10.944, 18.967
10.488, 18.769
10.188, 18.777
9.888, 18.785
9.588, 18.794
13.518, 17.989
13.239, 18.095
12.959, 18.201
12.68, 18.307
12.398, 18.434
12.111, 18.568
11.814, 18.614
11.518, 18.66
11.221, 18.706
10.857, 18.777
10.476, 18.566
10.177, 18.574
9.877, 18.581
9.576, 18.591
13.454, 17.8
13.175, 17.906
12.896, 18.011
12.616, 18.117
12.34, 18.243
12.073, 18.368
11.777, 18.414
11.48, 18.46
11.184, 18.506
10.849, 18.554
10.465, 18.363
10.165, 18.371
9.865, 18.378
9.565, 18.386
13.391, 17.61
13.111, 17.716
12.832, 17.822
12.553, 17.928
12.281, 18.052
11.991, 18.152
11.699, 18.217
11.4, 18.294
11.102, 18.328
10.804, 18.364
10.412, 18.158
10.106, 18.196
9.806, 18.192
13.327, 17.421
13.048, 17.527
12.768, 17.633
12.489, 17.739
12.217, 17.862
11.948, 17.955
11.656, 18.02
11.369, 18.093
11.071, 18.127
10.773, 18.161
10.394, 17.957
10.101, 17.993
9.801, 17.988
13.263, 17.232
12.984, 17.338
12.705, 17.444
12.425, 17.55
12.158, 17.671
11.905, 17.758
11.612, 17.823
11.338, 17.892
11.04, 17.926
10.742, 17.96
10.376, 17.756
10.095, 17.789
9.795, 17.785
13.195, 17.045
12.916, 17.15
12.637, 17.256
12.357, 17.362
12.095, 17.481
11.859, 17.562
11.567, 17.627
11.308, 17.692
11.01, 17.726
10.712, 17.76
10.355, 17.556
10.09, 17.587
9.79, 17.583
13.132, 16.855
12.852, 16.961
12.573, 17.067
12.294, 17.173
12.039, 17.294
11.816, 17.365
11.524, 17.43
11.277, 17.491
10.979, 17.525
10.681, 17.559
10.337, 17.355
10.085, 17.384
9.785, 17.38
13.034, 16.604
12.755, 16.71
12.476, 16.816
12.199, 16.926
11.953, 17.039
11.731, 17.096
11.461, 17.186
11.187, 17.201
10.939, 17.256
10.641, 17.291
10.307, 17.086
10.079, 17.112
9.779, 17.108
12.971, 16.415
12.691, 16.521
12.412, 16.627
12.136, 16.737
11.894, 16.848
10.455, 16.939
10.155, 16.942
9.855, 16.945
12.907, 16.226
12.628, 16.332
12.349, 16.438
12.072, 16.547
10.445, 16.736
10.145, 16.739
9.845, 16.742
12.843, 16.036
12.564, 16.142
12.285, 16.248
12.009, 16.358
10.434, 16.533
10.134, 16.536
9.834, 16.539
12.78, 15.847
12.501, 15.953
12.221, 16.059
11.945, 16.169
10.424, 16.33
10.124, 16.333
9.844, 16.339
14.91, 19.553
15.153, 19.377
15.396, 19.201
15.639, 19.025
15.89, 18.843
16.168, 18.612
16.406, 18.43
16.644, 18.248
16.883, 18.066
17.121, 17.884
14.8, 19.387
15.043, 19.21
15.286, 19.034
15.529, 18.858
15.78, 18.676
16.054, 18.448
16.292, 18.266
16.53, 18.084
16.769, 17.902
17.007, 17.72
14.69, 19.22
14.933, 19.044
15.176, 18.868
15.419, 18.691
15.67, 18.509
15.94, 18.285
16.178, 18.103
16.416, 17.921
16.655, 17.738
16.893, 17.556
14.58, 19.053
14.823, 18.877
15.066, 18.701
15.309, 18.525
15.559, 18.343
15.825, 18.121
16.064, 17.939
16.302, 17.757
16.541, 17.575
16.779, 17.393
14.47, 18.887
14.713, 18.711
14.956, 18.534
15.199, 18.358
15.449, 18.176
15.711, 17.957
15.95, 17.775
16.188, 17.593
16.427, 17.411
16.665, 17.229
14.603, 18.544
14.846, 18.368
15.089, 18.192
15.339, 18.01
15.597, 17.793
15.836, 17.611
16.074, 17.429
16.312, 17.247
16.551, 17.065
14.492, 18.378
14.735, 18.201
14.978, 18.025
15.229, 17.843
15.483, 17.63
15.721, 17.447
15.959, 17.265
16.198, 17.083
16.436, 16.901
14.382, 18.211
14.625, 18.035
14.868, 17.859
15.119, 17.677
15.369, 17.466
15.607, 17.284
15.845, 17.102
16.084, 16.92
16.322, 16.737
14.233, 17.986
14.476, 17.81
14.719, 17.634
14.97, 17.452
15.212, 17.276
15.452, 17.063
15.691, 16.881
15.929, 16.699
16.168, 16.517
14.123, 17.82
14.366, 17.643
14.609, 17.467
14.86, 17.285
15.102, 17.109
15.338, 16.899
15.577, 16.717
15.815, 16.535
16.054, 16.353
14.013, 17.653
14.256, 17.477
14.499, 17.301
14.75, 17.119
14.992, 16.942
15.224, 16.735
15.463, 16.553
15.701, 16.371
15.94, 16.189
13.903, 17.486
14.146, 17.31
14.389, 17.134
14.64, 16.952
14.882, 16.776
15.11, 16.571
15.349, 16.389
15.587, 16.207
15.825, 16.025
13.793, 17.32
14.036, 17.144
14.279, 16.967
14.529, 16.785
14.772, 16.609
14.996, 16.407
15.235, 16.225
15.473, 16.043
15.711, 15.861
13.881, 16.963
14.143, 16.817
14.414, 16.667
14.662, 16.443
14.882, 16.244
15.121, 16.062
15.359, 15.879
15.597, 15.697
13.791, 16.785
14.053, 16.639
14.324, 16.488
14.552, 16.276
14.768, 16.08
15.006, 15.898
15.244, 15.716
15.483, 15.534
13.701, 16.606
13.963, 16.46
14.234, 16.309
14.442, 16.11
14.653, 15.916
14.892, 15.734
15.13, 15.552
15.369, 15.37
13.579, 16.365
13.841, 16.219
14.112, 16.068
14.292, 15.885
14.498, 15.696
14.736, 15.514
14.975, 15.331
15.213, 15.149
14.35, 15.554
14.592, 15.377
14.834, 15.2
15.077, 15.023
14.239, 15.387
14.482, 15.21
14.724, 15.034
14.966, 14.857
14.129, 15.221
14.371, 15.044
14.613, 14.867
14.856, 14.69
14.018, 15.055
14.261, 14.878
14.503, 14.701
14.745, 14.524
18.044, 17.63
18.238, 17.401
18.432, 17.172
18.626, 16.943
18.819, 16.714
19.027, 16.479
19.224, 16.218
19.421, 15.977
19.603, 15.739
19.786, 15.501
19.968, 15.263
17.862, 17.465
18.056, 17.237
18.25, 17.008
18.443, 16.779
18.637, 16.55
18.844, 16.317
19.036, 16.06
19.231, 15.822
19.413, 15.584
19.596, 15.346
19.778, 15.108
17.709, 17.334
17.903, 17.105
18.097, 16.876
18.291, 16.648
18.484, 16.419
18.69, 16.187
18.89, 15.936
19.072, 15.698
19.255, 15.46
19.437, 15.222
19.62, 14.984
17.557, 17.203
17.751, 16.974
17.944, 16.745
18.138, 16.516
18.332, 16.287
18.536, 16.056
18.731, 15.812
18.913, 15.574
19.096, 15.336
19.278, 15.098
19.461, 14.86
17.404, 17.071
17.598, 16.842
17.792, 16.613
17.985, 16.385
18.179, 16.156
18.383, 15.926
18.572, 15.687
18.754, 15.45
18.937, 15.212
19.119, 14.974
19.302, 14.736
17.445, 16.711
17.639, 16.482
17.833, 16.253
18.027, 16.024
18.229, 15.796
18.413, 15.563
18.595, 15.325
18.778, 15.087
18.96, 14.85
19.143, 14.612
17.293, 16.579
17.486, 16.351
17.68, 16.122
17.874, 15.893
18.075, 15.666
18.254, 15.439
18.436, 15.201
18.619, 14.963
18.801, 14.725
18.984, 14.487
17.142, 16.447
17.335, 16.218
17.529, 15.989
17.723, 15.76
17.923, 15.535
18.096, 15.314
18.279, 15.076
18.461, 14.838
18.644, 14.6
18.826, 14.362
16.989, 16.316
17.183, 16.087
17.376, 15.858
17.57, 15.629
17.769, 15.405
17.937, 15.19
18.12, 14.952
18.302, 14.714
18.485, 14.476
18.667, 14.238
16.777, 16.152
16.968, 15.921
17.16, 15.691
17.352, 15.46
17.55, 15.222
17.729, 15.009
17.914, 14.773
18.098, 14.536
18.283, 14.3
18.467, 14.064
16.623, 16.022
16.814, 15.791
17.006, 15.561
17.198, 15.33
17.396, 15.091
17.571, 14.884
17.756, 14.647
17.94, 14.411
18.125, 14.174
18.309, 13.938
16.469, 15.892
16.661, 15.661
16.852, 15.431
17.044, 15.2
17.242, 14.961
17.413, 14.758
17.598, 14.522
17.782, 14.285
17.967, 14.049
18.151, 13.813
16.507, 15.531
16.698, 15.3
16.89, 15.07
17.088, 14.831
17.262, 14.61
17.449, 14.376
17.637, 14.142
17.824, 13.908
16.315, 15.762
16.161, 15.632
16.353, 15.401
16.544, 15.17
16.736, 14.94
16.934, 14.701
17.106, 14.483
17.293, 14.249
17.481, 14.015
17.668, 13.781
16.007, 15.502
16.199, 15.271
16.39, 15.04
16.582, 14.81
16.78, 14.571
16.949, 14.355
17.137, 14.121
17.324, 13.888
17.512, 13.654
15.855, 15.371
16.046, 15.14
16.238, 14.909
16.43, 14.679
16.628, 14.44
16.795, 14.227
16.982, 13.993
17.17, 13.759
17.357, 13.525
15.701, 15.241
15.893, 15.01
16.084, 14.779
16.276, 14.549
16.474, 14.31
16.639, 14.1
16.826, 13.866
17.014, 13.632
17.201, 13.398
15.647, 14.902
15.835, 14.668
16.619, 13.691
16.807, 13.457
16.994, 13.223
15.491, 14.774
15.678, 14.54
16.463, 13.564
16.65, 13.33
16.838, 13.096
15.335, 14.647
15.522, 14.413
16.307, 13.436
16.494, 13.202
16.682, 12.968
15.179, 14.52
15.366, 14.286
16.151, 13.309
16.338, 13.075
16.526, 12.841
15.022, 14.392
15.21, 14.158
15.994, 13.181
16.182, 12.947
16.37, 12.713
19.386, 13.983
19.496, 13.704
19.605, 13.425
19.715, 13.146
19.825, 12.867
19.204, 13.902
19.314, 13.623
19.424, 13.344
19.533, 13.065
19.643, 12.785
19.753, 12.506
19.863, 12.227
19.972, 11.948
20.082, 11.669
20.192, 11.39
19.022, 13.821
19.132, 13.541
19.242, 13.262
19.352, 12.983
19.461, 12.704
19.571, 12.425
19.681, 12.146
19.791, 11.867
19.9, 11.587
20.01, 11.308
18.84, 13.74
18.95, 13.461
19.06, 13.181
19.169, 12.902
19.279, 12.623
19.389, 12.344
19.499, 12.065
19.608, 11.786
19.718, 11.507
19.828, 11.227
18.658, 13.658
18.768, 13.379
18.878, 13.1
18.988, 12.821
19.097, 12.542
19.207, 12.263
19.317, 11.983
19.427, 11.704
19.536, 11.425
19.646, 11.146
18.413, 13.549
18.522, 13.27
18.632, 12.991
18.742, 12.711
18.852, 12.432
18.961, 12.153
19.071, 11.874
19.181, 11.595
19.29, 11.316
19.4, 11.037
18.231, 13.468
18.341, 13.188
18.45, 12.909
18.56, 12.63
18.67, 12.351
18.779, 12.072
18.889, 11.793
18.999, 11.514
19.109, 11.234
19.218, 10.955
18.049, 13.386
18.159, 13.107
18.269, 12.828
18.378, 12.549
18.488, 12.27
18.598, 11.99
18.707, 11.711
18.817, 11.432
18.927, 11.153
19.037, 10.874
17.867, 13.305
17.977, 13.026
18.087, 12.746
18.197, 12.467
18.306, 12.188
18.416, 11.909
18.526, 11.63
18.635, 11.351
18.745, 11.072
18.855, 10.792
17.686, 13.223
17.795, 12.944
17.905, 12.665
18.015, 12.386
18.125, 12.107
18.234, 11.828
18.344, 11.548
18.454, 11.269
18.563, 10.99
18.673, 10.711
17.614, 12.863
17.723, 12.584
17.833, 12.304
17.943, 12.025
18.053, 11.746
18.162, 11.467
18.272, 11.188
18.382, 10.909
18.491, 10.63
17.431, 12.782
17.541, 12.503
17.651, 12.224
17.76, 11.944
17.87, 11.665
17.98, 11.386
18.09, 11.107
18.199, 10.828
18.309, 10.549
17.25, 12.701
17.359, 12.421
17.469, 12.142
17.579, 11.863
17.689, 11.584
17.798, 11.305
17.908, 11.026
18.018, 10.747
18.127, 10.467
17.003, 12.592
17.113, 12.313
17.222, 12.034
17.332, 11.755
17.442, 11.475
17.551, 11.196
17.661, 10.917
17.771, 10.638
17.881, 10.359
16.821, 12.511
16.931, 12.231
17.041, 11.952
17.15, 11.673
17.26, 11.394
17.37, 11.115
17.479, 10.836
17.589, 10.557
17.699, 10.277
16.639, 12.429
16.749, 12.15
16.859, 11.871
16.969, 11.592
17.078, 11.313
17.188, 11.034
17.298, 10.754
17.407, 10.475
17.517, 10.196
16.458, 12.348
16.567, 12.069
16.677, 11.79
16.787, 11.51
16.897, 11.231
17.006, 10.952
17.116, 10.673
17.226, 10.394
17.335, 10.115
20.42, 10.307
20.485, 10.014
20.55, 9.721
20.615, 9.429
20.68, 9.136
20.745, 8.843
20.81, 8.55
20.875, 8.257
20.94, 7.964
21.005, 7.671
21.076, 7.302
21.132, 6.997
21.186, 6.702
21.24, 6.407
21.295, 6.113
21.349, 5.818
21.403, 5.523
21.458, 5.228
21.512, 4.933
21.566, 4.638
20.225, 10.258
20.29, 9.965
20.355, 9.672
20.42, 9.379
20.485, 9.087
20.55, 8.794
20.615, 8.501
20.679, 8.208
20.744, 7.915
20.809, 7.622
20.878, 7.263
20.934, 6.958
20.989, 6.663
21.043, 6.368
21.097, 6.073
21.152, 5.778
21.206, 5.483
21.26, 5.188
21.315, 4.893
21.369, 4.599
20.03, 10.209
20.095, 9.916
20.16, 9.623
20.224, 9.33
20.289, 9.037
20.354, 8.745
20.419, 8.452
20.484, 8.159
20.549, 7.866
20.614, 7.573
20.681, 7.224
20.737, 6.919
20.791, 6.624
20.846, 6.329
20.9, 6.034
20.954, 5.739
21.009, 5.444
21.063, 5.149
21.117, 4.854
21.172, 4.559
19.834, 10.16
19.899, 9.867
19.964, 9.574
20.029, 9.281
20.094, 8.988
20.159, 8.695
20.224, 8.402
20.289, 8.11
20.354, 7.817
20.418, 7.524
20.484, 7.185
20.54, 6.88
20.594, 6.585
20.649, 6.29
20.703, 5.995
20.757, 5.7
20.811, 5.405
20.866, 5.11
20.92, 4.815
20.974, 4.52
19.639, 10.111
19.704, 9.818
19.769, 9.525
19.834, 9.232
19.899, 8.939
19.963, 8.646
20.028, 8.353
20.093, 8.06
20.158, 7.768
20.223, 7.475
20.287, 7.145
20.343, 6.841
20.397, 6.546
20.451, 6.251
20.506, 5.956
20.56, 5.661
20.614, 5.366
20.668, 5.071
20.723, 4.776
20.777, 4.481
19.444, 10.062
19.508, 9.769
19.573, 9.476
19.638, 9.183
19.703, 8.89
19.768, 8.597
19.833, 8.304
19.898, 8.011
19.963, 7.718
20.028, 7.426
20.089, 7.106
20.145, 6.801
20.2, 6.507
20.254, 6.212
20.308, 5.917
20.363, 5.622
20.417, 5.327
20.471, 5.032
20.525, 4.737
20.58, 4.442
19.249, 10.012
19.314, 9.719
19.379, 9.426
19.443, 9.133
19.508, 8.841
19.573, 8.548
19.638, 8.255
19.703, 7.962
19.768, 7.669
19.833, 7.376
19.893, 7.066
19.949, 6.761
20.003, 6.466
20.057, 6.171
20.112, 5.876
20.166, 5.581
20.22, 5.286
20.275, 4.991
20.329, 4.696
20.383, 4.401
19.053, 9.963
19.118, 9.67
19.183, 9.377
19.248, 9.084
19.313, 8.791
19.378, 8.499
19.443, 8.206
19.508, 7.913
19.573, 7.62
19.638, 7.327
19.695, 7.027
19.751, 6.722
19.806, 6.427
19.86, 6.132
19.914, 5.837
19.969, 5.542
20.023, 5.247
20.077, 4.952
20.132, 4.657
20.186, 4.362
18.79, 9.896
18.855, 9.603
18.92, 9.311
18.985, 9.018
19.05, 8.725
19.115, 8.432
19.18, 8.139
19.244, 7.846
19.309, 7.553
19.374, 7.26
19.43, 6.973
19.486, 6.668
19.54, 6.373
19.594, 6.078
19.649, 5.783
19.703, 5.488
19.757, 5.193
19.812, 4.898
19.866, 4.603
19.92, 4.308
18.595, 9.847
18.66, 9.554
18.725, 9.261
18.79, 8.969
18.854, 8.676
18.919, 8.383
18.984, 8.09
19.049, 7.797
19.114, 7.504
19.179, 7.211
19.232, 6.933
19.288, 6.629
19.343, 6.334
19.397, 6.039
19.451, 5.744
19.506, 5.449
19.56, 5.154
19.614, 4.859
19.668, 4.564
19.723, 4.269
18.399, 9.798
18.464, 9.505
18.529, 9.212
18.594, 8.919
18.659, 8.627
18.724, 8.334
18.789, 8.041
18.854, 7.748
18.919, 7.455
18.983, 7.162
19.035, 6.894
19.091, 6.59
19.145, 6.295
19.2, 6
19.254, 5.705
19.308, 5.41
19.363, 5.115
19.417, 4.82
19.471, 4.525
19.526, 4.23
18.204, 9.749
18.269, 9.456
18.334, 9.163
18.399, 8.87
18.464, 8.577
18.528, 8.285
18.593, 7.992
18.658, 7.699
18.948, 6.255
19.002, 5.96
19.057, 5.665
19.111, 5.37
19.165, 5.076
19.22, 4.781
19.274, 4.486
19.328, 4.191
18.009, 9.7
18.073, 9.407
18.138, 9.114
18.203, 8.821
18.268, 8.528
18.333, 8.235
18.398, 7.942
18.463, 7.65
18.751, 6.216
18.805, 5.921
18.859, 5.626
18.914, 5.331
18.968, 5.036
19.022, 4.741
19.077, 4.446
19.131, 4.151
17.813, 9.651
17.878, 9.358
17.943, 9.065
18.008, 8.772
18.073, 8.479
18.138, 8.186
18.203, 7.893
18.267, 7.601
18.554, 6.177
18.608, 5.882
18.662, 5.587
18.716, 5.292
18.771, 4.997
18.825, 4.702
18.879, 4.407
18.934, 4.112
17.618, 9.601
17.683, 9.308
17.748, 9.015
17.813, 8.723
17.878, 8.43
17.943, 8.137
18.008, 7.844
18.073, 7.551
18.357, 6.137
18.411, 5.842
18.466, 5.547
18.52, 5.252
18.574, 4.957
18.628, 4.662
18.683, 4.367
18.737, 4.072
17.423, 9.552
17.488, 9.259
17.553, 8.966
17.618, 8.673
17.683, 8.381
17.747, 8.088
17.812, 7.795
17.877, 7.502
18.16, 6.097
18.214, 5.802
18.268, 5.507
18.323, 5.212
18.377, 4.917
18.431, 4.622
18.485, 4.327
18.54, 4.033
21.889, 3.239
21.915, 2.94
21.941, 2.641
21.967, 2.342
21.993, 2.043
22.019, 1.744
22.045, 1.446
22.071, 1.147
22.097, 0.848
22.123, 0.549
22.145, 0.174
22.161, -0.136
22.176, -0.435
22.191, -0.735
22.206, -1.035
22.221, -1.334
22.237, -1.634
22.252, -1.933
22.267, -2.233
22.282, -2.533
21.686, 3.213
21.712, 2.914
21.738, 2.615
21.764, 2.316
21.79, 2.017
21.816, 1.719
21.842, 1.42
21.868, 1.121
21.894, 0.822
21.92, 0.523
21.942, 0.158
21.958, -0.151
21.973, -0.451
21.988, -0.751
22.003, -1.05
22.018, -1.35
22.033, -1.649
22.048, -1.949
22.064, -2.249
22.079, -2.548
21.484, 3.187
21.51, 2.888
21.536, 2.589
21.562, 2.291
21.588, 1.992
21.614, 1.693
21.64, 1.394
21.666, 1.095
21.692, 0.796
21.718, 0.498
21.739, 0.143
21.754, -0.167
21.769, -0.467
21.785, -0.766
21.8, -1.066
21.815, -1.365
21.83, -1.665
21.845, -1.965
21.86, -2.264
21.875, -2.564
21.281, 3.162
21.307, 2.863
21.333, 2.564
21.359, 2.265
21.385, 1.966
21.411, 1.667
21.437, 1.368
21.463, 1.07
21.489, 0.771
21.515, 0.472
21.535, 0.127
21.551, -0.182
21.566, -0.482
21.581, -0.782
21.597, -1.081
21.612, -1.381
21.627, -1.681
21.642, -1.98
21.657, -2.28
21.672, -2.579
21.078, 3.136
21.104, 2.837
21.13, 2.538
21.156, 2.239
21.182, 1.94
21.208, 1.642
21.234, 1.343
21.26, 1.044
21.286, 0.745
21.312, 0.446
21.332, 0.112
21.348, -0.198
21.363, -0.498
21.378, -0.797
21.393, -1.097
21.408, -1.397
21.423, -1.696
21.439, -1.996
21.454, -2.295
21.469, -2.595
20.875, 3.11
20.902, 2.811
20.928, 2.512
20.954, 2.214
20.98, 1.915
21.006, 1.616
21.032, 1.317
21.058, 1.018
21.084, 0.719
21.11, 0.421
21.129, 0.096
21.145, -0.214
21.16, -0.513
21.175, -0.813
21.19, -1.112
21.205, -1.412
21.22, -1.712
21.235, -2.011
21.25, -2.311
21.266, -2.611
20.674, 3.085
20.7, 2.786
20.726, 2.487
20.752, 2.188
20.778, 1.89
20.804, 1.591
20.83, 1.292
20.856, 0.993
20.882, 0.694
20.908, 0.395
20.927, 0.08
20.943, -0.23
20.958, -0.529
20.973, -0.829
20.988, -1.129
21.003, -1.428
21.018, -1.728
21.033, -2.027
21.049, -2.327
21.064, -2.627
20.471, 3.059
20.498, 2.76
20.524, 2.462
20.55, 2.163
20.576, 1.864
20.602, 1.565
20.628, 1.266
20.654, 0.967
20.68, 0.669
20.706, 0.37
20.724, 0.064
20.739, -0.245
20.755, -0.545
20.77, -0.845
20.785, -1.144
20.8, -1.444
20.815, -1.743
20.83, -2.043
20.845, -2.343
20.86, -2.642
20.199, 3.025
20.225, 2.726
20.251, 2.427
20.277, 2.128
20.303, 1.83
20.329, 1.531
20.355, 1.232
20.381, 0.933
20.407, 0.634
20.433, 0.335
20.45, 0.043
20.466, -0.267
20.481, -0.566
20.496, -0.866
20.511, -1.166
20.527, -1.465
20.542, -1.765
20.557, -2.064
20.572, -2.364
20.587, -2.664
19.996, 2.999
20.022, 2.7
20.049, 2.402
20.075, 2.103
20.101, 1.804
20.127, 1.505
20.153, 1.206
20.179, 0.907
20.205, 0.609
20.231, 0.31
20.247, 0.027
20.263, -0.282
20.278, -0.582
20.293, -0.882
20.308, -1.181
20.323, -1.481
20.338, -1.78
20.354, -2.08
20.369, -2.38
20.384, -2.679
19.794, 2.974
19.82, 2.675
19.846, 2.376
19.872, 2.077
19.898, 1.778
19.924, 1.479
19.95, 1.181
19.976, 0.882
20.002, 0.583
20.028, 0.284
20.044, 0.012
20.06, -0.298
20.075, -0.597
20.09, -0.897
20.105, -1.197
20.12, -1.496
20.135, -1.796
20.15, -2.096
20.165, -2.395
20.181, -2.695
19.591, 2.948
19.617, 2.649
19.643, 2.35
19.669, 2.051
19.695, 1.753
19.721, 1.454
19.747, 1.155
19.773, 0.856
19.871, -0.613
19.886, -0.913
19.902, -1.212
19.917, -1.512
19.932, -1.812
19.947, -2.111
19.962, -2.411
19.977, -2.71
19.388, 2.922
19.414, 2.623
19.44, 2.325
19.466, 2.026
19.492, 1.727
19.518, 1.428
19.544, 1.129
19.57, 0.83
19.668, -0.629
19.683, -0.928
19.698, -1.228
19.714, -1.528
19.729, -1.827
19.744, -2.127
19.759, -2.426
19.774, -2.726
19.186, 2.897
19.212, 2.598
19.238, 2.299
19.264, 2
19.29, 1.701
19.316, 1.402
19.342, 1.103
19.368, 0.805
19.465, -0.644
19.48, -0.944
19.495, -1.243
19.51, -1.543
19.525, -1.843
19.54, -2.142
19.556, -2.442
19.571, -2.742
18.984, 2.871
19.01, 2.573
19.036, 2.274
19.062, 1.975
19.088, 1.676
19.114, 1.377
19.14, 1.078
19.167, 0.779
19.263, -0.66
19.278, -0.96
19.293, -1.26
19.308, -1.559
19.323, -1.859
19.339, -2.158
19.354, -2.458
19.369, -2.758
18.782, 2.846
18.808, 2.547
18.834, 2.248
18.86, 1.949
18.886, 1.65
18.912, 1.351
18.938, 1.053
18.964, 0.754
19.06, -0.676
19.075, -0.976
19.09, -1.275
19.105, -1.575
19.12, -1.874
19.135, -2.174
19.15, -2.474
19.166, -2.773
22.274, -3.918
22.275, -4.218
22.277, -4.518
22.278, -4.818
22.28, -5.118
22.281, -5.418
22.283, -5.718
22.284, -6.018
22.286, -6.318
22.287, -6.618
22.279, -6.994
22.269, -7.304
22.26, -7.604
22.25, -7.903
22.241, -8.203
22.231, -8.503
22.222, -8.803
22.213, -9.103
22.203, -9.403
22.194, -9.702
22.068, -3.927
22.07, -4.227
22.071, -4.527
22.073, -4.827
22.074, -5.127
22.076, -5.427
22.077, -5.726
22.079, -6.026
22.08, -6.326
22.082, -6.626
22.074, -6.992
22.064, -7.302
22.055, -7.602
22.045, -7.901
22.036, -8.201
22.026, -8.501
22.017, -8.801
22.007, -9.101
21.998, -9.401
21.989, -9.7
21.863, -3.935
21.864, -4.235
21.866, -4.535
21.867, -4.835
21.869, -5.135
21.87, -5.435
21.872, -5.735
21.873, -6.035
21.875, -6.335
21.877, -6.635
21.868, -6.99
21.859, -7.3
21.849, -7.6
21.84, -7.9
21.83, -8.199
21.821, -8.499
21.812, -8.799
21.802, -9.099
21.793, -9.399
21.783, -9.699
21.657, -3.943
21.659, -4.243
21.66, -4.543
21.662, -4.843
21.663, -5.143
21.665, -5.443
21.666, -5.743
21.668, -6.043
21.67, -6.343
21.671, -6.643
21.663, -6.988
21.653, -7.298
21.644, -7.598
21.635, -7.898
21.625, -8.198
21.616, -8.497
21.606, -8.797
21.597, -9.097
21.588, -9.397
21.578, -9.697
21.452, -3.951
21.453, -4.251
21.455, -4.551
21.456, -4.851
21.458, -5.151
21.459, -5.451
21.461, -5.751
21.463, -6.051
21.464, -6.351
21.466, -6.651
21.458, -6.986
21.448, -7.296
21.439, -7.596
21.429, -7.896
21.42, -8.196
21.411, -8.496
21.401, -8.795
21.392, -9.095
21.382, -9.395
21.373, -9.695
21.246, -3.96
21.248, -4.26
21.249, -4.56
21.251, -4.86
21.252, -5.16
21.254, -5.46
21.255, -5.76
21.257, -6.06
21.259, -6.359
21.26, -6.66
21.253, -6.985
21.243, -7.294
21.234, -7.594
21.224, -7.894
21.215, -8.194
21.205, -8.494
21.196, -8.794
21.186, -9.093
21.177, -9.393
21.168, -9.693
21.043, -3.968
21.044, -4.268
21.046, -4.568
21.047, -4.868
21.049, -5.168
21.05, -5.468
21.052, -5.768
21.053, -6.068
21.055, -6.368
21.057, -6.668
21.049, -6.984
21.04, -7.293
21.03, -7.593
21.021, -7.893
21.011, -8.193
21.002, -8.493
20.992, -8.793
20.983, -9.092
20.974, -9.392
20.964, -9.692
20.837, -3.976
20.839, -4.276
20.84, -4.576
20.842, -4.876
20.843, -5.176
20.845, -5.476
20.847, -5.776
20.848, -6.076
20.85, -6.376
20.851, -6.676
20.844, -6.982
20.834, -7.292
20.825, -7.591
20.815, -7.891
20.806, -8.191
20.797, -8.491
20.787, -8.791
20.778, -9.091
20.768, -9.39
20.759, -9.69
20.561, -3.987
20.563, -4.287
20.565, -4.587
20.566, -4.887
20.568, -5.187
20.569, -5.487
20.571, -5.787
20.572, -6.087
20.574, -6.387
20.575, -6.687
20.568, -6.98
20.559, -7.29
20.549, -7.59
20.54, -7.889
20.53, -8.189
20.521, -8.489
20.512, -8.789
20.502, -9.089
20.493, -9.389
20.483, -9.688
20.356, -3.995
20.358, -4.295
20.359, -4.595
20.361, -4.895
20.362, -5.195
20.364, -5.495
20.365, -5.795
20.367, -6.095
20.368, -6.395
20.37, -6.695
20.363, -6.978
20.353, -7.288
20.344, -7.588
20.335, -7.888
20.325, -8.187
20.316, -8.487
20.306, -8.787
20.297, -9.087
20.288, -9.387
20.278, -9.687
20.151, -4.004
20.152, -4.304
20.154, -4.604
20.155, -4.904
20.157, -5.204
20.158, -5.504
20.16, -5.804
20.161, -6.104
20.163, -6.404
20.164, -6.704
20.158, -6.976
20.148, -7.286
20.139, -7.586
20.129, -7.886
20.12, -8.186
20.11, -8.485
20.101, -8.785
20.092, -9.085
20.082, -9.385
20.073, -9.685
19.945, -4.012
19.947, -4.312
19.948, -4.612
19.95, -4.912
19.951, -5.212
19.953, -5.512
19.954, -5.812
19.956, -6.112
19.934, -7.584
19.924, -7.884
19.915, -8.184
19.905, -8.484
19.896, -8.783
19.886, -9.083
19.877, -9.383
19.868, -9.683
19.74, -4.02
19.741, -4.32
19.743, -4.62
19.744, -4.92
19.746, -5.22
19.747, -5.52
19.749, -5.82
19.75, -6.12
19.728, -7.582
19.719, -7.882
19.71, -8.182
19.7, -8.482
19.691, -8.782
19.681, -9.081
19.672, -9.381
19.662, -9.681
19.534, -4.029
19.536, -4.328
19.537, -4.628
19.539, -4.928
19.54, -5.228
19.542, -5.528
19.543, -5.828
19.545, -6.128
19.523, -7.58
19.514, -7.88
19.504, -8.18
19.495, -8.48
19.485, -8.78
19.476, -9.08
19.467, -9.379
19.457, -9.679
19.331, -4.037
19.332, -4.337
19.334, -4.637
19.335, -4.937
19.337, -5.237
19.338, -5.537
19.34, -5.837
19.341, -6.137
19.32, -7.579
19.31, -7.879
19.301, -8.179
19.291, -8.479
19.282, -8.779
19.273, -9.079
19.263, -9.378
19.254, -9.678
19.125, -4.045
19.127, -4.345
19.128, -4.645
19.13, -4.945
19.131, -5.245
19.133, -5.545
19.134, -5.845
19.136, -6.145
19.114, -7.578
19.105, -7.877
19.096, -8.177
19.086, -8.477
19.077, -8.777
19.067, -9.077
19.058, -9.377
19.048, -9.676
22.333, -10.959
22.309, -11.258
22.284, -11.557
22.26, -11.856
22.236, -12.154
22.211, -12.453
22.187, -12.752
22.162, -13.051
22.138, -13.35
22.114, -13.649
22.073, -14.023
22.036, -14.331
22.001, -14.629
21.966, -14.927
21.931, -15.225
21.895, -15.522
21.86, -15.82
21.825, -16.118
21.79, -16.416
21.755, -16.714
22.131, -10.95
22.106, -11.249
22.082, -11.548
22.058, -11.847
22.033, -12.146
22.009, -12.445
21.984, -12.744
21.96, -13.043
21.936, -13.342
21.911, -13.641
21.872, -14.005
21.835, -14.312
21.8, -14.61
21.765, -14.908
21.73, -15.206
21.694, -15.504
21.659, -15.802
21.624, -16.1
21.589, -16.398
21.554, -16.696
21.929, -10.942
21.904, -11.241
21.88, -11.54
21.855, -11.839
21.831, -12.138
21.807, -12.437
21.782, -12.736
21.758, -13.035
21.733, -13.334
21.709, -13.633
21.67, -13.986
21.634, -14.294
21.599, -14.592
21.564, -14.89
21.528, -15.188
21.493, -15.486
21.458, -15.784
21.423, -16.082
21.388, -16.38
21.352, -16.678
21.726, -10.934
21.702, -11.233
21.678, -11.532
21.653, -11.831
21.629, -12.13
21.604, -12.429
21.58, -12.728
21.556, -13.027
21.531, -13.326
21.507, -13.625
21.469, -13.968
21.433, -14.276
21.398, -14.574
21.362, -14.872
21.327, -15.17
21.292, -15.468
21.257, -15.766
21.222, -16.064
21.187, -16.361
21.151, -16.659
21.524, -10.926
21.5, -11.225
21.475, -11.524
21.451, -11.823
21.426, -12.122
21.402, -12.421
21.378, -12.72
21.353, -13.019
21.329, -13.318
21.304, -13.617
21.268, -13.95
21.232, -14.258
21.196, -14.556
21.161, -14.854
21.126, -15.152
21.091, -15.45
21.056, -15.747
21.02, -16.045
20.985, -16.343
20.95, -16.641
21.322, -10.918
21.297, -11.217
21.273, -11.516
21.249, -11.815
21.224, -12.114
21.2, -12.413
21.175, -12.711
21.151, -13.01
21.127, -13.309
21.102, -13.608
21.067, -13.932
21.03, -14.24
20.995, -14.537
20.96, -14.835
20.925, -15.133
20.89, -15.431
20.854, -15.729
20.819, -16.027
20.784, -16.325
20.749, -16.623
21.12, -10.909
21.096, -11.208
21.072, -11.507
21.047, -11.806
21.023, -12.105
20.998, -12.404
20.974, -12.703
20.95, -13.002
20.925, -13.301
20.901, -13.6
20.866, -13.914
20.83, -14.222
20.795, -14.52
20.759, -14.818
20.724, -15.116
20.689, -15.414
20.654, -15.712
20.619, -16.009
20.584, -16.307
20.548, -16.605
20.918, -10.901
20.894, -11.2
20.869, -11.499
20.845, -11.798
20.82, -12.097
20.796, -12.396
20.772, -12.695
20.747, -12.994
20.723, -13.293
20.698, -13.592
20.665, -13.896
20.629, -14.204
20.594, -14.502
20.558, -14.799
20.523, -15.097
20.488, -15.395
20.453, -15.693
20.418, -15.991
20.382, -16.289
20.347, -16.587
20.646, -10.89
20.621, -11.189
20.597, -11.487
20.572, -11.786
20.548, -12.085
20.524, -12.384
20.499, -12.683
20.475, -12.982
20.451, -13.281
20.426, -13.58
20.394, -13.872
20.358, -14.179
20.323, -14.477
20.287, -14.775
20.252, -15.073
20.217, -15.371
20.182, -15.669
20.147, -15.967
20.111, -16.265
20.076, -16.563
20.443, -10.881
20.419, -11.18
20.395, -11.479
20.37, -11.778
20.346, -12.077
20.321, -12.376
20.297, -12.675
20.273, -12.974
20.248, -13.273
20.224, -13.572
20.193, -13.853
20.156, -14.161
20.121, -14.459
20.086, -14.757
20.051, -15.055
20.016, -15.353
19.981, -15.651
19.945, -15.949
19.91, -16.247
19.875, -16.545
20.241, -10.873
20.217, -11.172
20.192, -11.471
20.168, -11.77
20.144, -12.069
20.119, -12.368
20.095, -12.667
20.07, -12.966
20.046, -13.265
20.022, -13.564
19.992, -13.835
19.955, -14.143
19.92, -14.441
19.885, -14.739
19.85, -15.037
19.815, -15.335
19.779, -15.633
19.744, -15.931
19.709, -16.228
19.674, -16.526
20.039, -10.865
20.014, -11.164
19.99, -11.463
19.966, -11.762
19.941, -12.061
19.917, -12.36
19.892, -12.659
19.868, -12.958
19.719, -14.423
19.684, -14.721
19.649, -15.018
19.613, -15.316
19.578, -15.614
19.543, -15.912
19.508, -16.21
19.473, -16.508
19.837, -10.857
19.812, -11.156
19.788, -11.455
19.763, -11.754
19.739, -12.053
19.715, -12.352
19.69, -12.651
19.666, -12.95
19.518, -14.404
19.483, -14.702
19.447, -15
19.412, -15.298
19.377, -15.596
19.342, -15.894
19.307, -16.192
19.272, -16.49
19.634, -10.849
19.61, -11.148
19.585, -11.447
19.561, -11.746
19.537, -12.045
19.512, -12.344
19.488, -12.642
19.463, -12.941
19.317, -14.386
19.281, -14.684
19.246, -14.982
19.211, -15.28
19.176, -15.578
19.141, -15.876
19.106, -16.174
19.07, -16.472
19.433, -10.84
19.408, -11.139
19.384, -11.438
19.36, -11.737
19.335, -12.036
19.311, -12.335
19.286, -12.634
19.262, -12.933
19.116, -14.369
19.081, -14.666
19.046, -14.964
19.011, -15.262
18.975, -15.56
18.94, -15.858
18.905, -16.156
18.87, -16.454
19.231, -10.832
19.206, -11.131
19.182, -11.43
19.157, -11.729
19.133, -12.028
19.109, -12.327
19.084, -12.626
19.06, -12.925
18.915, -14.35
18.88, -14.648
18.845, -14.946
18.809, -15.244
18.774, -15.542
18.739, -15.84
18.704, -16.138
18.669, -16.436
21.669, -18.028
21.615, -18.323
21.561, -18.618
21.508, -18.913
21.454, -19.208
21.4, -19.504
21.347, -19.799
21.293, -20.094
21.239, -20.389
21.185, -20.684
21.108, -21.052
21.041, -21.355
20.977, -21.647
20.913, -21.94
20.848, -22.233
20.784, -22.526
20.72, -22.819
20.655, -23.112
20.591, -23.405
20.527, -23.698
21.468, -17.997
21.414, -18.292
21.36, -18.587
21.307, -18.882
21.253, -19.177
21.199, -19.473
21.146, -19.768
21.092, -20.063
21.038, -20.358
20.985, -20.653
20.909, -21.011
20.842, -21.314
20.778, -21.606
20.714, -21.899
20.649, -22.192
20.585, -22.485
20.521, -22.778
20.456, -23.071
20.392, -23.364
20.328, -23.657
21.267, -17.966
21.213, -18.261
21.159, -18.556
21.106, -18.851
21.052, -19.146
20.998, -19.441
20.945, -19.737
20.891, -20.032
20.837, -20.327
20.783, -20.622
20.71, -20.97
20.644, -21.273
20.579, -21.565
20.515, -21.858
20.451, -22.151
20.386, -22.444
20.322, -22.737
20.257, -23.03
20.193, -23.323
20.129, -23.616
21.066, -17.935
21.012, -18.23
20.958, -18.525
20.905, -18.82
20.851, -19.115
20.797, -19.41
20.743, -19.705
20.69, -20.001
20.636, -20.296
20.582, -20.591
20.511, -20.929
20.445, -21.231
20.38, -21.524
20.316, -21.817
20.252, -22.11
20.187, -22.403
20.123, -22.696
20.059, -22.989
19.994, -23.282
19.93, -23.575
20.865, -17.903
20.811, -18.199
20.757, -18.494
20.704, -18.789
20.65, -19.084
20.596, -19.379
20.542, -19.674
20.489, -19.969
20.435, -20.265
20.381, -20.56
20.312, -20.888
20.246, -21.19
20.181, -21.483
20.117, -21.776
20.053, -22.069
19.988, -22.362
19.924, -22.655
19.86, -22.948
19.795, -23.241
19.731, -23.534
20.664, -17.872
20.61, -18.167
20.556, -18.463
20.503, -18.758
20.449, -19.053
20.395, -19.348
20.341, -19.643
20.288, -19.938
20.234, -20.233
20.18, -20.529
20.113, -20.847
20.047, -21.149
19.982, -21.442
19.918, -21.735
19.854, -22.028
19.789, -22.321
19.725, -22.614
19.661, -22.907
19.596, -23.2
19.532, -23.493
20.464, -17.842
20.41, -18.137
20.356, -18.432
20.303, -18.727
20.249, -19.023
20.195, -19.318
20.142, -19.613
20.088, -19.908
20.034, -20.203
19.98, -20.498
19.915, -20.807
19.849, -21.11
19.784, -21.403
19.72, -21.696
19.656, -21.989
19.591, -22.282
19.527, -22.575
19.462, -22.868
19.398, -23.161
19.334, -23.453
20.263, -17.811
20.209, -18.106
20.155, -18.401
20.102, -18.696
20.048, -18.991
19.994, -19.287
19.941, -19.582
19.887, -19.877
19.833, -20.172
19.779, -20.467
19.716, -20.766
19.65, -21.069
19.585, -21.362
19.521, -21.655
19.457, -21.948
19.392, -22.241
19.328, -22.534
19.264, -22.827
19.199, -23.119
19.135, -23.412
19.992, -17.769
19.939, -18.065
19.885, -18.36
19.831, -18.655
19.777, -18.95
19.724, -19.245
19.67, -19.54
19.616, -19.835
19.563, -20.131
19.509, -20.426
19.448, -20.712
19.382, -21.015
19.317, -21.308
19.253, -21.601
19.189, -21.894
19.124, -22.187
19.06, -22.48
18.996, -22.773
18.931, -23.066
18.867, -23.358
19.791, -17.738
19.737, -18.034
19.684, -18.329
19.63, -18.624
19.576, -18.919
19.523, -19.214
19.469, -19.509
19.415, -19.804
19.362, -20.099
19.308, -20.395
19.249, -20.671
19.183, -20.974
19.118, -21.267
19.054, -21.56
18.99, -21.853
18.925, -22.146
18.861, -22.439
18.797, -22.732
18.732, -23.025
18.668, -23.317
19.59, -17.707
19.536, -18.002
19.483, -18.298
19.429, -18.593
19.375, -18.888
19.322, -19.183
19.268, -19.478
19.214, -19.773
19.161, -20.068
19.107, -20.364
19.05, -20.63
18.984, -20.933
18.92, -21.226
18.855, -21.519
18.791, -21.812
18.726, -22.105
18.662, -22.398
18.598, -22.691
18.533, -22.983
18.469, -23.276
19.389, -17.676
19.335, -17.971
19.282, -18.266
19.228, -18.562
19.174, -18.857
19.121, -19.152
19.067, -19.447
19.013, -19.742
18.721, -21.185
18.656, -21.478
18.592, -21.771
18.528, -22.064
18.463, -22.357
18.399, -22.65
18.335, -22.942
18.27, -23.235
19.188, -17.645
19.134, -17.94
19.081, -18.235
19.027, -18.53
18.973, -18.826
18.92, -19.121
18.866, -19.416
18.812, -19.711
18.522, -21.144
18.457, -21.437
18.393, -21.73
18.329, -22.023
18.264, -22.316
18.2, -22.608
18.136, -22.901
18.071, -23.194
18.987, -17.614
18.933, -17.909
18.88, -18.204
18.826, -18.499
18.772, -18.794
18.719, -19.09
18.665, -19.385
18.611, -19.68
18.323, -21.103
18.258, -21.396
18.194, -21.689
18.13, -21.982
18.065, -22.275
18.001, -22.567
17.937, -22.86
17.872, -23.153
18.787, -17.584
18.733, -17.879
18.68, -18.174
18.626, -18.469
18.572, -18.764
18.519, -19.059
18.465, -19.354
18.411, -19.65
18.125, -21.064
18.06, -21.356
17.996, -21.649
17.932, -21.942
17.867, -22.235
17.803, -22.528
17.738, -22.821
17.674, -23.114
18.586, -17.552
18.532, -17.848
18.479, -18.143
18.425, -18.438
18.371, -18.733
18.318, -19.028
18.264, -19.323
18.21, -19.618
17.926, -21.023
17.861, -21.315
17.797, -21.608
17.733, -21.901
17.668, -22.194
17.604, -22.487
17.54, -22.78
17.475, -23.073
19.635, -27.168
19.734, -26.884
19.833, -26.601
19.931, -26.318
20.03, -26.035
19.449, -27.093
19.548, -26.81
19.646, -26.527
19.745, -26.244
19.844, -25.96
19.943, -25.677
20.042, -25.394
20.141, -25.111
20.239, -24.828
20.338, -24.544
19.263, -27.019
19.361, -26.736
19.46, -26.452
19.559, -26.169
19.658, -25.886
19.757, -25.603
19.856, -25.32
19.954, -25.036
20.053, -24.753
20.152, -24.47
19.076, -26.945
19.175, -26.662
19.274, -26.379
19.373, -26.095
19.472, -25.812
19.57, -25.529
19.669, -25.246
19.768, -24.963
19.867, -24.679
19.966, -24.396
18.89, -26.871
18.989, -26.587
19.088, -26.304
19.187, -26.021
19.285, -25.738
19.384, -25.455
19.483, -25.171
19.582, -24.888
19.681, -24.605
19.78, -24.322
18.639, -26.771
18.738, -26.487
18.836, -26.204
18.935, -25.921
19.034, -25.638
19.133, -25.355
19.232, -25.071
19.331, -24.788
19.429, -24.505
19.528, -24.222
18.453, -26.696
18.551, -26.413
18.65, -26.13
18.749, -25.847
18.848, -25.563
18.947, -25.28
19.046, -24.997
19.144, -24.714
19.243, -24.431
19.342, -24.147
18.266, -26.622
18.365, -26.339
18.464, -26.055
18.563, -25.772
18.662, -25.489
18.761, -25.206
18.859, -24.923
18.958, -24.639
19.057, -24.356
19.156, -24.073
18.08, -26.547
18.179, -26.264
18.278, -25.981
18.377, -25.698
18.476, -25.415
18.574, -25.131
18.673, -24.848
18.772, -24.565
18.871, -24.282
18.97, -23.999
17.894, -26.473
17.993, -26.19
18.092, -25.907
18.191, -25.623
18.289, -25.34
18.388, -25.057
18.487, -24.774
18.586, -24.491
18.685, -24.207
18.783, -23.924
17.708, -26.399
17.807, -26.115
17.906, -25.832
18.004, -25.549
18.103, -25.266
18.202, -24.983
18.301, -24.699
18.4, -24.416
18.498, -24.133
18.597, -23.85
17.522, -26.325
17.62, -26.042
17.719, -25.758
17.818, -25.475
17.917, -25.192
18.016, -24.909
18.115, -24.626
18.213, -24.342
18.312, -24.059
18.411, -23.776
17.335, -26.25
17.434, -25.967
17.533, -25.684
17.632, -25.401
17.731, -25.117
17.83, -24.834
17.928, -24.551
18.027, -24.268
18.126, -23.985
18.225, -23.702
17.084, -26.151
17.183, -25.868
17.282, -25.585
17.38, -25.302
17.479, -25.019
17.578, -24.735
17.677, -24.452
17.776, -24.169
17.874, -23.886
17.973, -23.603
16.898, -26.077
16.997, -25.794
17.095, -25.511
17.194, -25.227
17.293, -24.944
17.392, -24.661
17.491, -24.378
17.589, -24.095
17.688, -23.811
17.787, -23.528
16.712, -26.003
16.81, -25.719
16.909, -25.436
17.008, -25.153
17.107, -24.87
17.206, -24.587
17.304, -24.303
17.403, -24.02
17.502, -23.737
17.601, -23.454
16.525, -25.928
16.624, -25.645
16.723, -25.362
16.822, -25.079
16.921, -24.795
17.02, -24.512
17.118, -24.229
17.217, -23.946
17.316, -23.663
17.415, -23.379
17.248, -31.649
17.482, -31.464
17.716, -31.28
17.95, -31.096
18.247, -30.888
18.622, -30.564
18.819, -30.338
19.015, -30.112
19.212, -29.886
19.409, -29.66
19.56, -29.191
19.72, -28.938
19.881, -28.685
20.041, -28.431
20.202, -28.178
17.094, -31.466
17.328, -31.282
17.562, -31.098
17.796, -30.914
18.088, -30.71
18.483, -30.425
18.68, -30.199
18.877, -29.973
19.074, -29.747
19.271, -29.521
19.357, -29.054
19.517, -28.8
19.678, -28.547
19.838, -28.294
19.999, -28.041
16.963, -31.32
17.197, -31.136
17.431, -30.951
17.665, -30.767
17.953, -30.566
18.333, -30.293
18.53, -30.066
18.726, -29.84
18.923, -29.614
19.12, -29.388
19.187, -28.944
19.348, -28.691
19.508, -28.438
19.669, -28.185
19.829, -27.931
16.832, -31.173
17.066, -30.989
17.3, -30.805
17.534, -30.621
17.818, -30.423
18.182, -30.16
18.379, -29.934
18.576, -29.707
18.773, -29.481
18.969, -29.255
19.018, -28.835
19.179, -28.582
19.339, -28.329
19.499, -28.075
19.66, -27.822
16.701, -31.027
16.935, -30.843
17.169, -30.659
17.404, -30.474
17.683, -30.28
18.032, -30.027
18.229, -29.801
18.425, -29.575
18.622, -29.348
18.819, -29.122
18.849, -28.726
19.009, -28.473
19.17, -28.22
19.33, -27.966
19.491, -27.713
16.571, -30.881
16.805, -30.696
17.039, -30.512
17.273, -30.328
17.548, -30.136
17.881, -29.894
18.078, -29.668
18.275, -29.442
18.472, -29.215
18.668, -28.989
18.679, -28.617
18.84, -28.364
19, -28.11
19.161, -27.857
19.321, -27.604
16.44, -30.734
16.674, -30.55
16.908, -30.366
17.142, -30.182
17.413, -29.993
17.731, -29.761
17.928, -29.535
18.124, -29.309
18.321, -29.083
18.518, -28.857
18.51, -28.508
18.671, -28.255
18.831, -28.001
18.992, -27.748
19.152, -27.495
16.313, -30.583
16.547, -30.399
16.781, -30.215
17.015, -30.03
17.282, -29.845
17.582, -29.627
17.778, -29.401
17.975, -29.175
18.172, -28.949
18.369, -28.722
18.342, -28.397
18.503, -28.144
18.663, -27.891
18.824, -27.637
18.984, -27.384
16.182, -30.437
16.416, -30.252
16.65, -30.068
16.884, -29.884
17.148, -29.702
17.431, -29.495
17.628, -29.268
17.825, -29.042
18.022, -28.816
18.218, -28.59
18.173, -28.288
18.333, -28.035
18.494, -27.782
18.654, -27.528
18.815, -27.275
16.009, -30.235
16.243, -30.051
16.477, -29.866
16.711, -29.682
16.969, -29.504
17.227, -29.313
17.424, -29.086
17.621, -28.86
17.818, -28.634
18.04, -28.378
18.104, -27.885
18.265, -27.632
18.425, -27.379
18.587, -27.127
15.878, -30.088
16.112, -29.904
16.346, -29.72
16.581, -29.536
16.834, -29.361
17.098, -29.178
17.289, -28.948
17.481, -28.717
17.672, -28.486
17.92, -28.211
17.935, -27.776
18.095, -27.523
18.256, -27.269
18.418, -27.017
15.747, -29.942
15.982, -29.758
16.216, -29.574
16.45, -29.389
16.699, -29.218
16.944, -29.049
17.136, -28.818
17.327, -28.588
17.519, -28.357
17.732, -28.094
17.766, -27.667
17.926, -27.414
18.087, -27.16
18.247, -26.907
15.617, -29.796
15.851, -29.611
16.085, -29.427
16.319, -29.243
16.564, -29.074
16.8, -28.873
17.006, -28.656
17.225, -28.439
17.407, -28.201
17.592, -27.963
17.616, -27.522
17.805, -27.279
17.956, -27.019
15.486, -29.649
15.72, -29.465
15.954, -29.281
16.188, -29.097
16.433, -28.926
16.652, -28.74
16.858, -28.523
17.067, -28.314
17.25, -28.076
17.432, -27.838
17.452, -27.409
17.632, -27.175
17.783, -26.915
15.355, -29.503
15.589, -29.319
15.823, -29.134
16.057, -28.95
16.299, -28.782
16.504, -28.607
16.71, -28.39
16.91, -28.19
17.092, -27.952
17.274, -27.713
17.287, -27.295
17.46, -27.071
17.61, -26.811
15.228, -29.352
15.463, -29.167
15.697, -28.983
15.931, -28.799
16.168, -28.634
16.358, -28.471
16.564, -28.254
16.753, -28.065
16.935, -27.826
17.117, -27.588
17.125, -27.179
17.288, -26.966
17.438, -26.707
15.098, -29.205
15.332, -29.021
15.566, -28.837
15.8, -28.653
16.035, -28.495
16.21, -28.338
16.416, -28.121
16.595, -27.94
16.777, -27.702
16.96, -27.464
16.961, -27.065
17.115, -26.863
17.265, -26.603
14.931, -28.996
15.165, -28.811
15.399, -28.627
15.635, -28.448
15.859, -28.295
16.022, -28.13
16.238, -27.945
16.393, -27.716
16.567, -27.532
16.749, -27.293
16.745, -26.904
16.885, -26.721
17.035, -26.461
14.8, -28.849
15.034, -28.665
15.268, -28.481
15.505, -28.301
15.724, -28.152
16.541, -26.963
16.698, -26.707
16.854, -26.451
14.67, -28.703
14.904, -28.519
15.138, -28.335
15.374, -28.155
16.371, -26.855
16.528, -26.599
16.684, -26.343
14.539, -28.556
14.773, -28.372
15.007, -28.188
15.243, -28.009
16.201, -26.747
16.358, -26.491
16.514, -26.235
14.408, -28.41
14.642, -28.226
14.876, -28.042
15.112, -27.862
16.031, -26.639
16.188, -26.383
16.337, -26.146
16.428, -31.979
16.155, -32.104
15.882, -32.228
15.61, -32.352
15.328, -32.48
14.99, -32.608
14.714, -32.725
14.438, -32.843
14.163, -32.96
13.887, -33.078
16.336, -31.807
16.063, -31.931
15.791, -32.055
15.518, -32.179
15.236, -32.307
14.903, -32.433
14.627, -32.551
14.351, -32.668
14.075, -32.786
13.799, -32.903
16.245, -31.634
15.972, -31.758
15.699, -31.883
15.426, -32.007
15.144, -32.135
14.815, -32.259
14.539, -32.376
14.264, -32.494
13.988, -32.611
13.712, -32.728
16.153, -31.462
15.88, -31.586
15.607, -31.71
15.334, -31.834
15.052, -31.962
14.728, -32.084
14.452, -32.201
14.176, -32.319
13.9, -32.436
13.624, -32.554
16.061, -31.289
15.788, -31.413
15.515, -31.537
15.242, -31.662
14.96, -31.79
14.64, -31.909
14.365, -32.027
14.089, -32.144
13.813, -32.262
13.537, -32.379
15.696, -31.241
15.423, -31.365
15.15, -31.489
14.868, -31.617
14.553, -31.735
14.277, -31.852
14.001, -31.97
13.725, -32.087
13.45, -32.204
15.605, -31.066
15.332, -31.19
15.059, -31.314
14.777, -31.443
14.466, -31.558
14.191, -31.675
13.915, -31.793
13.639, -31.91
13.363, -32.028
15.513, -30.894
15.24, -31.018
14.967, -31.142
14.686, -31.27
14.379, -31.383
14.103, -31.501
13.827, -31.618
13.551, -31.735
13.275, -31.853
15.39, -30.659
15.117, -30.783
14.844, -30.907
14.562, -31.035
14.289, -31.159
13.986, -31.263
13.71, -31.38
13.434, -31.498
13.158, -31.615
15.298, -30.486
15.025, -30.61
14.752, -30.734
14.47, -30.863
14.198, -30.987
13.898, -31.088
13.623, -31.206
13.347, -31.323
13.071, -31.441
15.206, -30.314
14.933, -30.438
14.661, -30.562
14.379, -30.69
14.106, -30.814
13.811, -30.914
13.535, -31.031
13.259, -31.149
12.983, -31.266
15.115, -30.141
14.842, -30.265
14.569, -30.389
14.287, -30.518
14.014, -30.642
13.724, -30.739
13.448, -30.856
13.172, -30.974
12.896, -31.091
15.023, -29.969
14.75, -30.093
14.477, -30.217
14.195, -30.345
13.922, -30.469
13.636, -30.564
13.36, -30.682
13.084, -30.799
12.808, -30.917
14.668, -29.875
14.412, -30.03
14.147, -30.191
13.83, -30.297
13.549, -30.39
13.273, -30.507
12.997, -30.624
12.721, -30.742
14.556, -29.712
14.3, -29.868
14.036, -30.028
13.739, -30.122
13.462, -30.213
13.186, -30.33
12.91, -30.448
12.634, -30.565
14.444, -29.551
14.188, -29.707
13.923, -29.868
13.647, -29.949
13.375, -30.038
13.099, -30.156
12.823, -30.273
12.547, -30.39
14.294, -29.329
14.038, -29.485
13.773, -29.646
13.525, -29.711
13.259, -29.797
12.983, -29.915
12.707, -30.032
12.431, -30.149
13.207, -29.604
12.934, -29.727
12.661, -29.85
12.387, -29.974
13.116, -29.431
12.842, -29.554
12.569, -29.678
12.296, -29.801
13.024, -29.258
12.751, -29.382
12.478, -29.505
12.205, -29.628
12.933, -29.085
12.66, -29.209
12.387, -29.332
12.113, -29.455
13.211, -33.751
12.916, -33.807
12.622, -33.863
12.327, -33.919
12.032, -33.975
11.725, -34.041
11.401, -34.083
11.094, -34.137
10.797, -34.178
10.5, -34.22
10.203, -34.262
13.157, -33.518
12.862, -33.574
12.568, -33.63
12.273, -33.686
11.978, -33.742
11.673, -33.807
11.355, -33.848
11.052, -33.901
10.755, -33.942
10.458, -33.984
10.161, -34.026
13.117, -33.326
12.822, -33.382
12.527, -33.438
12.233, -33.494
11.938, -33.55
11.635, -33.615
11.318, -33.665
11.021, -33.706
10.724, -33.748
10.427, -33.79
10.13, -33.832
13.076, -33.133
12.782, -33.189
12.487, -33.245
12.192, -33.301
11.898, -33.357
11.596, -33.422
11.287, -33.47
10.99, -33.512
10.693, -33.554
10.396, -33.596
10.099, -33.637
13.036, -32.941
12.742, -32.997
12.447, -33.053
12.152, -33.109
11.857, -33.165
11.558, -33.229
11.256, -33.276
10.959, -33.318
10.662, -33.36
10.365, -33.401
10.068, -33.443
12.701, -32.805
12.407, -32.861
12.112, -32.917
11.817, -32.973
11.519, -33.036
11.226, -33.082
10.929, -33.124
10.632, -33.166
10.335, -33.207
10.038, -33.249
12.661, -32.612
12.366, -32.668
12.072, -32.724
11.777, -32.78
11.48, -32.844
11.195, -32.888
10.898, -32.93
10.601, -32.971
10.304, -33.013
10.007, -33.055
12.62, -32.419
12.325, -32.475
12.03, -32.531
11.736, -32.587
11.441, -32.65
11.163, -32.693
10.866, -32.734
10.569, -32.776
10.272, -32.818
9.975, -32.86
12.579, -32.227
12.285, -32.283
11.99, -32.339
11.695, -32.395
11.402, -32.457
11.132, -32.499
10.835, -32.54
10.538, -32.582
10.241, -32.624
9.944, -32.666
12.54, -31.967
12.245, -32.021
11.95, -32.074
11.655, -32.127
11.35, -32.182
11.076, -32.234
10.78, -32.278
10.483, -32.322
10.186, -32.366
9.89, -32.411
12.502, -31.775
12.207, -31.828
11.912, -31.881
11.616, -31.934
11.311, -31.989
11.044, -32.04
10.747, -32.084
10.45, -32.128
10.154, -32.173
9.857, -32.217
12.464, -31.582
12.168, -31.635
11.873, -31.688
11.578, -31.741
11.273, -31.796
11.011, -31.846
10.715, -31.89
10.418, -31.934
10.121, -31.979
9.825, -32.023
12.13, -31.442
11.835, -31.495
11.54, -31.549
11.235, -31.604
10.956, -31.646
10.66, -31.694
10.364, -31.742
10.068, -31.791
12.425, -31.389
12.387, -31.196
12.092, -31.249
11.796, -31.303
11.501, -31.356
11.196, -31.411
10.921, -31.453
10.625, -31.501
10.329, -31.549
10.033, -31.597
12.348, -31.004
12.053, -31.057
11.758, -31.11
11.463, -31.163
11.158, -31.218
10.886, -31.259
10.59, -31.308
10.294, -31.356
9.998, -31.404
12.309, -30.81
12.014, -30.863
11.718, -30.916
11.423, -30.97
11.118, -31.025
10.85, -31.065
10.554, -31.113
10.258, -31.161
9.962, -31.209
12.27, -30.617
11.975, -30.67
11.68, -30.724
11.385, -30.777
11.08, -30.832
10.815, -30.872
10.519, -30.92
10.223, -30.968
9.927, -31.016
12.002, -30.406
11.706, -30.454
10.469, -30.656
10.173, -30.705
9.877, -30.753
11.967, -30.213
11.671, -30.261
10.434, -30.463
10.138, -30.511
9.842, -30.559
11.932, -30.019
11.636, -30.068
10.399, -30.27
10.103, -30.318
9.807, -30.366
11.897, -29.826
11.601, -29.874
10.364, -30.076
10.068, -30.124
9.772, -30.172
11.862, -29.633
11.566, -29.681
10.329, -29.883
10.033, -29.931
9.737, -29.979
4.303, -35.556
4.603, -35.555
4.903, -35.555
5.203, -35.554
5.503, -35.554
5.803, -35.553
6.103, -35.553
6.403, -35.552
6.713, -35.552
7.013, -35.551
7.313, -35.551
7.613, -35.55
7.913, -35.55
8.213, -35.549
8.513, -35.548
8.813, -35.548
4.308, -35.337
4.608, -35.337
4.908, -35.336
5.208, -35.336
5.508, -35.335
5.808, -35.335
6.107, -35.334
6.408, -35.333
6.718, -35.333
7.017, -35.332
7.317, -35.332
7.617, -35.331
7.917, -35.331
8.217, -35.33
8.517, -35.33
8.817, -35.329
4.312, -35.118
4.612, -35.118
4.912, -35.117
5.212, -35.117
5.512, -35.116
5.812, -35.116
6.112, -35.115
6.412, -35.115
6.722, -35.114
7.022, -35.114
7.322, -35.113
7.622, -35.113
7.922, -35.112
8.222, -35.112
8.522, -35.111
8.822, -35.11
4.317, -34.9
4.617, -34.899
4.917, -34.899
5.217, -34.898
5.517, -34.898
5.817, -34.897
6.117, -34.897
6.417, -34.896
6.727, -34.895
7.027, -34.895
7.327, -34.894
7.627, -34.894
7.927, -34.893
8.227, -34.893
8.527, -34.892
8.826, -34.892
4.321, -34.681
4.621, -34.68
4.921, -34.68
5.221, -34.679
5.521, -34.679
5.821, -34.678
6.121, -34.678
6.421, -34.677
6.731, -34.677
7.031, -34.676
7.331, -34.676
7.631, -34.675
7.931, -34.675
8.231, -34.674
8.531, -34.673
8.831, -34.673
4.326, -34.508
4.626, -34.507
4.926, -34.507
5.226, -34.506
5.526, -34.506
5.826, -34.505
6.126, -34.505
6.426, -34.504
6.736, -34.504
7.036, -34.503
7.336, -34.502
7.636, -34.502
7.936, -34.501
8.236, -34.501
8.536, -34.5
8.836, -34.5
4.33, -34.289
4.63, -34.289
4.93, -34.288
5.23, -34.288
5.53, -34.287
5.83, -34.286
6.13, -34.286
6.43, -34.285
6.74, -34.285
7.04, -34.284
7.34, -34.284
7.64, -34.283
7.94, -34.283
8.24, -34.282
8.54, -34.282
8.84, -34.281
4.365, -34.019
4.665, -34.018
4.965, -34.018
5.265, -34.017
5.565, -34.016
5.865, -34.016
6.165, -34.015
6.465, -34.015
6.775, -34.014
7.075, -34.014
7.375, -34.013
7.675, -34.013
7.975, -34.012
8.275, -34.012
8.575, -34.011
8.875, -34.011
4.37, -33.8
4.67, -33.799
4.97, -33.799
5.27, -33.798
5.569, -33.798
5.87, -33.797
6.17, -33.797
6.47, -33.796
6.78, -33.796
7.08, -33.795
7.379, -33.794
7.679, -33.794
7.98, -33.793
8.279, -33.793
8.579, -33.792
8.879, -33.792
4.374, -33.581
4.674, -33.581
4.974, -33.58
5.274, -33.58
5.574, -33.579
5.874, -33.578
6.174, -33.578
6.474, -33.577
6.784, -33.577
7.084, -33.576
7.384, -33.576
7.684, -33.575
7.984, -33.575
8.284, -33.574
8.584, -33.574
8.884, -33.573
4.379, -33.362
4.679, -33.362
4.979, -33.361
5.279, -33.361
5.579, -33.36
5.879, -33.36
6.179, -33.359
6.479, -33.359
6.789, -33.358
7.089, -33.358
7.389, -33.357
7.689, -33.356
7.989, -33.356
8.289, -33.355
8.588, -33.355
8.888, -33.354
4.383, -33.144
4.683, -33.143
4.983, -33.143
5.283, -33.142
5.583, -33.142
5.883, -33.141
6.183, -33.14
6.483, -33.14
6.793, -33.139
7.093, -33.139
7.393, -33.138
7.693, -33.138
7.993, -33.137
8.293, -33.137
8.593, -33.136
8.893, -33.136
4.388, -32.925
4.688, -32.924
4.988, -32.924
5.288, -32.923
5.588, -32.923
5.888, -32.922
6.188, -32.922
6.488, -32.921
6.798, -32.921
7.098, -32.92
7.398, -32.92
7.698, -32.919
7.998, -32.918
8.298, -32.918
8.598, -32.917
8.898, -32.917
4.392, -32.752
4.692, -32.751
4.992, -32.751
5.292, -32.75
5.592, -32.75
5.892, -32.749
6.192, -32.749
6.492, -32.748
6.802, -32.747
7.102, -32.747
7.402, -32.746
7.702, -32.746
8.002, -32.745
8.302, -32.745
8.602, -32.744
8.902, -32.744
4.397, -32.533
4.697, -32.533
4.997, -32.532
5.297, -32.531
5.597, -32.531
5.897, -32.53
6.197, -32.53
6.497, -32.529
6.807, -32.529
7.107, -32.528
7.407, -32.528
7.707, -32.527
8.007, -32.527
8.307, -32.526
8.607, -32.526
8.907, -32.525
4.403, -32.276
4.703, -32.276
5.003, -32.275
5.303, -32.275
5.603, -32.274
5.903, -32.274
6.203, -32.273
6.503, -32.273
6.813, -32.272
7.113, -32.272
7.413, -32.271
7.713, -32.271
8.013, -32.27
8.313, -32.27
8.613, -32.269
8.913, -32.268
4.408, -32.058
4.708, -32.057
5.008, -32.057
5.308, -32.056
5.608, -32.056
5.908, -32.055
6.208, -32.055
6.508, -32.054
6.818, -32.053
7.117, -32.053
7.418, -32.052
7.717, -32.052
8.017, -32.051
8.317, -32.051
8.617, -32.05
8.917, -32.05
4.412, -31.839
4.712, -31.838
5.012, -31.838
5.312, -31.837
5.612, -31.837
5.912, -31.836
6.212, -31.836
6.512, -31.835
6.822, -31.835
7.122, -31.834
7.422, -31.834
7.722, -31.833
8.022, -31.833
8.322, -31.832
8.622, -31.832
8.922, -31.831
4.417, -31.62
4.717, -31.62
5.017, -31.619
5.317, -31.619
5.617, -31.618
5.917, -31.618
6.217, -31.617
6.517, -31.617
6.827, -31.616
7.127, -31.615
7.427, -31.615
7.727, -31.614
8.027, -31.614
8.327, -31.613
8.627, -31.613
8.927, -31.612
4.421, -31.402
4.721, -31.401
5.021, -31.4
5.321, -31.4
5.621, -31.399
5.921, -31.399
6.221, -31.398
6.521, -31.398
6.831, -31.397
7.131, -31.397
7.431, -31.396
7.731, -31.396
8.031, -31.395
8.331, -31.395
8.631, -31.394
8.931, -31.394
4.426, -31.183
4.726, -31.182
5.026, -31.182
5.326, -31.181
5.626, -31.181
5.926, -31.18
6.226, -31.18
6.526, -31.179
6.836, -31.178
7.136, -31.178
7.436, -31.177
7.736, -31.177
8.036, -31.176
8.336, -31.176
8.636, -31.175
8.936, -31.175
4.43, -31.01
4.73, -31.009
5.03, -31.009
5.33, -31.008
5.63, -31.008
5.93, -31.007
6.23, -31.006
6.53, -31.006
6.84, -31.005
7.14, -31.005
7.44, -31.004
7.74, -31.004
8.04, -31.003
8.34, -31.003
8.64, -31.002
8.94, -31.002
4.435, -30.791
4.735, -30.79
5.035, -30.79
5.335, -30.789
5.635, -30.789
5.935, -30.788
6.235, -30.788
6.535, -30.787
6.845, -30.787
7.145, -30.786
7.445, -30.786
7.745, -30.785
8.045, -30.784
8.345, -30.784
8.645, -30.783
8.945, -30.783
4.441, -30.607
4.741, -30.607
5.041, -30.606
5.341, -30.606
5.641, -30.605
5.941, -30.605
6.241, -30.604
6.541, -30.604
6.851, -30.603
7.151, -30.603
7.451, -30.602
7.751, -30.602
8.051, -30.601
8.351, -30.6
8.651, -30.6
8.951, -30.599
4.446, -30.389
4.746, -30.388
5.046, -30.388
5.346, -30.387
5.646, -30.387
5.946, -30.386
6.246, -30.385
7.456, -30.383
7.756, -30.383
8.056, -30.382
8.356, -30.382
8.656, -30.381
8.956, -30.381
4.45, -30.17
4.75, -30.169
5.05, -30.169
5.35, -30.168
5.65, -30.168
5.95, -30.167
6.25, -30.167
7.46, -30.165
7.76, -30.164
8.06, -30.163
8.36, -30.163
8.66, -30.162
8.96, -30.162
4.455, -29.951
4.755, -29.951
5.055, -29.95
5.355, -29.95
5.655, -29.949
5.955, -29.949
6.255, -29.948
7.465, -29.946
7.765, -29.945
8.065, -29.945
8.365, -29.944
8.665, -29.944
8.965, -29.943
4.459, -29.732
4.759, -29.732
5.059, -29.731
5.359, -29.731
5.659, -29.73
5.959, -29.73
6.259, -29.729
7.469, -29.727
7.769, -29.727
8.069, -29.726
8.369, -29.725
8.669, -29.725
8.969, -29.724
0.218, -35.529
0.518, -35.524
0.818, -35.519
1.118, -35.514
1.418, -35.509
1.718, -35.504
2.018, -35.499
2.357, -35.504
2.657, -35.499
2.957, -35.494
3.257, -35.489
3.557, -35.484
3.857, -35.479
0.22, -35.311
0.52, -35.306
0.82, -35.301
1.12, -35.296
1.42, -35.291
1.72, -35.286
2.02, -35.281
2.359, -35.287
2.659, -35.282
2.959, -35.277
3.259, -35.272
3.559, -35.267
3.859, -35.262
0.222, -35.094
0.522, -35.089
0.822, -35.084
1.122, -35.079
1.422, -35.074
1.722, -35.069
2.021, -35.064
2.361, -35.069
2.661, -35.064
2.961, -35.059
3.261, -35.054
3.561, -35.049
3.86, -35.044
0.224, -34.876
0.524, -34.871
0.823, -34.866
1.123, -34.861
1.423, -34.856
1.723, -34.851
2.023, -34.846
2.363, -34.852
2.663, -34.847
2.962, -34.842
3.262, -34.837
3.562, -34.832
3.862, -34.827
0.225, -34.659
0.525, -34.654
0.825, -34.649
1.125, -34.644
1.425, -34.639
1.725, -34.634
2.025, -34.629
2.364, -34.634
2.664, -34.629
2.964, -34.624
3.264, -34.619
3.564, -34.614
3.864, -34.609
0.228, -34.487
0.528, -34.482
0.828, -34.477
1.128, -34.472
1.428, -34.467
1.728, -34.462
2.028, -34.457
2.367, -34.463
2.667, -34.458
2.967, -34.453
3.267, -34.448
3.567, -34.443
3.867, -34.438
0.23, -34.27
0.53, -34.265
0.83, -34.26
1.13, -34.255
1.43, -34.25
1.73, -34.245
2.03, -34.24
2.369, -34.245
2.669, -34.24
2.969, -34.235
3.269, -34.23
3.569, -34.225
3.869, -34.22
0.262, -34.004
0.562, -33.999
0.862, -33.994
1.162, -33.989
1.462, -33.984
1.762, -33.979
2.062, -33.974
2.401, -33.979
2.701, -33.974
3.001, -33.969
3.301, -33.964
3.601, -33.959
3.901, -33.954
0.264, -33.786
0.564, -33.781
0.864, -33.776
1.164, -33.771
1.464, -33.766
1.764, -33.761
2.064, -33.756
2.403, -33.762
2.703, -33.757
3.003, -33.752
3.303, -33.747
3.603, -33.742
3.903, -33.737
0.266, -33.569
0.566, -33.564
0.866, -33.559
1.166, -33.554
1.466, -33.549
1.766, -33.544
2.066, -33.539
2.405, -33.544
2.705, -33.539
3.005, -33.534
3.305, -33.529
3.605, -33.524
3.905, -33.519
0.268, -33.351
0.568, -33.346
0.868, -33.341
1.168, -33.336
1.468, -33.331
1.768, -33.326
2.068, -33.321
2.407, -33.327
2.707, -33.322
3.007, -33.317
3.307, -33.312
3.607, -33.307
3.907, -33.302
0.27, -33.134
0.57, -33.129
0.87, -33.124
1.17, -33.119
1.469, -33.114
1.769, -33.109
2.069, -33.104
2.409, -33.109
2.709, -33.104
3.009, -33.099
3.309, -33.094
3.609, -33.089
3.908, -33.084
0.271, -32.916
0.571, -32.911
0.871, -32.906
1.171, -32.901
1.471, -32.896
1.771, -32.891
2.071, -32.886
2.41, -32.892
2.71, -32.887
3.01, -32.882
3.31, -32.877
3.61, -32.872
3.91, -32.867
0.274, -32.745
0.574, -32.74
0.874, -32.735
1.174, -32.73
1.474, -32.725
1.774, -32.72
2.074, -32.715
2.413, -32.72
2.713, -32.715
3.013, -32.71
3.313, -32.705
3.613, -32.7
3.913, -32.695
0.276, -32.527
0.576, -32.522
0.876, -32.517
1.176, -32.512
1.476, -32.507
1.776, -32.502
2.076, -32.497
2.415, -32.503
2.715, -32.498
3.015, -32.493
3.315, -32.488
3.615, -32.483
3.915, -32.478
0.279, -32.273
0.579, -32.268
0.879, -32.263
1.179, -32.258
1.479, -32.253
1.779, -32.248
2.079, -32.243
2.418, -32.248
2.718, -32.243
3.018, -32.238
3.318, -32.233
3.618, -32.228
3.918, -32.223
0.281, -32.055
0.581, -32.05
0.881, -32.045
1.181, -32.04
1.481, -32.035
1.781, -32.03
2.081, -32.025
2.42, -32.031
2.72, -32.026
3.02, -32.021
3.32, -32.016
3.62, -32.011
3.92, -32.006
0.283, -31.838
0.583, -31.833
0.883, -31.828
1.183, -31.823
1.482, -31.818
1.782, -31.813
2.082, -31.808
2.422, -31.813
2.722, -31.808
3.022, -31.803
3.322, -31.798
3.622, -31.793
3.922, -31.788
0.285, -31.62
0.585, -31.615
0.885, -31.61
1.184, -31.605
1.484, -31.6
1.784, -31.595
2.084, -31.59
2.424, -31.596
2.723, -31.591
3.023, -31.586
3.323, -31.581
3.623, -31.576
3.923, -31.571
0.286, -31.403
0.586, -31.398
0.886, -31.393
1.186, -31.388
1.486, -31.383
1.786, -31.378
2.086, -31.373
2.425, -31.379
2.725, -31.374
3.025, -31.369
3.325, -31.364
3.625, -31.359
3.925, -31.354
0.288, -31.185
0.588, -31.18
0.888, -31.175
1.188, -31.17
1.488, -31.165
1.788, -31.16
2.088, -31.155
2.427, -31.161
2.727, -31.156
3.027, -31.151
3.327, -31.146
3.627, -31.141
3.927, -31.136
0.291, -31.014
0.591, -31.009
0.891, -31.004
1.191, -30.999
1.491, -30.994
1.791, -30.989
2.091, -30.984
2.43, -30.989
2.73, -30.984
3.03, -30.979
3.33, -30.974
3.63, -30.969
3.93, -30.964
0.293, -30.796
0.593, -30.791
0.893, -30.786
1.193, -30.781
1.492, -30.776
1.792, -30.771
2.092, -30.766
2.432, -30.772
2.732, -30.767
3.032, -30.762
3.332, -30.757
3.632, -30.752
3.931, -30.747
0.297, -30.615
0.597, -30.61
0.897, -30.605
1.197, -30.6
1.497, -30.595
1.797, -30.59
2.097, -30.585
2.436, -30.591
2.736, -30.586
3.036, -30.581
3.336, -30.576
3.636, -30.571
3.936, -30.566
0.299, -30.398
0.599, -30.393
0.899, -30.388
1.199, -30.383
1.499, -30.378
1.799, -30.373
3.038, -30.363
3.338, -30.358
3.638, -30.353
3.938, -30.348
0.301, -30.18
0.601, -30.175
0.901, -30.17
1.201, -30.165
1.501, -30.16
1.801, -30.155
3.04, -30.146
3.34, -30.141
3.64, -30.136
3.94, -30.131
0.303, -29.963
0.603, -29.958
0.903, -29.953
1.203, -29.948
1.502, -29.943
1.802, -29.938
3.042, -29.928
3.342, -29.923
3.642, -29.918
3.941, -29.913
0.305, -29.745
0.604, -29.74
0.904, -29.735
1.204, -29.73
1.504, -29.725
1.804, -29.72
3.043, -29.711
3.343, -29.706
3.643, -29.701
3.943, -29.696
-0.423, -35.65
-0.723, -35.641
-1.022, -35.633
-1.322, -35.624
-1.622, -35.616
-1.922, -35.607
-2.222, -35.599
-2.562, -35.629
-2.862, -35.62
-3.162, -35.612
-3.462, -35.603
-3.761, -35.595
-4.061, -35.586
-0.424, -35.45
-0.724, -35.442
-1.024, -35.433
-1.324, -35.425
-1.624, -35.416
-1.924, -35.408
-2.223, -35.4
-2.563, -35.429
-2.863, -35.421
-3.163, -35.412
-3.463, -35.404
-3.763, -35.395
-4.063, -35.387
-0.426, -35.251
-0.726, -35.243
-1.025, -35.234
-1.325, -35.226
-1.625, -35.217
-1.925, -35.209
-2.225, -35.2
-2.565, -35.23
-2.865, -35.222
-3.165, -35.213
-3.465, -35.205
-3.764, -35.196
-4.064, -35.188
-0.427, -35.052
-0.727, -35.043
-1.027, -35.035
-1.327, -35.026
-1.627, -35.018
-1.927, -35.01
-2.227, -35.001
-2.566, -35.031
-2.866, -35.022
-3.166, -35.014
-3.466, -35.006
-3.766, -34.997
-4.066, -34.989
-0.429, -34.853
-0.729, -34.844
-1.029, -34.836
-1.328, -34.827
-1.628, -34.819
-1.928, -34.81
-2.228, -34.802
-2.568, -34.832
-2.868, -34.823
-3.168, -34.815
-3.468, -34.806
-3.768, -34.798
-4.067, -34.789
-0.43, -34.653
-0.73, -34.645
-1.03, -34.636
-1.33, -34.628
-1.63, -34.619
-1.93, -34.611
-2.23, -34.602
-2.569, -34.632
-2.869, -34.624
-3.169, -34.615
-3.469, -34.607
-3.769, -34.598
-4.069, -34.59
-0.432, -34.454
-0.732, -34.446
-1.032, -34.437
-1.331, -34.429
-1.631, -34.42
-1.931, -34.412
-2.231, -34.403
-2.571, -34.433
-2.871, -34.424
-3.171, -34.416
-3.471, -34.408
-3.771, -34.399
-4.07, -34.391
-0.458, -33.942
-0.758, -33.933
-1.058, -33.925
-1.358, -33.916
-1.657, -33.908
-1.957, -33.899
-2.257, -33.891
-2.597, -33.92
-2.897, -33.912
-3.197, -33.904
-3.497, -33.895
-3.797, -33.887
-4.096, -33.878
-0.459, -33.742
-0.759, -33.734
-1.059, -33.725
-1.359, -33.717
-1.659, -33.708
-1.959, -33.7
-2.259, -33.692
-2.599, -33.721
-2.898, -33.713
-3.198, -33.704
-3.498, -33.696
-3.798, -33.687
-4.098, -33.679
-0.461, -33.543
-0.761, -33.535
-1.061, -33.526
-1.361, -33.518
-1.66, -33.509
-1.96, -33.501
-2.26, -33.492
-2.6, -33.522
-2.9, -33.514
-3.2, -33.505
-3.5, -33.497
-3.8, -33.488
-4.1, -33.48
-0.462, -33.344
-0.762, -33.335
-1.062, -33.327
-1.362, -33.319
-1.662, -33.31
-1.962, -33.302
-2.262, -33.293
-2.602, -33.323
-2.901, -33.314
-3.201, -33.306
-3.501, -33.298
-3.801, -33.289
-4.101, -33.281
-0.464, -33.145
-0.764, -33.136
-1.064, -33.128
-1.364, -33.119
-1.664, -33.111
-1.963, -33.102
-2.263, -33.094
-2.603, -33.124
-2.903, -33.115
-3.203, -33.107
-3.503, -33.098
-3.803, -33.09
-4.103, -33.081
-0.465, -32.946
-0.765, -32.937
-1.065, -32.929
-1.365, -32.92
-1.665, -32.912
-1.965, -32.903
-2.265, -32.895
-2.605, -32.924
-2.905, -32.916
-3.204, -32.907
-3.504, -32.899
-3.804, -32.891
-4.104, -32.882
-0.467, -32.746
-0.767, -32.738
-1.067, -32.729
-1.367, -32.721
-1.666, -32.712
-1.966, -32.704
-2.266, -32.695
-2.606, -32.725
-2.906, -32.717
-3.206, -32.708
-3.506, -32.7
-3.806, -32.691
-4.106, -32.683
-0.469, -32.547
-0.768, -32.538
-1.068, -32.53
-1.368, -32.521
-1.668, -32.513
-1.968, -32.504
-2.268, -32.496
-2.608, -32.526
-2.908, -32.517
-3.207, -32.509
-3.507, -32.5
-3.807, -32.492
-4.107, -32.483
-0.471, -32.278
-0.77, -32.269
-1.07, -32.261
-1.37, -32.252
-1.67, -32.244
-1.97, -32.235
-2.27, -32.227
-2.61, -32.257
-2.91, -32.248
-3.209, -32.24
-3.509, -32.231
-3.809, -32.223
-4.109, -32.214
-0.472, -32.079
-0.772, -32.07
-1.072, -32.061
-1.372, -32.053
-1.672, -32.045
-1.971, -32.036
-2.271, -32.028
-2.611, -32.057
-2.911, -32.049
-3.211, -32.04
-3.511, -32.032
-3.811, -32.024
-4.111, -32.015
-0.474, -31.879
-0.773, -31.871
-1.073, -31.862
-1.373, -31.854
-1.673, -31.845
-1.973, -31.837
-2.273, -31.828
-2.613, -31.858
-2.913, -31.85
-3.212, -31.841
-3.512, -31.833
-3.812, -31.824
-4.112, -31.816
-0.475, -31.68
-0.775, -31.672
-1.075, -31.663
-1.375, -31.655
-1.675, -31.646
-1.974, -31.638
-2.274, -31.629
-2.614, -31.659
-2.914, -31.65
-3.214, -31.642
-3.514, -31.634
-3.814, -31.625
-4.114, -31.617
-0.477, -31.481
-0.777, -31.472
-1.076, -31.464
-1.376, -31.455
-1.676, -31.447
-1.976, -31.439
-2.276, -31.43
-2.616, -31.46
-2.916, -31.451
-3.215, -31.443
-3.515, -31.434
-3.815, -31.426
-4.115, -31.417
-0.478, -31.282
-0.778, -31.273
-1.078, -31.265
-1.378, -31.256
-1.678, -31.248
-1.977, -31.239
-2.277, -31.231
-2.617, -31.261
-2.917, -31.252
-3.217, -31.244
-3.517, -31.235
-3.817, -31.227
-4.117, -31.218
-0.48, -31.082
-0.78, -31.074
-1.079, -31.065
-1.379, -31.057
-1.679, -31.048
-1.979, -31.04
-2.279, -31.031
-2.619, -31.061
-2.919, -31.053
-3.218, -31.044
-3.518, -31.036
-3.818, -31.027
-4.118, -31.019
-0.481, -30.883
-0.781, -30.874
-1.081, -30.866
-1.381, -30.857
-1.681, -30.849
-1.98, -30.84
-2.28, -30.832
-2.62, -30.862
-2.92, -30.853
-3.22, -30.845
-3.52, -30.836
-3.82, -30.828
-4.12, -30.819
-0.483, -30.613
-0.783, -30.605
-1.083, -30.596
-1.383, -30.588
-1.682, -30.579
-1.982, -30.571
-2.282, -30.563
-2.622, -30.592
-2.922, -30.584
-3.222, -30.575
-3.522, -30.567
-3.822, -30.558
-4.122, -30.55
-0.485, -30.414
-0.785, -30.406
-1.084, -30.397
-1.384, -30.389
-1.684, -30.38
-1.984, -30.372
-3.223, -30.376
-3.523, -30.368
-3.823, -30.359
-4.123, -30.351
-0.486, -30.215
-0.786, -30.207
-1.086, -30.198
-1.386, -30.19
-1.686, -30.181
-1.986, -30.173
-3.225, -30.177
-3.525, -30.168
-3.825, -30.16
-4.125, -30.152
-0.488, -30.016
-0.788, -30.007
-1.087, -29.999
-1.387, -29.99
-1.687, -29.982
-1.987, -29.973
-3.227, -29.978
-3.526, -29.969
-3.826, -29.961
-4.126, -29.952
-0.489, -29.817
-0.789, -29.808
-1.089, -29.8
-1.389, -29.791
-1.689, -29.783
-1.989, -29.774
-3.228, -29.779
-3.528, -29.77
-3.828, -29.762
-4.128, -29.753
-4.478, -35.746
-4.778, -35.737
-5.078, -35.728
-5.378, -35.719
-5.677, -35.71
-5.977, -35.701
-6.277, -35.692
-6.577, -35.683
-6.887, -35.674
-7.187, -35.665
-7.486, -35.656
-7.786, -35.647
-8.086, -35.639
-8.386, -35.63
-8.686, -35.621
-8.986, -35.612
-4.48, -35.547
-4.78, -35.538
-5.08, -35.529
-5.38, -35.52
-5.679, -35.511
-5.979, -35.502
-6.279, -35.493
-6.579, -35.484
-6.889, -35.475
-7.189, -35.466
-7.488, -35.457
-7.788, -35.448
-8.088, -35.439
-8.388, -35.431
-8.688, -35.422
-8.988, -35.413
-4.482, -35.348
-4.782, -35.339
-5.082, -35.33
-5.381, -35.321
-5.681, -35.312
-5.981, -35.303
-6.281, -35.294
-6.581, -35.285
-6.891, -35.276
-7.191, -35.267
-7.49, -35.258
-7.79, -35.249
-8.09, -35.24
-8.39, -35.231
-8.69, -35.223
-8.99, -35.214
-4.484, -35.149
-4.784, -35.14
-5.084, -35.131
-5.383, -35.122
-5.683, -35.113
-5.983, -35.104
-6.283, -35.095
-6.583, -35.086
-6.893, -35.077
-7.193, -35.068
-7.493, -35.059
-7.792, -35.05
-8.092, -35.041
-8.392, -35.032
-8.692, -35.023
-8.992, -35.015
-4.486, -34.95
-4.786, -34.941
-5.086, -34.932
-5.386, -34.923
-5.685, -34.914
-5.985, -34.905
-6.285, -34.896
-6.585, -34.887
-6.895, -34.878
-7.195, -34.869
-7.494, -34.86
-7.794, -34.851
-8.094, -34.842
-8.394, -34.833
-8.694, -34.824
-8.994, -34.815
-4.488, -34.75
-4.787, -34.741
-5.087, -34.732
-5.387, -34.723
-5.687, -34.714
-5.987, -34.706
-6.287, -34.697
-6.587, -34.688
-6.896, -34.679
-7.196, -34.67
-7.496, -34.661
-7.796, -34.652
-8.096, -34.643
-8.396, -34.634
-8.696, -34.625
-8.995, -34.616
-4.49, -34.551
-4.789, -34.542
-5.089, -34.533
-5.389, -34.524
-5.689, -34.515
-5.989, -34.506
-6.289, -34.498
-6.589, -34.489
-6.898, -34.479
-7.198, -34.471
-7.498, -34.462
-7.798, -34.453
-8.098, -34.444
-8.398, -34.435
-8.698, -34.426
-8.997, -34.417
-4.515, -34.039
-4.815, -34.03
-5.115, -34.021
-5.415, -34.012
-5.715, -34.003
-6.015, -33.994
-6.314, -33.985
-6.614, -33.976
-6.924, -33.967
-7.224, -33.958
-7.524, -33.949
-7.824, -33.94
-8.124, -33.931
-8.423, -33.922
-8.723, -33.914
-9.023, -33.905
-4.517, -33.84
-4.817, -33.831
-5.117, -33.822
-5.417, -33.813
-5.717, -33.804
-6.017, -33.795
-6.316, -33.786
-6.616, -33.777
-6.926, -33.768
-7.226, -33.759
-7.526, -33.75
-7.826, -33.741
-8.126, -33.732
-8.425, -33.723
-8.725, -33.714
-9.025, -33.706
-4.519, -33.641
-4.819, -33.632
-5.119, -33.623
-5.419, -33.614
-5.719, -33.605
-6.019, -33.596
-6.318, -33.587
-6.618, -33.578
-6.928, -33.569
-7.228, -33.56
-7.528, -33.551
-7.828, -33.542
-8.128, -33.533
-8.427, -33.524
-8.727, -33.515
-9.027, -33.506
-4.521, -33.441
-4.821, -33.433
-5.121, -33.424
-5.421, -33.415
-5.721, -33.406
-6.021, -33.397
-6.32, -33.388
-6.62, -33.379
-6.93, -33.37
-7.23, -33.361
-7.53, -33.352
-7.83, -33.343
-8.13, -33.334
-8.429, -33.325
-8.729, -33.316
-9.029, -33.307
-4.523, -33.242
-4.823, -33.233
-5.123, -33.225
-5.423, -33.216
-5.723, -33.207
-6.023, -33.198
-6.322, -33.189
-6.622, -33.18
-6.932, -33.171
-7.232, -33.162
-7.532, -33.153
-7.832, -33.144
-8.132, -33.135
-8.431, -33.126
-8.731, -33.117
-9.031, -33.108
-4.525, -33.043
-4.825, -33.034
-5.125, -33.025
-5.425, -33.017
-5.725, -33.008
-6.025, -32.999
-6.324, -32.99
-6.624, -32.981
-6.934, -32.972
-7.234, -32.963
-7.534, -32.954
-7.834, -32.945
-8.134, -32.936
-8.433, -32.927
-8.733, -32.918
-9.033, -32.909
-4.527, -32.844
-4.827, -32.835
-5.127, -32.826
-5.427, -32.817
-5.726, -32.808
-6.026, -32.799
-6.326, -32.79
-6.626, -32.782
-6.936, -32.772
-7.236, -32.763
-7.535, -32.754
-7.835, -32.746
-8.135, -32.737
-8.435, -32.728
-8.735, -32.719
-9.035, -32.71
-4.529, -32.645
-4.829, -32.636
-5.129, -32.627
-5.429, -32.618
-5.728, -32.609
-6.028, -32.6
-6.328, -32.591
-6.628, -32.583
-6.938, -32.573
-7.238, -32.564
-7.537, -32.555
-7.837, -32.547
-8.137, -32.538
-8.437, -32.529
-8.737, -32.52
-9.037, -32.511
-4.531, -32.376
-4.831, -32.367
-5.131, -32.358
-5.431, -32.349
-5.731, -32.34
-6.031, -32.331
-6.33, -32.322
-6.63, -32.313
-6.94, -32.304
-7.24, -32.295
-7.54, -32.286
-7.84, -32.277
-8.14, -32.269
-8.439, -32.26
-8.739, -32.251
-9.039, -32.242
-4.533, -32.177
-4.833, -32.168
-5.133, -32.159
-5.433, -32.15
-5.733, -32.141
-6.033, -32.132
-6.332, -32.123
-6.632, -32.114
-6.942, -32.105
-7.242, -32.096
-7.542, -32.087
-7.842, -32.078
-8.142, -32.07
-8.441, -32.061
-8.741, -32.052
-9.041, -32.043
-4.535, -31.978
-4.835, -31.969
-5.135, -31.96
-5.435, -31.951
-5.735, -31.942
-6.035, -31.933
-6.334, -31.924
-6.634, -31.915
-6.944, -31.906
-7.244, -31.897
-7.544, -31.888
-7.844, -31.879
-8.144, -31.87
-8.443, -31.861
-8.743, -31.853
-9.043, -31.844
-4.537, -31.779
-4.837, -31.77
-5.137, -31.761
-5.437, -31.752
-5.737, -31.743
-6.037, -31.734
-6.336, -31.725
-6.636, -31.716
-6.946, -31.707
-7.246, -31.698
-7.546, -31.689
-7.846, -31.68
-8.146, -31.671
-8.445, -31.662
-8.745, -31.654
-9.045, -31.645
-4.539, -31.58
-4.839, -31.571
-5.139, -31.562
-5.439, -31.553
-5.739, -31.544
-6.039, -31.535
-6.338, -31.526
-6.638, -31.517
-6.948, -31.508
-7.248, -31.499
-7.548, -31.49
-7.848, -31.481
-8.148, -31.472
-8.447, -31.463
-8.747, -31.455
-9.047, -31.446
-4.541, -31.381
-4.841, -31.372
-5.141, -31.363
-5.441, -31.354
-5.741, -31.345
-6.041, -31.336
-6.34, -31.327
-6.64, -31.318
-6.95, -31.309
-7.25, -31.3
-7.55, -31.291
-7.85, -31.282
-8.15, -31.273
-8.449, -31.264
-8.749, -31.255
-9.049, -31.246
-4.543, -31.181
-4.843, -31.172
-5.143, -31.163
-5.443, -31.154
-5.742, -31.146
-6.042, -31.137
-6.342, -31.128
-6.642, -31.119
-6.952, -31.11
-7.252, -31.101
-7.552, -31.092
-7.851, -31.083
-8.151, -31.074
-8.451, -31.065
-8.751, -31.056
-9.051, -31.047
-4.545, -30.982
-4.845, -30.973
-5.145, -30.964
-5.445, -30.955
-5.744, -30.946
-6.044, -30.937
-6.344, -30.929
-6.644, -30.92
-6.954, -30.91
-7.254, -30.902
-7.554, -30.893
-7.853, -30.884
-8.153, -30.875
-8.453, -30.866
-8.753, -30.857
-9.053, -30.848
-4.547, -30.713
-4.847, -30.704
-5.147, -30.695
-5.447, -30.686
-5.746, -30.677
-6.046, -30.668
-6.346, -30.659
-6.646, -30.65
-6.956, -30.641
-7.256, -30.632
-7.555, -30.623
-7.855, -30.614
-8.155, -30.605
-8.455, -30.596
-8.755, -30.588
-9.055, -30.579
-4.549, -30.514
-4.849, -30.505
-5.149, -30.496
-5.448, -30.487
-5.748, -30.478
-6.048, -30.469
-6.348, -30.46
-7.557, -30.424
-7.857, -30.415
-8.157, -30.406
-8.457, -30.397
-8.757, -30.388
-9.057, -30.379
-4.551, -30.315
-4.851, -30.306
-5.151, -30.297
-5.451, -30.288
-5.75, -30.279
-6.05, -30.27
-6.35, -30.261
-7.559, -30.225
-7.859, -30.216
-8.159, -30.207
-8.459, -30.198
-8.759, -30.189
-9.059, -30.18
-4.553, -30.116
-4.853, -30.107
-5.153, -30.098
-5.453, -30.089
-5.752, -30.08
-6.052, -30.071
-6.352, -30.062
-7.561, -30.026
-7.861, -30.017
-8.161, -30.008
-8.461, -29.999
-8.761, -29.99
-9.061, -29.981
-4.555, -29.916
-4.855, -29.907
-5.155, -29.899
-5.454, -29.89
-5.754, -29.881
-6.054, -29.872
-6.354, -29.863
-7.563, -29.827
-7.863, -29.818
-8.163, -29.809
-8.463, -29.8
-8.763, -29.791
-9.063, -29.782
-14.275, -33.445
-13.996, -33.551
-13.717, -33.657
-13.437, -33.763
-13.106, -33.911
-12.636, -34.067
-12.34, -34.119
-12.045, -34.172
-11.75, -34.225
-11.454, -34.277
-10.976, -34.166
-10.676, -34.174
-10.376, -34.181
-10.076, -34.189
-9.776, -34.197
-14.192, -33.217
-13.913, -33.323
-13.634, -33.429
-13.354, -33.535
-13.028, -33.68
-12.583, -33.875
-12.287, -33.927
-11.992, -33.98
-11.697, -34.033
-11.401, -34.085
-10.956, -33.919
-10.656, -33.927
-10.356, -33.935
-10.056, -33.942
-9.757, -33.95
-14.129, -33.028
-13.849, -33.134
-13.57, -33.24
-13.291, -33.346
-12.969, -33.489
-12.541, -33.675
-12.246, -33.728
-11.95, -33.781
-11.655, -33.834
-11.36, -33.886
-10.945, -33.716
-10.645, -33.724
-10.345, -33.732
-10.045, -33.739
-9.745, -33.747
-14.065, -32.839
-13.786, -32.945
-13.506, -33.051
-13.227, -33.157
-12.91, -33.298
-12.499, -33.476
-12.204, -33.529
-11.909, -33.582
-11.613, -33.634
-11.318, -33.687
-10.933, -33.513
-10.633, -33.521
-10.333, -33.529
-10.033, -33.536
-9.733, -33.544
-14.001, -32.65
-13.722, -32.756
-13.443, -32.862
-13.163, -32.968
-12.852, -33.107
-12.458, -33.277
-12.162, -33.33
-11.867, -33.383
-11.572, -33.435
-11.276, -33.488
-10.921, -33.31
-10.621, -33.318
-10.321, -33.326
-10.021, -33.333
-9.721, -33.341
-13.938, -32.461
-13.658, -32.567
-13.379, -32.672
-13.1, -32.779
-12.793, -32.916
-12.416, -33.078
-12.121, -33.131
-11.825, -33.184
-11.53, -33.236
-11.235, -33.289
-10.909, -33.107
-10.609, -33.115
-10.31, -33.123
-10.01, -33.13
-9.71, -33.138
-13.874, -32.271
-13.595, -32.377
-13.315, -32.483
-13.036, -32.589
-12.734, -32.725
-12.374, -32.879
-12.079, -32.932
-11.784, -32.985
-11.488, -33.037
-11.193, -33.09
-10.898, -32.904
-10.598, -32.912
-10.298, -32.919
-9.998, -32.927
-9.698, -32.935
-13.806, -32.084
-13.526, -32.19
-13.247, -32.296
-12.968, -32.402
-12.67, -32.535
-12.333, -32.681
-12.037, -32.734
-11.742, -32.787
-11.447, -32.839
-11.151, -32.892
-10.886, -32.702
-10.586, -32.71
-10.286, -32.718
-9.986, -32.725
-9.686, -32.733
-13.742, -31.895
-13.463, -32.001
-13.184, -32.107
-12.904, -32.213
-12.612, -32.344
-12.291, -32.482
-11.996, -32.535
-11.7, -32.588
-11.405, -32.64
-11.11, -32.693
-10.874, -32.499
-10.574, -32.507
-10.274, -32.514
-9.974, -32.522
-9.675, -32.53
-13.652, -31.641
-13.373, -31.747
-13.094, -31.853
-12.814, -31.959
-12.528, -32.088
-12.235, -32.213
-11.94, -32.265
-11.644, -32.318
-11.349, -32.371
-11.015, -32.429
-10.559, -32.232
-10.259, -32.24
-9.959, -32.247
-9.659, -32.257
-13.589, -31.452
-13.309, -31.557
-13.03, -31.663
-12.751, -31.769
-12.469, -31.897
-12.181, -32.031
-11.885, -32.076
-11.588, -32.122
-11.292, -32.168
-10.927, -32.239
-10.547, -32.029
-10.247, -32.037
-9.948, -32.044
-9.647, -32.054
-13.525, -31.262
-13.246, -31.368
-12.967, -31.474
-12.687, -31.58
-12.411, -31.706
-12.144, -31.831
-11.848, -31.877
-11.551, -31.923
-11.255, -31.968
-10.919, -32.017
-10.536, -31.826
-10.236, -31.834
-9.936, -31.841
-9.636, -31.849
-13.461, -31.073
-13.182, -31.179
-12.903, -31.285
-12.624, -31.391
-12.352, -31.515
-12.062, -31.615
-11.769, -31.68
-11.471, -31.757
-11.173, -31.791
-10.875, -31.827
-10.482, -31.621
-10.177, -31.659
-9.877, -31.654
-13.398, -30.884
-13.119, -30.99
-12.839, -31.096
-12.56, -31.202
-12.288, -31.325
-12.019, -31.418
-11.726, -31.483
-11.44, -31.556
-11.142, -31.59
-10.844, -31.624
-10.464, -31.42
-10.171, -31.455
-9.871, -31.451
-13.334, -30.695
-13.055, -30.801
-12.776, -30.907
-12.496, -31.013
-12.229, -31.134
-11.976, -31.221
-11.683, -31.286
-11.409, -31.355
-11.111, -31.389
-10.813, -31.423
-10.447, -31.219
-10.166, -31.252
-9.866, -31.248
-13.266, -30.507
-12.987, -30.613
-12.707, -30.719
-12.428, -30.825
-12.166, -30.944
-11.93, -31.025
-11.638, -31.09
-11.379, -31.155
-11.081, -31.189
-10.783, -31.223
-10.426, -31.019
-10.161, -31.05
-9.861, -31.046
-13.202, -30.318
-12.923, -30.424
-12.644, -30.53
-12.364, -30.636
-12.11, -30.757
-11.887, -30.828
-11.595, -30.893
-11.348, -30.954
-11.05, -30.988
-10.752, -31.022
-10.408, -30.818
-10.156, -30.847
-9.856, -30.842
-13.105, -30.067
-12.826, -30.173
-12.547, -30.279
-12.27, -30.389
-12.024, -30.502
-11.802, -30.558
-11.532, -30.649
-11.258, -30.664
-11.009, -30.719
-10.711, -30.753
-10.378, -30.549
-10.15, -30.575
-9.85, -30.571
-13.042, -29.877
-12.762, -29.983
-12.483, -30.089
-12.207, -30.199
-11.965, -30.311
-10.526, -30.401
-10.226, -30.405
-9.926, -30.408
-12.978, -29.688
-12.699, -29.794
-12.419, -29.9
-12.143, -30.01
-10.515, -30.199
-10.215, -30.202
-9.915, -30.205
-12.914, -29.499
-12.635, -29.605
-12.356, -29.711
-12.079, -29.821
-10.505, -29.996
-10.205, -29.999
-9.905, -30.002
-12.851, -29.31
-12.571, -29.416
-12.292, -29.522
-12.016, -29.632
-10.495, -29.793
-10.195, -29.796
-9.915, -29.802
-14.981, -33.016
-15.224, -32.84
-15.467, -32.664
-15.71, -32.488
-15.961, -32.305
-16.239, -32.075
-16.477, -31.893
-16.715, -31.711
-16.954, -31.529
-17.192, -31.347
-14.871, -32.849
-15.114, -32.673
-15.357, -32.497
-15.6, -32.321
-15.851, -32.139
-16.124, -31.911
-16.363, -31.729
-16.601, -31.547
-16.84, -31.365
-17.078, -31.183
-14.761, -32.683
-15.004, -32.507
-15.247, -32.33
-15.49, -32.154
-15.74, -31.972
-16.01, -31.747
-16.249, -31.565
-16.487, -31.383
-16.726, -31.201
-16.964, -31.019
-14.651, -32.516
-14.894, -32.34
-15.137, -32.164
-15.38, -31.988
-15.63, -31.806
-15.896, -31.584
-16.135, -31.402
-16.373, -31.219
-16.612, -31.037
-16.85, -30.855
-14.541, -32.35
-14.784, -32.173
-15.027, -31.997
-15.269, -31.821
-15.52, -31.639
-15.782, -31.42
-16.021, -31.238
-16.259, -31.056
-16.497, -30.874
-16.736, -30.692
-14.674, -32.007
-14.917, -31.83
-15.159, -31.654
-15.41, -31.472
-15.668, -31.256
-15.907, -31.074
-16.145, -30.892
-16.383, -30.71
-16.622, -30.528
-14.563, -31.84
-14.806, -31.664
-15.049, -31.488
-15.3, -31.306
-15.554, -31.092
-15.792, -30.91
-16.03, -30.728
-16.269, -30.546
-16.507, -30.364
-14.453, -31.674
-14.696, -31.498
-14.939, -31.321
-15.19, -31.139
-15.439, -30.929
-15.678, -30.746
-15.916, -30.564
-16.155, -30.382
-16.393, -30.2
-14.304, -31.449
-14.547, -31.273
-14.79, -31.097
-15.041, -30.915
-15.283, -30.738
-15.523, -30.525
-15.762, -30.343
-16, -30.161
-16.239, -29.979
-14.194, -31.282
-14.437, -31.106
-14.68, -30.93
-14.93, -30.748
-15.173, -30.572
-15.409, -30.362
-15.648, -30.18
-15.886, -29.998
-16.124, -29.815
-14.084, -31.116
-14.327, -30.94
-14.57, -30.763
-14.82, -30.581
-15.063, -30.405
-15.295, -30.198
-15.534, -30.016
-15.772, -29.834
-16.01, -29.652
-13.974, -30.949
-14.217, -30.773
-14.46, -30.597
-14.71, -30.415
-14.953, -30.239
-15.181, -30.034
-15.42, -29.852
-15.658, -29.67
-15.896, -29.488
-13.864, -30.782
-14.107, -30.606
-14.349, -30.43
-14.6, -30.248
-14.843, -30.072
-15.067, -29.87
-15.305, -29.688
-15.544, -29.506
-15.782, -29.324
-13.952, -30.426
-14.214, -30.28
-14.485, -30.129
-14.733, -29.905
-14.953, -29.706
-15.191, -29.524
-15.43, -29.342
-15.668, -29.16
-13.862, -30.247
-14.124, -30.102
-14.395, -29.951
-14.622, -29.739
-14.838, -29.543
-15.077, -29.361
-15.315, -29.179
-15.554, -28.997
-13.772, -30.069
-14.034, -29.923
-14.305, -29.772
-14.512, -29.572
-14.724, -29.379
-14.963, -29.197
-15.201, -29.015
-15.439, -28.833
-13.65, -29.828
-13.912, -29.682
-14.183, -29.531
-14.362, -29.348
-14.569, -29.158
-14.807, -28.976
-15.046, -28.794
-15.284, -28.612
-14.421, -29.016
-14.663, -28.839
-14.905, -28.663
-15.148, -28.486
-14.31, -28.85
-14.553, -28.673
-14.795, -28.496
-15.037, -28.319
-14.2, -28.684
-14.442, -28.507
-14.684, -28.33
-14.927, -28.153
-14.089, -28.517
-14.331, -28.341
-14.574, -28.164
-14.816, -27.987
-18.115, -31.092
-18.309, -30.864
-18.503, -30.635
-18.696, -30.406
-18.89, -30.177
-19.098, -29.942
-19.295, -29.681
-19.492, -29.44
-19.674, -29.202
-19.857, -28.964
-20.039, -28.726
-17.933, -30.928
-18.127, -30.699
-18.321, -30.471
-18.514, -30.242
-18.708, -30.013
-18.915, -29.779
-19.107, -29.523
-19.302, -29.285
-19.484, -29.047
-19.667, -28.809
-19.849, -28.571
-17.78, -30.797
-17.974, -30.568
-18.168, -30.339
-18.362, -30.11
-18.555, -29.881
-18.761, -29.649
-18.96, -29.399
-19.143, -29.161
-19.325, -28.923
-19.508, -28.685
-19.69, -28.447
-17.628, -30.665
-17.821, -30.437
-18.015, -30.208
-18.209, -29.979
-18.403, -29.75
-18.607, -29.519
-18.801, -29.274
-18.984, -29.036
-19.166, -28.799
-19.349, -28.561
-19.531, -28.323
-17.475, -30.534
-17.669, -30.305
-17.863, -30.076
-18.056, -29.847
-18.25, -29.619
-18.453, -29.389
-18.643, -29.15
-18.825, -28.912
-19.008, -28.674
-19.19, -28.436
-19.373, -28.198
-17.516, -30.174
-17.71, -29.945
-17.904, -29.716
-18.097, -29.487
-18.3, -29.259
-18.484, -29.026
-18.666, -28.788
-18.849, -28.55
-19.031, -28.312
-19.214, -28.074
-17.363, -30.042
-17.557, -29.813
-17.751, -29.584
-17.945, -29.356
-18.146, -29.129
-18.325, -28.902
-18.507, -28.664
-18.69, -28.426
-18.872, -28.188
-19.055, -27.95
-17.212, -29.91
-17.406, -29.681
-17.6, -29.452
-17.794, -29.223
-17.994, -28.997
-18.167, -28.777
-18.35, -28.539
-18.532, -28.301
-18.715, -28.063
-18.897, -27.825
-17.06, -29.778
-17.253, -29.549
-17.447, -29.321
-17.641, -29.092
-17.84, -28.867
-18.008, -28.653
-18.191, -28.415
-18.373, -28.177
-18.556, -27.939
-18.738, -27.701
-16.848, -29.615
-17.039, -29.384
-17.231, -29.153
-17.422, -28.923
-17.62, -28.684
-17.8, -28.472
-17.984, -28.235
-18.169, -27.999
-18.353, -27.763
-18.538, -27.526
-16.694, -29.485
-16.885, -29.254
-17.077, -29.023
-17.269, -28.793
-17.467, -28.554
-17.642, -28.346
-17.827, -28.11
-18.011, -27.874
-18.196, -27.637
-18.38, -27.401
-16.54, -29.355
-16.731, -29.124
-16.923, -28.893
-17.115, -28.663
-17.313, -28.424
-17.484, -28.221
-17.669, -27.984
-17.853, -27.748
-18.038, -27.512
-18.222, -27.275
-16.578, -28.994
-16.769, -28.763
-16.961, -28.533
-17.159, -28.294
-17.333, -28.073
-17.52, -27.839
-17.708, -27.605
-17.895, -27.371
-16.386, -29.225
-16.232, -29.094
-16.424, -28.864
-16.615, -28.633
-16.807, -28.402
-17.005, -28.164
-17.176, -27.946
-17.364, -27.712
-17.552, -27.478
-17.739, -27.244
-16.078, -28.964
-16.27, -28.734
-16.461, -28.503
-16.653, -28.272
-16.851, -28.034
-17.02, -27.818
-17.208, -27.584
-17.395, -27.35
-17.583, -27.116
-15.926, -28.833
-16.117, -28.603
-16.309, -28.372
-16.501, -28.141
-16.699, -27.903
-16.866, -27.69
-17.053, -27.456
-17.241, -27.222
-17.428, -26.988
-15.772, -28.703
-15.963, -28.473
-16.155, -28.242
-16.347, -28.011
-16.545, -27.773
-16.709, -27.562
-16.897, -27.328
-17.085, -27.094
-17.272, -26.86
-15.718, -28.365
-15.905, -28.131
-16.69, -27.154
-16.878, -26.92
-17.065, -26.686
-15.562, -28.237
-15.749, -28.003
-16.534, -27.026
-16.721, -26.792
-16.909, -26.558
-15.406, -28.11
-15.593, -27.876
-16.378, -26.899
-16.565, -26.665
-16.753, -26.431
-15.249, -27.982
-15.437, -27.748
-16.221, -26.771
-16.409, -26.537
-16.597, -26.304
-15.093, -27.855
-15.281, -27.621
-16.065, -26.644
-16.253, -26.41
-16.44, -26.176
-26.19, -26.297
-26.095, -26.582
-26, -26.866
-25.905, -27.15
-25.81, -27.435
-25.712, -27.729
-25.617, -28.013
-25.522, -28.297
-25.428, -28.582
-25.333, -28.866
-25.238, -29.151
-25.143, -29.435
-26.009, -26.25
-25.914, -26.534
-25.819, -26.818
-25.724, -27.103
-25.629, -27.387
-25.531, -27.681
-25.436, -27.965
-25.341, -28.25
-25.246, -28.534
-25.151, -28.819
-25.056, -29.103
-24.961, -29.387
-25.805, -26.207
-25.71, -26.491
-25.616, -26.776
-25.521, -27.06
-25.426, -27.344
-25.328, -27.638
-25.233, -27.923
-25.138, -28.207
-25.043, -28.491
-24.948, -28.776
-24.853, -29.06
-24.758, -29.345
-25.624, -26.159
-25.529, -26.444
-25.434, -26.728
-25.339, -27.012
-25.244, -27.297
-25.146, -27.591
-25.051, -27.875
-24.956, -28.159
-24.861, -28.444
-24.767, -28.728
-24.672, -29.013
-24.577, -29.297
-25.443, -26.112
-25.348, -26.396
-25.253, -26.68
-25.158, -26.965
-25.063, -27.249
-24.965, -27.543
-24.87, -27.827
-24.775, -28.112
-24.68, -28.396
-24.585, -28.681
-24.49, -28.965
-24.395, -29.249
-25.261, -26.064
-25.166, -26.348
-25.072, -26.633
-24.977, -26.917
-24.882, -27.202
-24.784, -27.495
-24.689, -27.78
-24.594, -28.064
-24.499, -28.349
-24.404, -28.633
-24.309, -28.917
-24.214, -29.202
-25.08, -26.017
-24.985, -26.301
-24.89, -26.585
-24.795, -26.87
-24.7, -27.154
-24.602, -27.448
-24.507, -27.732
-24.412, -28.017
-24.317, -28.301
-24.223, -28.585
-24.128, -28.87
-24.033, -29.154
-24.899, -25.969
-24.804, -26.253
-24.709, -26.538
-24.614, -26.822
-24.519, -27.107
-24.421, -27.4
-24.326, -27.685
-24.231, -27.969
-24.136, -28.253
-24.041, -28.538
-23.946, -28.822
-23.851, -29.107
-24.714, -25.919
-24.619, -26.203
-24.524, -26.487
-24.429, -26.772
-24.334, -27.056
-24.236, -27.35
-24.141, -27.634
-24.046, -27.919
-23.951, -28.203
-23.856, -28.488
-23.762, -28.772
-24.533, -25.871
-24.438, -26.155
-24.343, -26.44
-24.248, -26.724
-24.153, -27.009
-24.055, -27.302
-23.96, -27.587
-23.865, -27.871
-23.77, -28.156
-23.675, -28.44
-23.58, -28.724
-24.309, -25.817
-24.215, -26.102
-24.12, -26.386
-24.025, -26.67
-23.93, -26.955
-23.832, -27.249
-23.737, -27.533
-23.642, -27.817
-23.547, -28.102
-23.452, -28.386
-23.357, -28.671
-24.128, -25.77
-24.033, -26.054
-23.938, -26.338
-23.843, -26.623
-23.749, -26.907
-23.65, -27.201
-23.555, -27.485
-23.461, -27.77
-23.366, -28.054
-23.271, -28.339
-23.176, -28.623
-23.947, -25.722
-23.852, -26.006
-23.757, -26.291
-23.662, -26.575
-23.567, -26.86
-23.469, -27.153
-23.374, -27.438
-23.279, -27.722
-23.184, -28.007
-23.089, -28.291
-22.994, -28.575
-23.765, -25.674
-23.671, -25.959
-23.576, -26.243
-23.481, -26.528
-23.386, -26.812
-23.288, -27.106
-23.193, -27.39
-23.098, -27.675
-23.003, -27.959
-22.908, -28.243
-22.813, -28.528
-23.584, -25.627
-23.489, -25.911
-23.394, -26.196
-23.299, -26.48
-23.204, -26.764
-23.106, -27.058
-23.011, -27.343
-22.917, -27.627
-22.822, -27.911
-22.727, -28.196
-22.632, -28.48
-23.403, -25.579
-23.308, -25.864
-23.213, -26.148
-23.118, -26.432
-23.023, -26.717
-22.925, -27.011
-22.83, -27.295
-22.735, -27.579
-22.64, -27.864
-22.545, -28.148
-22.45, -28.433
-23.218, -25.529
-23.123, -25.813
-23.028, -26.098
-22.933, -26.382
-22.838, -26.666
-22.74, -26.96
-22.645, -27.245
-22.55, -27.529
-22.456, -27.814
-22.361, -28.098
-22.266, -28.382
-23.037, -25.481
-22.942, -25.766
-22.847, -26.05
-22.752, -26.335
-22.657, -26.619
-22.559, -26.913
-22.464, -27.197
-22.369, -27.482
-22.274, -27.766
-22.179, -28.05
-22.084, -28.335
-22.789, -25.415
-22.694, -25.699
-22.599, -25.984
-22.504, -26.268
-22.409, -26.552
-22.311, -26.846
-22.216, -27.131
-22.121, -27.415
-22.027, -27.699
-21.932, -27.984
-21.837, -28.268
-22.608, -25.367
-22.513, -25.652
-22.418, -25.936
-22.323, -26.22
-22.228, -26.505
-22.13, -26.799
-22.035, -27.083
-21.94, -27.367
-21.845, -27.652
-21.75, -27.936
-21.655, -28.221
-22.426, -25.32
-22.331, -25.604
-22.237, -25.888
-22.142, -26.173
-22.047, -26.457
-21.949, -26.751
-21.854, -27.035
-21.759, -27.32
-21.664, -27.604
-21.569, -27.889
-21.474, -28.173
-22.245, -25.272
-22.15, -25.556
-22.055, -25.841
-21.96, -26.125
-21.865, -26.41
-21.767, -26.703
-21.672, -26.988
-21.577, -27.272
-21.482, -27.557
-21.388, -27.841
-21.293, -28.125
-22.064, -25.224
-21.969, -25.509
-21.874, -25.793
-21.779, -26.078
-21.684, -26.362
-21.586, -26.656
-21.491, -26.94
-21.396, -27.225
-21.301, -27.509
-21.206, -27.793
-21.111, -28.078
-21.882, -25.177
-21.787, -25.461
-21.693, -25.746
-21.598, -26.03
-21.503, -26.314
-21.405, -26.608
-21.31, -26.893
-21.215, -27.177
-21.12, -27.461
-21.025, -27.746
-20.93, -28.03
-21.603, -25.411
-21.508, -25.695
-21.413, -25.98
-21.318, -26.264
-21.22, -26.558
-21.125, -26.842
-21.03, -27.127
-20.935, -27.411
-20.84, -27.695
-20.745, -27.98
-21.421, -25.363
-21.326, -25.648
-21.232, -25.932
-21.137, -26.216
-21.039, -26.51
-20.944, -26.795
-20.849, -27.079
-20.754, -27.363
-20.659, -27.648
-20.564, -27.932
-21.168, -25.292
-21.074, -25.577
-20.979, -25.861
-20.884, -26.145
-20.786, -26.439
-20.691, -26.724
-20.596, -27.008
-20.501, -27.292
-20.406, -27.577
-20.311, -27.861
-20.987, -25.245
-20.892, -25.529
-20.797, -25.813
-20.702, -26.098
-20.604, -26.392
-20.509, -26.676
-20.414, -26.96
-20.319, -27.245
-20.225, -27.529
-20.13, -27.814
-20.806, -25.197
-20.711, -25.481
-20.616, -25.766
-20.521, -26.05
-20.423, -26.344
-20.328, -26.629
-20.233, -26.913
-20.138, -27.197
-20.043, -27.482
-19.948, -27.766
-20.719, -24.865
-20.624, -25.15
-20.529, -25.434
-20.435, -25.718
-20.34, -26.003
-20.242, -26.297
-20.147, -26.581
-20.052, -26.865
-19.957, -27.15
-19.862, -27.434
-19.767, -27.718
-20.538, -24.818
-20.443, -25.102
-20.348, -25.386
-20.253, -25.671
-20.158, -25.955
-20.06, -26.249
-19.965, -26.533
-19.87, -26.818
-19.775, -27.102
-19.681, -27.387
-19.586, -27.671
-26.301, -25.469
-26.371, -25.178
-26.442, -24.886
-26.513, -24.595
-26.584, -24.303
-26.657, -24.002
-26.728, -23.711
-26.799, -23.419
-26.87, -23.128
-26.94, -22.836
-27.011, -22.545
-26.12, -25.423
-26.191, -25.131
-26.261, -24.84
-26.332, -24.548
-26.403, -24.257
-26.476, -23.956
-26.547, -23.664
-26.618, -23.373
-26.689, -23.081
-26.76, -22.79
-26.83, -22.498
-25.922, -25.362
-25.993, -25.07
-26.064, -24.779
-26.135, -24.487
-26.206, -24.196
-26.279, -23.895
-26.35, -23.603
-26.42, -23.312
-26.491, -23.02
-26.562, -22.729
-26.633, -22.438
-25.741, -25.315
-25.812, -25.024
-25.883, -24.732
-25.954, -24.441
-26.025, -24.149
-26.098, -23.848
-26.169, -23.557
-26.24, -23.265
-26.31, -22.974
-26.381, -22.683
-26.452, -22.391
-25.561, -25.269
-25.631, -24.977
-25.702, -24.686
-25.773, -24.395
-25.844, -24.103
-25.917, -23.802
-25.988, -23.511
-26.059, -23.219
-26.129, -22.928
-26.2, -22.636
-26.271, -22.345
-25.38, -25.222
-25.45, -24.931
-25.521, -24.64
-25.592, -24.348
-25.663, -24.057
-25.736, -23.756
-25.807, -23.464
-25.878, -23.173
-25.949, -22.881
-26.019, -22.59
-26.09, -22.298
-25.199, -25.176
-25.27, -24.885
-25.34, -24.593
-25.411, -24.302
-25.482, -24.01
-25.555, -23.709
-25.626, -23.418
-25.697, -23.126
-25.768, -22.835
-25.838, -22.543
-25.909, -22.252
-25.018, -25.13
-25.089, -24.838
-25.159, -24.547
-25.23, -24.255
-25.301, -23.964
-25.374, -23.663
-25.445, -23.371
-25.516, -23.08
-25.587, -22.788
-25.658, -22.497
-25.728, -22.206
-24.833, -25.081
-24.904, -24.789
-24.975, -24.498
-25.046, -24.207
-25.116, -23.915
-25.19, -23.614
-25.26, -23.323
-25.331, -23.031
-25.402, -22.74
-25.473, -22.448
-25.544, -22.157
-24.652, -25.035
-24.723, -24.743
-24.794, -24.452
-24.865, -24.16
-24.936, -23.869
-25.009, -23.568
-25.08, -23.276
-25.15, -22.985
-25.221, -22.693
-25.292, -22.402
-25.363, -22.11
-24.432, -24.973
-24.503, -24.681
-24.574, -24.39
-24.645, -24.098
-24.716, -23.807
-24.789, -23.506
-24.86, -23.214
-24.93, -22.923
-25.001, -22.631
-25.072, -22.34
-25.143, -22.048
-24.251, -24.926
-24.322, -24.635
-24.393, -24.343
-24.464, -24.052
-24.535, -23.76
-24.608, -23.459
-24.679, -23.168
-24.749, -22.876
-24.82, -22.585
-24.891, -22.294
-24.962, -22.002
-24.07, -24.88
-24.141, -24.588
-24.212, -24.297
-24.283, -24.005
-24.354, -23.714
-24.427, -23.413
-24.498, -23.121
-24.569, -22.83
-24.639, -22.539
-24.71, -22.247
-24.781, -21.956
-23.889, -24.833
-23.96, -24.542
-24.031, -24.25
-24.102, -23.959
-24.173, -23.668
-24.246, -23.366
-24.317, -23.075
-24.388, -22.784
-24.458, -22.492
-24.529, -22.201
-24.6, -21.909
-23.709, -24.787
-23.779, -24.496
-23.85, -24.204
-23.921, -23.913
-23.992, -23.621
-24.065, -23.32
-24.136, -23.029
-24.207, -22.737
-24.278, -22.446
-24.348, -22.154
-24.419, -21.863
-23.528, -24.741
-23.598, -24.449
-23.669, -24.158
-23.74, -23.866
-23.811, -23.575
-23.884, -23.274
-23.955, -22.982
-24.026, -22.691
-24.097, -22.399
-24.167, -22.108
-24.238, -21.817
-23.343, -24.692
-23.414, -24.4
-23.485, -24.109
-23.556, -23.818
-23.626, -23.526
-23.7, -23.225
-23.77, -22.933
-23.841, -22.642
-23.912, -22.351
-23.983, -22.059
-24.054, -21.768
-23.162, -24.645
-23.233, -24.354
-23.304, -24.063
-23.375, -23.771
-23.445, -23.48
-23.519, -23.179
-23.589, -22.887
-23.66, -22.596
-23.731, -22.304
-23.802, -22.013
-23.873, -21.721
-22.915, -24.581
-22.986, -24.289
-23.056, -23.998
-23.127, -23.706
-23.198, -23.415
-23.271, -23.114
-23.342, -22.822
-23.413, -22.531
-23.484, -22.24
-23.554, -21.948
-23.625, -21.657
-22.734, -24.534
-22.805, -24.243
-22.875, -23.952
-22.946, -23.66
-23.017, -23.369
-23.09, -23.067
-23.161, -22.776
-23.232, -22.485
-23.303, -22.193
-23.374, -21.902
-23.444, -21.61
-22.553, -24.488
-22.624, -24.197
-22.695, -23.905
-22.765, -23.614
-22.836, -23.322
-22.909, -23.021
-22.98, -22.73
-23.051, -22.438
-23.122, -22.147
-23.193, -21.855
-23.263, -21.564
-22.372, -24.442
-22.443, -24.15
-22.514, -23.859
-22.584, -23.567
-22.655, -23.276
-22.728, -22.975
-22.799, -22.683
-22.87, -22.392
-22.941, -22.1
-23.012, -21.809
-23.083, -21.518
-22.191, -24.395
-22.262, -24.104
-22.333, -23.812
-22.403, -23.521
-22.474, -23.229
-22.548, -22.928
-22.618, -22.637
-22.689, -22.345
-22.76, -22.054
-22.831, -21.763
-22.902, -21.471
-22.01, -24.349
-22.081, -24.057
-22.152, -23.766
-22.223, -23.475
-22.293, -23.183
-22.367, -22.882
-22.437, -22.59
-22.508, -22.299
-22.579, -22.008
-22.65, -21.716
-22.721, -21.425
-21.825, -24.3
-21.896, -24.009
-21.967, -23.717
-22.038, -23.426
-22.109, -23.134
-22.182, -22.833
-22.253, -22.542
-22.324, -22.25
-22.394, -21.959
-21.715, -23.962
-21.786, -23.671
-21.857, -23.379
-21.928, -23.088
-22.001, -22.787
-22.072, -22.495
-22.143, -22.204
-22.214, -21.912
-21.462, -23.894
-21.533, -23.602
-21.604, -23.311
-21.675, -23.02
-21.748, -22.718
-21.819, -22.427
-21.889, -22.136
-21.96, -21.844
-21.281, -23.847
-21.352, -23.556
-21.423, -23.265
-21.494, -22.973
-21.567, -22.672
-21.638, -22.381
-21.708, -22.089
-21.779, -21.798
-21.1, -23.801
-21.171, -23.51
-21.242, -23.218
-21.313, -22.927
-21.386, -22.626
-21.457, -22.334
-21.528, -22.043
-21.598, -21.751
-20.849, -24.046
-20.919, -23.755
-20.99, -23.463
-21.061, -23.172
-21.132, -22.88
-21.205, -22.579
-21.276, -22.288
-21.347, -21.996
-21.417, -21.705
-21.488, -21.413
-20.668, -24
-20.738, -23.708
-20.809, -23.417
-20.88, -23.125
-20.951, -22.834
-21.024, -22.533
-21.095, -22.241
-21.166, -21.95
-21.237, -21.658
-21.307, -21.367
-27.225, -21.681
-27.27, -21.384
-27.314, -21.087
-27.358, -20.79
-27.402, -20.494
-27.448, -20.187
-27.492, -19.891
-27.536, -19.594
-27.58, -19.297
-27.624, -19
-27.668, -18.704
-27.043, -21.644
-27.087, -21.348
-27.131, -21.051
-27.176, -20.754
-27.22, -20.457
-27.265, -20.151
-27.309, -19.854
-27.354, -19.558
-27.398, -19.261
-27.442, -18.964
-27.486, -18.667
-26.843, -21.594
-26.887, -21.297
-26.932, -21.001
-26.976, -20.704
-27.02, -20.407
-27.065, -20.101
-27.11, -19.804
-27.154, -19.507
-27.198, -19.211
-27.242, -18.914
-27.286, -18.617
-26.661, -21.558
-26.705, -21.261
-26.749, -20.964
-26.793, -20.668
-26.838, -20.371
-26.883, -20.064
-26.927, -19.768
-26.971, -19.471
-27.016, -19.174
-27.06, -18.878
-27.104, -18.581
-26.479, -21.521
-26.523, -21.225
-26.567, -20.928
-26.611, -20.631
-26.655, -20.335
-26.701, -20.028
-26.745, -19.731
-26.789, -19.435
-26.833, -19.138
-26.877, -18.841
-26.922, -18.545
-26.296, -21.485
-26.34, -21.188
-26.385, -20.892
-26.429, -20.595
-26.473, -20.298
-26.518, -19.992
-26.563, -19.695
-26.607, -19.398
-26.651, -19.102
-26.695, -18.805
-26.739, -18.508
-26.114, -21.449
-26.158, -21.152
-26.202, -20.855
-26.246, -20.559
-26.29, -20.262
-26.336, -19.955
-26.38, -19.659
-26.424, -19.362
-26.468, -19.065
-26.513, -18.769
-26.557, -18.472
-25.931, -21.412
-25.976, -21.116
-26.02, -20.819
-26.064, -20.522
-26.108, -20.226
-26.154, -19.919
-26.198, -19.622
-26.242, -19.326
-26.286, -19.029
-26.33, -18.732
-26.374, -18.435
-25.745, -21.376
-25.789, -21.079
-25.833, -20.783
-25.877, -20.486
-25.921, -20.189
-25.967, -19.883
-26.011, -19.586
-26.055, -19.289
-26.099, -18.992
-26.143, -18.696
-26.187, -18.399
-25.562, -21.34
-25.606, -21.043
-25.65, -20.746
-25.695, -20.449
-25.739, -20.153
-25.784, -19.846
-25.829, -19.55
-25.873, -19.253
-25.917, -18.956
-25.961, -18.659
-26.005, -18.363
-25.34, -21.29
-25.384, -20.994
-25.428, -20.697
-25.472, -20.4
-25.516, -20.104
-25.562, -19.797
-25.606, -19.5
-25.65, -19.204
-25.694, -18.907
-25.739, -18.61
-25.783, -18.313
-25.157, -21.254
-25.202, -20.957
-25.246, -20.661
-25.29, -20.364
-25.334, -20.067
-25.38, -19.761
-25.424, -19.464
-25.468, -19.167
-25.512, -18.871
-25.556, -18.574
-25.6, -18.277
-24.975, -21.218
-25.019, -20.921
-25.063, -20.624
-25.108, -20.328
-25.152, -20.031
-25.197, -19.724
-25.241, -19.428
-25.286, -19.131
-25.33, -18.834
-25.374, -18.537
-25.418, -18.241
-24.793, -21.181
-24.837, -20.885
-24.881, -20.588
-24.925, -20.291
-24.969, -19.994
-25.015, -19.688
-25.059, -19.391
-25.103, -19.095
-25.147, -18.798
-25.191, -18.501
-25.236, -18.204
-24.61, -21.145
-24.655, -20.848
-24.699, -20.552
-24.743, -20.255
-24.787, -19.958
-24.832, -19.652
-24.877, -19.355
-24.921, -19.058
-24.965, -18.761
-25.009, -18.465
-25.053, -18.168
-24.428, -21.109
-24.472, -20.812
-24.516, -20.515
-24.56, -20.218
-24.605, -19.922
-24.65, -19.615
-24.694, -19.319
-24.738, -19.022
-24.783, -18.725
-24.827, -18.428
-24.871, -18.132
-24.241, -21.072
-24.285, -20.775
-24.329, -20.479
-24.374, -20.182
-24.418, -19.885
-24.463, -19.579
-24.507, -19.282
-24.552, -18.985
-24.596, -18.689
-24.64, -18.392
-24.684, -18.095
-24.059, -21.036
-24.103, -20.739
-24.147, -20.442
-24.191, -20.146
-24.235, -19.849
-24.281, -19.542
-24.325, -19.246
-24.369, -18.949
-24.413, -18.652
-24.458, -18.356
-24.502, -18.059
-23.809, -20.987
-23.853, -20.69
-23.897, -20.393
-23.941, -20.097
-23.985, -19.8
-24.031, -19.493
-24.075, -19.197
-24.119, -18.9
-24.163, -18.603
-24.207, -18.307
-24.252, -18.01
-23.626, -20.95
-23.67, -20.654
-23.715, -20.357
-23.759, -20.06
-23.803, -19.764
-23.848, -19.457
-23.893, -19.16
-23.937, -18.864
-23.981, -18.567
-24.025, -18.27
-24.069, -17.974
-23.444, -20.914
-23.488, -20.617
-23.532, -20.321
-23.576, -20.024
-23.621, -19.727
-23.666, -19.421
-23.71, -19.124
-23.754, -18.827
-23.799, -18.531
-23.843, -18.234
-23.887, -17.937
-23.262, -20.878
-23.306, -20.581
-23.35, -20.284
-23.394, -19.988
-23.438, -19.691
-23.484, -19.384
-23.528, -19.088
-23.572, -18.791
-23.616, -18.494
-23.66, -18.197
-23.704, -17.901
-23.079, -20.841
-23.123, -20.545
-23.167, -20.248
-23.212, -19.951
-23.256, -19.654
-23.301, -19.348
-23.346, -19.051
-23.39, -18.755
-23.434, -18.458
-23.478, -18.161
-23.522, -17.864
-22.897, -20.805
-22.941, -20.508
-22.985, -20.212
-23.029, -19.915
-23.073, -19.618
-23.119, -19.312
-23.163, -19.015
-23.207, -18.718
-23.251, -18.421
-23.296, -18.125
-23.34, -17.828
-22.71, -20.769
-22.754, -20.472
-22.798, -20.175
-22.842, -19.878
-22.887, -19.582
-22.932, -19.275
-22.976, -18.978
-23.02, -18.682
-23.065, -18.385
-22.572, -20.436
-22.616, -20.139
-22.66, -19.842
-22.704, -19.545
-22.75, -19.239
-22.794, -18.942
-22.838, -18.645
-22.882, -18.349
-22.314, -20.386
-22.359, -20.09
-22.403, -19.793
-22.447, -19.496
-22.493, -19.19
-22.537, -18.893
-22.581, -18.596
-22.625, -18.3
-22.132, -20.35
-22.176, -20.053
-22.22, -19.757
-22.265, -19.46
-22.31, -19.153
-22.354, -18.857
-22.398, -18.56
-22.443, -18.263
-21.95, -20.314
-21.994, -20.017
-22.038, -19.72
-22.082, -19.424
-22.128, -19.117
-22.172, -18.82
-22.216, -18.524
-22.26, -18.227
-21.723, -20.574
-21.767, -20.277
-21.812, -19.981
-21.856, -19.684
-21.9, -19.387
-21.945, -19.081
-21.99, -18.784
-22.034, -18.487
-22.078, -18.19
-22.122, -17.894
-21.541, -20.538
-21.585, -20.241
-21.629, -19.944
-21.673, -19.648
-21.717, -19.351
-21.763, -19.044
-21.807, -18.748
-21.851, -18.451
-21.895, -18.154
-21.94, -17.857
-27.817, -17.953
-27.861, -17.656
-27.905, -17.359
-27.948, -17.063
-27.992, -16.766
-28.037, -16.459
-28.081, -16.163
-28.125, -15.866
-28.169, -15.569
-28.213, -15.273
-28.257, -14.976
-27.632, -17.924
-27.675, -17.627
-27.719, -17.33
-27.763, -17.034
-27.807, -16.737
-27.852, -16.43
-27.896, -16.134
-27.94, -15.837
-27.984, -15.54
-28.028, -15.244
-28.071, -14.947
-27.428, -17.881
-27.472, -17.585
-27.516, -17.288
-27.56, -16.991
-27.604, -16.695
-27.649, -16.388
-27.693, -16.092
-27.737, -15.795
-27.781, -15.498
-27.825, -15.202
-27.868, -14.905
-27.243, -17.852
-27.287, -17.556
-27.331, -17.259
-27.375, -16.962
-27.419, -16.666
-27.464, -16.359
-27.508, -16.062
-27.552, -15.766
-27.595, -15.469
-27.639, -15.172
-27.683, -14.876
-27.058, -17.823
-27.102, -17.526
-27.146, -17.23
-27.19, -16.933
-27.233, -16.636
-27.279, -16.33
-27.323, -16.033
-27.366, -15.737
-27.41, -15.44
-27.454, -15.143
-27.498, -14.847
-26.873, -17.794
-26.917, -17.497
-26.961, -17.201
-27.004, -16.904
-27.048, -16.607
-27.093, -16.301
-27.137, -16.004
-27.181, -15.707
-27.225, -15.411
-27.269, -15.114
-27.313, -14.817
-26.688, -17.765
-26.731, -17.468
-26.775, -17.171
-26.819, -16.875
-26.863, -16.578
-26.908, -16.272
-26.952, -15.975
-26.996, -15.678
-27.04, -15.382
-27.084, -15.085
-27.127, -14.788
-26.502, -17.736
-26.546, -17.439
-26.59, -17.142
-26.634, -16.846
-26.678, -16.549
-26.723, -16.242
-26.767, -15.946
-26.811, -15.649
-26.855, -15.352
-26.898, -15.056
-26.942, -14.759
-26.313, -17.704
-26.357, -17.408
-26.401, -17.111
-26.445, -16.814
-26.489, -16.518
-26.534, -16.211
-26.578, -15.914
-26.622, -15.618
-26.666, -15.321
-26.709, -15.024
-26.753, -14.728
-26.128, -17.675
-26.172, -17.378
-26.216, -17.082
-26.26, -16.785
-26.304, -16.488
-26.349, -16.182
-26.393, -15.885
-26.437, -15.589
-26.48, -15.292
-26.524, -14.995
-26.568, -14.699
-25.903, -17.634
-25.946, -17.337
-25.99, -17.041
-26.034, -16.744
-26.078, -16.447
-26.123, -16.141
-26.167, -15.844
-26.211, -15.548
-26.255, -15.251
-26.299, -14.954
-26.342, -14.658
-25.717, -17.605
-25.761, -17.308
-25.805, -17.012
-25.849, -16.715
-25.893, -16.418
-25.938, -16.112
-25.982, -15.815
-26.026, -15.518
-26.069, -15.222
-26.113, -14.925
-26.157, -14.628
-25.532, -17.576
-25.576, -17.279
-25.62, -16.982
-25.664, -16.686
-25.707, -16.389
-25.753, -16.083
-25.797, -15.786
-25.84, -15.489
-25.884, -15.193
-25.928, -14.896
-25.972, -14.599
-25.347, -17.547
-25.391, -17.25
-25.435, -16.953
-25.478, -16.657
-25.522, -16.36
-25.567, -16.053
-25.611, -15.757
-25.655, -15.46
-25.699, -15.163
-25.743, -14.867
-25.787, -14.57
-25.162, -17.517
-25.205, -17.221
-25.249, -16.924
-25.293, -16.627
-25.337, -16.331
-25.382, -16.024
-25.426, -15.728
-25.47, -15.431
-25.514, -15.134
-25.558, -14.838
-25.601, -14.541
-24.976, -17.488
-25.02, -17.192
-25.064, -16.895
-25.108, -16.598
-25.152, -16.302
-25.197, -15.995
-25.241, -15.698
-25.285, -15.402
-25.329, -15.105
-25.372, -14.808
-25.416, -14.512
-24.788, -17.457
-24.831, -17.16
-24.875, -16.864
-24.919, -16.567
-24.963, -16.27
-25.008, -15.964
-25.052, -15.667
-25.096, -15.37
-25.14, -15.074
-25.184, -14.777
-25.227, -14.48
-24.602, -17.428
-24.646, -17.131
-24.69, -16.834
-24.734, -16.538
-24.778, -16.241
-24.823, -15.935
-24.867, -15.638
-24.911, -15.341
-24.954, -15.045
-24.998, -14.748
-25.042, -14.451
-24.349, -17.387
-24.393, -17.09
-24.437, -16.793
-24.481, -16.497
-24.524, -16.2
-24.57, -15.893
-24.614, -15.597
-24.657, -15.3
-24.701, -15.003
-24.745, -14.707
-24.789, -14.41
-24.164, -17.357
-24.208, -17.061
-24.252, -16.764
-24.295, -16.467
-24.339, -16.171
-24.384, -15.864
-24.428, -15.567
-24.472, -15.271
-24.516, -14.974
-24.56, -14.677
-24.604, -14.381
-23.979, -17.328
-24.022, -17.032
-24.066, -16.735
-24.11, -16.438
-24.154, -16.142
-24.199, -15.835
-24.243, -15.538
-24.287, -15.242
-24.331, -14.945
-24.375, -14.648
-24.418, -14.352
-23.793, -17.299
-23.837, -17.002
-23.881, -16.706
-23.925, -16.409
-23.969, -16.112
-24.014, -15.806
-24.058, -15.509
-24.102, -15.212
-24.146, -14.916
-24.189, -14.619
-24.233, -14.322
-23.608, -17.27
-23.652, -16.973
-23.696, -16.677
-23.74, -16.38
-23.783, -16.083
-23.829, -15.777
-23.873, -15.48
-23.916, -15.183
-23.96, -14.887
-24.004, -14.59
-24.048, -14.293
-23.423, -17.241
-23.467, -16.944
-23.511, -16.647
-23.554, -16.351
-23.598, -16.054
-23.644, -15.747
-23.687, -15.451
-23.731, -15.154
-23.775, -14.857
-23.819, -14.561
-23.863, -14.264
-23.234, -17.209
-23.278, -16.913
-23.322, -16.616
-23.365, -16.319
-23.409, -16.023
-23.455, -15.716
-23.499, -15.419
-23.542, -15.123
-23.586, -14.826
-23.093, -16.884
-23.136, -16.587
-23.18, -16.29
-23.224, -15.994
-23.269, -15.687
-23.313, -15.39
-23.357, -15.094
-23.401, -14.797
-22.834, -16.839
-22.877, -16.542
-22.921, -16.246
-22.965, -15.949
-23.01, -15.642
-23.054, -15.346
-23.098, -15.049
-23.142, -14.752
-22.648, -16.81
-22.692, -16.513
-22.736, -16.216
-22.78, -15.92
-22.825, -15.613
-22.869, -15.316
-22.913, -15.02
-22.957, -14.723
-22.463, -16.781
-22.507, -16.484
-22.551, -16.187
-22.595, -15.891
-22.64, -15.584
-22.684, -15.287
-22.728, -14.991
-22.771, -14.694
-22.234, -17.048
-22.278, -16.751
-22.322, -16.455
-22.366, -16.158
-22.409, -15.861
-22.455, -15.555
-22.499, -15.258
-22.542, -14.961
-22.586, -14.665
-22.63, -14.368
-22.049, -17.019
-22.093, -16.722
-22.136, -16.426
-22.18, -16.129
-22.224, -15.832
-22.269, -15.526
-22.313, -15.229
-22.357, -14.932
-22.401, -14.636
-22.445, -14.339
-28.265, -14.046
-28.284, -13.746
-28.303, -13.447
-28.322, -13.148
-28.342, -12.848
-28.361, -12.539
-28.38, -12.24
-28.399, -11.94
-28.419, -11.641
-28.438, -11.341
-28.457, -11.042
-28.078, -14.029
-28.097, -13.73
-28.116, -13.431
-28.135, -13.131
-28.154, -12.832
-28.174, -12.522
-28.193, -12.223
-28.212, -11.924
-28.231, -11.624
-28.25, -11.325
-28.269, -11.025
-27.872, -14.001
-27.891, -13.702
-27.91, -13.402
-27.929, -13.103
-27.948, -12.803
-27.968, -12.494
-27.987, -12.195
-28.006, -11.895
-28.025, -11.596
-28.044, -11.297
-28.063, -10.997
-27.684, -13.984
-27.704, -13.685
-27.723, -13.386
-27.742, -13.086
-27.761, -12.787
-27.781, -12.478
-27.8, -12.178
-27.819, -11.879
-27.838, -11.579
-27.857, -11.28
-27.876, -10.981
-27.497, -13.968
-27.516, -13.668
-27.535, -13.369
-27.554, -13.07
-27.573, -12.77
-27.593, -12.461
-27.612, -12.162
-27.631, -11.862
-27.65, -11.563
-27.67, -11.263
-27.689, -10.964
-27.31, -13.951
-27.329, -13.652
-27.348, -13.353
-27.367, -13.053
-27.386, -12.754
-27.406, -12.444
-27.425, -12.145
-27.444, -11.846
-27.463, -11.546
-27.482, -11.247
-27.501, -10.948
-27.123, -13.935
-27.142, -13.635
-27.161, -13.336
-27.18, -13.037
-27.199, -12.737
-27.219, -12.428
-27.238, -12.129
-27.257, -11.829
-27.276, -11.53
-27.295, -11.23
-27.314, -10.931
-26.935, -13.918
-26.954, -13.619
-26.973, -13.32
-26.992, -13.02
-27.012, -12.721
-27.031, -12.411
-27.05, -12.112
-27.07, -11.813
-27.089, -11.513
-27.108, -11.214
-27.127, -10.914
-26.744, -13.901
-26.763, -13.601
-26.782, -13.302
-26.801, -13.003
-26.821, -12.703
-26.84, -12.394
-26.859, -12.094
-26.878, -11.795
-26.898, -11.496
-26.917, -11.196
-26.936, -10.897
-26.557, -13.884
-26.576, -13.585
-26.595, -13.285
-26.614, -12.986
-26.633, -12.687
-26.653, -12.377
-26.672, -12.078
-26.691, -11.779
-26.71, -11.479
-26.729, -11.18
-26.748, -10.88
-26.328, -13.859
-26.347, -13.559
-26.367, -13.26
-26.386, -12.961
-26.405, -12.661
-26.424, -12.352
-26.444, -12.053
-26.463, -11.753
-26.482, -11.454
-26.501, -11.154
-26.52, -10.855
-26.141, -13.842
-26.16, -13.543
-26.179, -13.243
-26.198, -12.944
-26.217, -12.645
-26.237, -12.335
-26.256, -12.036
-26.275, -11.737
-26.294, -11.437
-26.314, -11.138
-26.333, -10.838
-25.954, -13.826
-25.973, -13.526
-25.992, -13.227
-26.011, -12.928
-26.03, -12.628
-26.05, -12.319
-26.069, -12.019
-26.088, -11.72
-26.107, -11.421
-26.126, -11.121
-26.145, -10.822
-25.766, -13.809
-25.786, -13.51
-25.805, -13.21
-25.824, -12.911
-25.843, -12.612
-25.863, -12.302
-25.882, -12.003
-25.901, -11.704
-25.92, -11.404
-25.939, -11.105
-25.958, -10.805
-25.579, -13.793
-25.598, -13.493
-25.617, -13.194
-25.636, -12.894
-25.656, -12.595
-25.675, -12.286
-25.694, -11.986
-25.713, -11.687
-25.733, -11.388
-25.752, -11.088
-25.771, -10.789
-25.392, -13.776
-25.411, -13.477
-25.43, -13.177
-25.449, -12.878
-25.468, -12.579
-25.488, -12.269
-25.507, -11.97
-25.526, -11.67
-25.545, -11.371
-25.564, -11.072
-25.583, -10.772
-25.201, -13.758
-25.22, -13.459
-25.239, -13.16
-25.258, -12.86
-25.277, -12.561
-25.297, -12.252
-25.316, -11.952
-25.335, -11.653
-25.354, -11.353
-25.373, -11.054
-25.392, -10.755
-25.014, -13.742
-25.033, -13.443
-25.052, -13.143
-25.071, -12.844
-25.09, -12.544
-25.11, -12.235
-25.129, -11.936
-25.148, -11.636
-25.167, -11.337
-25.186, -11.038
-25.205, -10.738
-24.758, -13.719
-24.777, -13.419
-24.796, -13.12
-24.815, -12.821
-24.834, -12.521
-24.854, -12.212
-24.873, -11.913
-24.892, -11.613
-24.911, -11.314
-24.93, -11.014
-24.949, -10.715
-24.57, -13.702
-24.589, -13.403
-24.608, -13.103
-24.627, -12.804
-24.647, -12.505
-24.666, -12.195
-24.685, -11.896
-24.705, -11.597
-24.724, -11.297
-24.743, -10.998
-24.762, -10.698
-24.383, -13.686
-24.402, -13.386
-24.421, -13.087
-24.44, -12.788
-24.459, -12.488
-24.479, -12.179
-24.498, -11.879
-24.517, -11.58
-24.536, -11.281
-24.555, -10.981
-24.574, -10.682
-24.196, -13.669
-24.215, -13.37
-24.234, -13.07
-24.253, -12.771
-24.272, -12.472
-24.292, -12.162
-24.311, -11.863
-24.33, -11.564
-24.349, -11.264
-24.368, -10.965
-24.387, -10.665
-24.008, -13.653
-24.027, -13.353
-24.047, -13.054
-24.066, -12.755
-24.085, -12.455
-24.104, -12.146
-24.124, -11.846
-24.143, -11.547
-24.162, -11.248
-24.181, -10.948
-24.2, -10.649
-23.821, -13.636
-23.84, -13.337
-23.859, -13.037
-23.878, -12.738
-23.897, -12.439
-23.917, -12.129
-23.936, -11.83
-23.955, -11.53
-23.974, -11.231
-23.993, -10.932
-24.013, -10.632
-23.63, -13.619
-23.649, -13.319
-23.668, -13.02
-23.687, -12.72
-23.706, -12.421
-23.726, -12.112
-23.745, -11.812
-23.764, -11.513
-23.783, -11.214
-23.462, -13.303
-23.481, -13.003
-23.5, -12.704
-23.519, -12.404
-23.539, -12.095
-23.558, -11.796
-23.577, -11.496
-23.596, -11.197
-23.2, -13.278
-23.219, -12.978
-23.238, -12.679
-23.257, -12.38
-23.277, -12.07
-23.296, -11.771
-23.315, -11.472
-23.334, -11.172
-23.013, -13.261
-23.032, -12.962
-23.051, -12.663
-23.07, -12.363
-23.09, -12.054
-23.109, -11.754
-23.128, -11.455
-23.147, -11.156
-22.825, -13.245
-22.844, -12.945
-22.863, -12.646
-22.882, -12.347
-22.902, -12.037
-22.921, -11.738
-22.94, -11.439
-22.96, -11.139
-22.619, -13.528
-22.638, -13.228
-22.657, -12.929
-22.676, -12.629
-22.695, -12.33
-22.715, -12.021
-22.734, -11.721
-22.753, -11.422
-22.772, -11.123
-22.791, -10.823
-22.432, -13.511
-22.451, -13.212
-22.47, -12.912
-22.489, -12.613
-22.508, -12.314
-22.528, -12.004
-22.547, -11.705
-22.566, -11.405
-22.585, -11.106
-22.604, -10.807
-28.497, -10.101
-28.501, -9.801
-28.505, -9.501
-28.509, -9.201
-28.513, -8.901
-28.517, -8.591
-28.521, -8.291
-28.525, -7.991
-28.529, -7.691
-28.533, -7.391
-28.537, -7.091
-28.31, -10.093
-28.314, -9.793
-28.318, -9.493
-28.322, -9.193
-28.326, -8.893
-28.33, -8.583
-28.334, -8.283
-28.338, -7.984
-28.342, -7.684
-28.346, -7.384
-28.35, -7.084
-28.103, -10.075
-28.107, -9.775
-28.111, -9.475
-28.115, -9.175
-28.119, -8.875
-28.123, -8.565
-28.127, -8.265
-28.131, -7.965
-28.135, -7.665
-28.139, -7.365
-28.143, -7.065
-27.916, -10.067
-27.92, -9.767
-27.924, -9.467
-27.928, -9.167
-27.932, -8.867
-27.936, -8.558
-27.94, -8.258
-27.944, -7.958
-27.948, -7.658
-27.952, -7.358
-27.956, -7.058
-27.729, -10.06
-27.733, -9.76
-27.737, -9.46
-27.741, -9.16
-27.745, -8.86
-27.749, -8.55
-27.753, -8.25
-27.757, -7.95
-27.761, -7.65
-27.765, -7.35
-27.769, -7.05
-27.541, -10.052
-27.545, -9.752
-27.549, -9.452
-27.553, -9.152
-27.557, -8.852
-27.561, -8.543
-27.566, -8.243
-27.57, -7.943
-27.574, -7.643
-27.578, -7.343
-27.582, -7.043
-27.354, -10.045
-27.358, -9.745
-27.362, -9.445
-27.366, -9.145
-27.37, -8.845
-27.374, -8.535
-27.378, -8.235
-27.382, -7.935
-27.386, -7.635
-27.39, -7.335
-27.394, -7.035
-27.167, -10.037
-27.171, -9.737
-27.175, -9.437
-27.179, -9.137
-27.183, -8.837
-27.187, -8.527
-27.191, -8.227
-27.195, -7.928
-27.199, -7.628
-27.203, -7.328
-27.207, -7.028
-26.976, -10.029
-26.98, -9.729
-26.984, -9.429
-26.988, -9.129
-26.992, -8.829
-26.996, -8.519
-27, -8.219
-27.004, -7.919
-27.008, -7.619
-27.012, -7.319
-27.016, -7.019
-26.788, -10.022
-26.792, -9.722
-26.796, -9.422
-26.8, -9.122
-26.804, -8.822
-26.809, -8.512
-26.813, -8.212
-26.817, -7.912
-26.821, -7.612
-26.825, -7.312
-26.829, -7.012
-26.559, -10.007
-26.564, -9.707
-26.568, -9.407
-26.572, -9.107
-26.576, -8.807
-26.58, -8.497
-26.584, -8.197
-26.588, -7.897
-26.592, -7.597
-26.596, -7.298
-26.6, -6.997
-26.372, -10
-26.376, -9.7
-26.38, -9.4
-26.384, -9.1
-26.388, -8.8
-26.392, -8.49
-26.397, -8.19
-26.401, -7.89
-26.405, -7.59
-26.409, -7.29
-26.413, -6.99
-26.185, -9.992
-26.189, -9.692
-26.193, -9.392
-26.197, -9.092
-26.201, -8.792
-26.205, -8.482
-26.209, -8.182
-26.213, -7.882
-26.217, -7.582
-26.221, -7.282
-26.225, -6.982
-25.998, -9.985
-26.002, -9.685
-26.006, -9.385
-26.01, -9.085
-26.014, -8.785
-26.018, -8.475
-26.022, -8.175
-26.026, -7.875
-26.03, -7.575
-26.034, -7.275
-26.038, -6.975
-25.811, -9.977
-25.815, -9.677
-25.819, -9.377
-25.823, -9.077
-25.827, -8.777
-25.831, -8.467
-25.835, -8.167
-25.839, -7.867
-25.843, -7.567
-25.847, -7.267
-25.851, -6.967
-25.623, -9.97
-25.627, -9.67
-25.631, -9.37
-25.635, -9.07
-25.639, -8.77
-25.644, -8.46
-25.648, -8.16
-25.652, -7.86
-25.656, -7.56
-25.66, -7.26
-25.664, -6.96
-25.432, -9.961
-25.436, -9.661
-25.44, -9.361
-25.444, -9.061
-25.448, -8.762
-25.452, -8.452
-25.456, -8.152
-25.46, -7.852
-25.464, -7.552
-25.468, -7.252
-25.472, -6.952
-25.245, -9.954
-25.249, -9.654
-25.253, -9.354
-25.257, -9.054
-25.261, -8.754
-25.265, -8.444
-25.269, -8.144
-25.273, -7.844
-25.277, -7.544
-25.281, -7.244
-25.285, -6.944
-24.989, -9.943
-24.993, -9.643
-24.997, -9.343
-25.001, -9.043
-25.005, -8.743
-25.009, -8.433
-25.013, -8.133
-25.017, -7.833
-25.021, -7.533
-25.025, -7.233
-25.029, -6.933
-24.801, -9.936
-24.805, -9.636
-24.81, -9.336
-24.813, -9.036
-24.817, -8.736
-24.822, -8.426
-24.826, -8.126
-24.83, -7.826
-24.834, -7.526
-24.838, -7.226
-24.842, -6.926
-24.614, -9.928
-24.618, -9.628
-24.622, -9.328
-24.626, -9.028
-24.63, -8.728
-24.634, -8.418
-24.638, -8.118
-24.642, -7.818
-24.646, -7.518
-24.65, -7.218
-24.654, -6.918
-24.427, -9.921
-24.431, -9.621
-24.435, -9.321
-24.439, -9.021
-24.443, -8.721
-24.447, -8.411
-24.451, -8.111
-24.455, -7.811
-24.459, -7.511
-24.463, -7.211
-24.467, -6.911
-24.24, -9.913
-24.244, -9.613
-24.248, -9.313
-24.252, -9.013
-24.256, -8.713
-24.26, -8.403
-24.264, -8.103
-24.268, -7.803
-24.272, -7.503
-24.276, -7.203
-24.28, -6.903
-24.052, -9.905
-24.056, -9.606
-24.061, -9.306
-24.065, -9.006
-24.069, -8.706
-24.073, -8.396
-24.077, -8.096
-24.081, -7.796
-24.085, -7.496
-24.089, -7.196
-24.093, -6.896
-23.861, -9.897
-23.865, -9.597
-23.869, -9.297
-23.873, -8.997
-23.877, -8.697
-23.881, -8.387
-23.886, -8.087
-23.89, -7.788
-23.894, -7.488
-23.678, -9.59
-23.682, -9.29
-23.686, -8.99
-23.69, -8.69
-23.694, -8.38
-23.698, -8.08
-23.702, -7.78
-23.706, -7.48
-23.416, -9.578
-23.42, -9.278
-23.424, -8.978
-23.428, -8.678
-23.432, -8.368
-23.436, -8.068
-23.44, -7.768
-23.444, -7.468
-23.228, -9.57
-23.232, -9.271
-23.236, -8.971
-23.24, -8.671
-23.244, -8.361
-23.249, -8.061
-23.252, -7.761
-23.257, -7.461
-23.041, -9.563
-23.045, -9.263
-23.049, -8.963
-23.053, -8.663
-23.057, -8.353
-23.061, -8.053
-23.065, -7.753
-23.069, -7.453
-22.85, -9.855
-22.854, -9.555
-22.858, -9.255
-22.862, -8.955
-22.866, -8.656
-22.87, -8.346
-22.874, -8.046
-22.878, -7.746
-22.882, -7.446
-22.886, -7.146
-22.663, -9.848
-22.667, -9.548
-22.671, -9.248
-22.675, -8.948
-22.679, -8.648
-22.683, -8.338
-22.687, -8.038
-22.691, -7.738
-22.695, -7.438
-22.699, -7.138
-28.314, -6.181
-28.308, -5.881
-28.302, -5.581
-28.296, -5.281
-28.29, -4.982
-28.284, -4.672
-28.278, -4.372
-28.272, -4.072
-28.266, -3.772
-28.259, -3.472
-28.253, -3.172
-28.126, -6.181
-28.12, -5.881
-28.114, -5.581
-28.107, -5.282
-28.101, -4.982
-28.095, -4.672
-28.089, -4.372
-28.083, -4.072
-28.077, -3.772
-28.071, -3.472
-28.065, -3.172
-27.917, -6.171
-27.911, -5.871
-27.905, -5.572
-27.899, -5.272
-27.893, -4.972
-27.887, -4.662
-27.881, -4.362
-27.875, -4.062
-27.869, -3.762
-27.862, -3.462
-27.856, -3.162
-27.729, -6.171
-27.723, -5.871
-27.717, -5.572
-27.711, -5.272
-27.704, -4.972
-27.698, -4.662
-27.692, -4.362
-27.686, -4.062
-27.68, -3.762
-27.674, -3.462
-27.668, -3.162
-27.54, -6.171
-27.534, -5.872
-27.528, -5.572
-27.522, -5.272
-27.516, -4.972
-27.51, -4.662
-27.504, -4.362
-27.497, -4.062
-27.491, -3.762
-27.485, -3.462
-27.479, -3.162
-27.352, -6.172
-27.345, -5.872
-27.339, -5.572
-27.333, -5.272
-27.327, -4.972
-27.321, -4.662
-27.315, -4.362
-27.309, -4.062
-27.303, -3.762
-27.297, -3.462
-27.291, -3.162
-27.163, -6.172
-27.157, -5.872
-27.151, -5.572
-27.145, -5.272
-27.139, -4.972
-27.132, -4.662
-27.126, -4.362
-27.12, -4.062
-27.114, -3.762
-27.108, -3.462
-27.102, -3.163
-26.974, -6.172
-26.968, -5.872
-26.962, -5.572
-26.956, -5.272
-26.95, -4.972
-26.944, -4.662
-26.938, -4.362
-26.932, -4.062
-26.926, -3.762
-26.92, -3.463
-26.914, -3.163
-26.782, -6.171
-26.776, -5.871
-26.77, -5.571
-26.764, -5.271
-26.758, -4.971
-26.752, -4.661
-26.746, -4.361
-26.74, -4.061
-26.734, -3.762
-26.727, -3.462
-26.721, -3.162
-26.594, -6.171
-26.588, -5.871
-26.582, -5.571
-26.575, -5.271
-26.569, -4.971
-26.563, -4.661
-26.557, -4.361
-26.551, -4.062
-26.545, -3.762
-26.539, -3.462
-26.533, -3.162
-26.363, -6.166
-26.357, -5.866
-26.351, -5.566
-26.345, -5.266
-26.339, -4.966
-26.333, -4.656
-26.327, -4.356
-26.321, -4.056
-26.314, -3.756
-26.308, -3.457
-26.302, -3.157
-26.175, -6.166
-26.169, -5.866
-26.162, -5.566
-26.156, -5.266
-26.15, -4.966
-26.144, -4.656
-26.138, -4.356
-26.132, -4.056
-26.126, -3.757
-26.12, -3.457
-26.114, -3.157
-25.986, -6.166
-25.98, -5.866
-25.974, -5.566
-25.968, -5.266
-25.962, -4.966
-25.956, -4.656
-25.949, -4.356
-25.943, -4.057
-25.937, -3.757
-25.931, -3.457
-25.925, -3.157
-25.797, -6.166
-25.791, -5.866
-25.785, -5.566
-25.779, -5.266
-25.773, -4.966
-25.767, -4.656
-25.761, -4.357
-25.755, -4.057
-25.749, -3.757
-25.743, -3.457
-25.737, -3.157
-25.609, -6.166
-25.603, -5.866
-25.597, -5.566
-25.591, -5.266
-25.585, -4.966
-25.578, -4.657
-25.572, -4.357
-25.566, -4.057
-25.56, -3.757
-25.554, -3.457
-25.548, -3.157
-25.42, -6.166
-25.414, -5.866
-25.408, -5.566
-25.402, -5.266
-25.396, -4.966
-25.39, -4.657
-25.384, -4.357
-25.378, -4.057
-25.372, -3.757
-25.366, -3.457
-25.36, -3.157
-25.228, -6.165
-25.222, -5.865
-25.216, -5.565
-25.21, -5.266
-25.204, -4.966
-25.198, -4.656
-25.192, -4.356
-25.185, -4.056
-25.179, -3.756
-25.173, -3.456
-25.167, -3.156
-25.04, -6.165
-25.034, -5.865
-25.027, -5.565
-25.021, -5.266
-25.015, -4.966
-25.009, -4.656
-25.003, -4.356
-24.997, -4.056
-24.991, -3.756
-24.985, -3.456
-24.979, -3.156
-24.782, -6.165
-24.776, -5.865
-24.77, -5.565
-24.764, -5.265
-24.758, -4.965
-24.751, -4.655
-24.745, -4.355
-24.739, -4.055
-24.733, -3.755
-24.727, -3.455
-24.721, -3.156
-24.593, -6.165
-24.587, -5.865
-24.581, -5.565
-24.575, -5.265
-24.569, -4.965
-24.563, -4.655
-24.557, -4.355
-24.551, -4.055
-24.545, -3.755
-24.539, -3.456
-24.533, -3.156
-24.405, -6.165
-24.399, -5.865
-24.393, -5.565
-24.387, -5.265
-24.381, -4.965
-24.374, -4.655
-24.368, -4.355
-24.362, -4.055
-24.356, -3.756
-24.35, -3.456
-24.344, -3.156
-24.216, -6.165
-24.21, -5.865
-24.204, -5.565
-24.198, -5.265
-24.192, -4.965
-24.186, -4.655
-24.18, -4.355
-24.174, -4.056
-24.168, -3.756
-24.161, -3.456
-24.155, -3.156
-24.028, -6.165
-24.022, -5.865
-24.016, -5.565
-24.009, -5.265
-24.003, -4.965
-23.997, -4.655
-23.991, -4.355
-23.985, -4.056
-23.979, -3.756
-23.973, -3.456
-23.967, -3.156
-23.839, -6.165
-23.833, -5.865
-23.827, -5.565
-23.821, -5.265
-23.815, -4.965
-23.809, -4.655
-23.803, -4.356
-23.796, -4.056
-23.79, -3.756
-23.784, -3.456
-23.778, -3.156
-23.647, -6.164
-23.641, -5.864
-23.635, -5.564
-23.629, -5.264
-23.623, -4.964
-23.616, -4.655
-23.61, -4.355
-23.604, -4.055
-23.598, -3.755
-23.452, -5.864
-23.446, -5.564
-23.44, -5.265
-23.434, -4.965
-23.428, -4.655
-23.422, -4.355
-23.416, -4.055
-23.41, -3.755
-23.189, -5.862
-23.183, -5.562
-23.177, -5.262
-23.171, -4.962
-23.164, -4.652
-23.158, -4.353
-23.152, -4.053
-23.146, -3.753
-23, -5.862
-22.994, -5.562
-22.988, -5.262
-22.982, -4.962
-22.976, -4.653
-22.97, -4.353
-22.964, -4.053
-22.958, -3.753
-22.812, -5.862
-22.806, -5.562
-22.8, -5.262
-22.794, -4.963
-22.787, -4.653
-22.781, -4.353
-22.775, -4.053
-22.769, -3.753
-22.629, -6.162
-22.623, -5.862
-22.617, -5.562
-22.611, -5.263
-22.605, -4.963
-22.599, -4.653
-22.593, -4.353
-22.587, -4.053
-22.581, -3.753
-22.574, -3.453
-22.441, -6.162
-22.435, -5.862
-22.429, -5.562
-22.422, -5.263
-22.416, -4.963
-22.41, -4.653
-22.404, -4.353
-22.398, -4.053
-22.392, -3.753
-22.386, -3.453
-28.375, -2.23
-28.356, -1.93
-28.337, -1.631
-28.318, -1.331
-28.3, -1.032
-28.28, -0.723
-28.262, -0.423
-28.243, -0.124
-28.224, 0.175
-28.205, 0.475
-28.187, 0.774
-28.188, -2.238
-28.169, -1.939
-28.15, -1.639
-28.132, -1.34
-28.113, -1.04
-28.093, -0.731
-28.075, -0.432
-28.056, -0.132
-28.037, 0.167
-28.019, 0.466
-28, 0.766
-27.981, -2.237
-27.962, -1.938
-27.944, -1.638
-27.925, -1.339
-27.906, -1.039
-27.887, -0.73
-27.868, -0.431
-27.849, -0.131
-27.83, 0.168
-27.812, 0.467
-27.793, 0.767
-27.794, -2.245
-27.775, -1.946
-27.757, -1.646
-27.738, -1.347
-27.719, -1.048
-27.7, -0.738
-27.681, -0.439
-27.662, -0.14
-27.644, 0.16
-27.625, 0.459
-27.606, 0.759
-27.607, -2.253
-27.589, -1.954
-27.57, -1.655
-27.551, -1.355
-27.532, -1.056
-27.513, -0.747
-27.494, -0.447
-27.476, -0.148
-27.457, 0.151
-27.438, 0.451
-27.419, 0.75
-27.42, -2.262
-27.402, -1.962
-27.383, -1.663
-27.364, -1.364
-27.346, -1.064
-27.326, -0.755
-27.307, -0.455
-27.289, -0.156
-27.27, 0.143
-27.251, 0.443
-27.232, 0.742
-27.234, -2.27
-27.215, -1.971
-27.196, -1.671
-27.177, -1.372
-27.159, -1.072
-27.139, -0.763
-27.121, -0.464
-27.102, -0.164
-27.083, 0.135
-27.064, 0.434
-27.046, 0.734
-27.047, -2.278
-27.028, -1.979
-27.009, -1.679
-26.991, -1.38
-26.972, -1.081
-26.953, -0.771
-26.934, -0.472
-26.915, -0.173
-26.896, 0.127
-26.878, 0.426
-26.859, 0.725
-26.856, -2.286
-26.837, -1.986
-26.818, -1.687
-26.8, -1.387
-26.781, -1.088
-26.762, -0.779
-26.743, -0.479
-26.724, -0.18
-26.705, 0.119
-26.687, 0.419
-26.668, 0.718
-26.669, -2.294
-26.65, -1.994
-26.632, -1.695
-26.613, -1.396
-26.594, -1.096
-26.575, -0.787
-26.556, -0.488
-26.537, -0.188
-26.519, 0.111
-26.5, 0.41
-26.481, 0.71
-26.44, -2.299
-26.422, -1.999
-26.403, -1.7
-26.384, -1.401
-26.365, -1.101
-26.346, -0.792
-26.327, -0.492
-26.309, -0.193
-26.29, 0.106
-26.271, 0.406
-26.252, 0.705
-26.254, -2.307
-26.235, -2.008
-26.216, -1.708
-26.197, -1.409
-26.179, -1.109
-26.159, -0.8
-26.14, -0.501
-26.122, -0.201
-26.103, 0.098
-26.084, 0.397
-26.066, 0.697
-26.067, -2.315
-26.048, -2.016
-26.029, -1.716
-26.011, -1.417
-25.992, -1.118
-25.972, -0.808
-25.954, -0.509
-25.935, -0.21
-25.916, 0.09
-25.897, 0.389
-25.879, 0.689
-25.88, -2.323
-25.861, -2.024
-25.842, -1.725
-25.824, -1.425
-25.805, -1.126
-25.786, -0.817
-25.767, -0.517
-25.748, -0.218
-25.729, 0.082
-25.711, 0.381
-25.692, 0.68
-25.693, -2.332
-25.674, -2.032
-25.656, -1.733
-25.637, -1.434
-25.618, -1.134
-25.599, -0.825
-25.58, -0.525
-25.561, -0.226
-25.543, 0.073
-25.524, 0.373
-25.505, 0.672
-25.506, -2.34
-25.488, -2.041
-25.469, -1.741
-25.45, -1.442
-25.431, -1.142
-25.412, -0.833
-25.393, -0.534
-25.374, -0.234
-25.356, 0.065
-25.337, 0.364
-25.318, 0.664
-25.315, -2.347
-25.297, -2.048
-25.278, -1.749
-25.259, -1.449
-25.24, -1.15
-25.221, -0.84
-25.202, -0.541
-25.183, -0.242
-25.165, 0.058
-25.146, 0.357
-25.127, 0.656
-25.129, -2.356
-25.11, -2.056
-25.091, -1.757
-25.072, -1.457
-25.054, -1.158
-25.034, -0.849
-25.015, -0.549
-24.997, -0.25
-24.978, 0.049
-24.959, 0.349
-24.94, 0.648
-24.873, -2.366
-24.854, -2.067
-24.835, -1.767
-24.817, -1.468
-24.798, -1.169
-24.778, -0.859
-24.76, -0.56
-24.741, -0.26
-24.722, 0.039
-24.703, 0.338
-24.685, 0.638
-24.686, -2.374
-24.667, -2.075
-24.648, -1.775
-24.63, -1.476
-24.611, -1.177
-24.592, -0.867
-24.573, -0.568
-24.554, -0.269
-24.535, 0.031
-24.517, 0.33
-24.498, 0.629
-24.499, -2.382
-24.48, -2.083
-24.462, -1.784
-24.443, -1.484
-24.424, -1.185
-24.405, -0.876
-24.386, -0.576
-24.367, -0.277
-24.349, 0.022
-24.33, 0.322
-24.311, 0.621
-24.312, -2.391
-24.294, -2.091
-24.275, -1.792
-24.256, -1.493
-24.237, -1.193
-24.218, -0.884
-24.199, -0.585
-24.18, -0.285
-24.162, 0.014
-24.143, 0.314
-24.124, 0.613
-24.125, -2.399
-24.107, -2.1
-24.088, -1.8
-24.069, -1.501
-24.05, -1.201
-24.031, -0.892
-24.012, -0.593
-23.994, -0.293
-23.975, 0.006
-23.956, 0.305
-23.937, 0.605
-23.939, -2.407
-23.92, -2.108
-23.901, -1.808
-23.882, -1.509
-23.864, -1.21
-23.844, -0.9
-23.826, -0.601
-23.807, -0.302
-23.788, -0.002
-23.769, 0.297
-23.751, 0.596
-23.748, -2.415
-23.729, -2.115
-23.71, -1.816
-23.691, -1.517
-23.673, -1.217
-23.653, -0.908
-23.635, -0.608
-23.616, -0.309
-23.597, -0.01
-23.542, -2.124
-23.523, -1.824
-23.505, -1.525
-23.486, -1.225
-23.467, -0.916
-23.448, -0.617
-23.429, -0.317
-23.41, -0.018
-23.28, -2.133
-23.261, -1.833
-23.242, -1.534
-23.224, -1.234
-23.204, -0.925
-23.185, -0.626
-23.167, -0.326
-23.148, -0.027
-23.093, -2.141
-23.074, -1.841
-23.055, -1.542
-23.037, -1.243
-23.017, -0.933
-22.999, -0.634
-22.98, -0.335
-22.961, -0.035
-22.906, -2.149
-22.887, -1.85
-22.869, -1.55
-22.85, -1.251
-22.831, -0.942
-22.812, -0.642
-22.793, -0.343
-22.774, -0.044
-22.738, -2.457
-22.719, -2.157
-22.701, -1.858
-22.682, -1.559
-22.663, -1.259
-22.644, -0.95
-22.625, -0.651
-22.606, -0.351
-22.587, -0.052
-22.569, 0.248
-22.551, -2.465
-22.532, -2.166
-22.514, -1.866
-22.495, -1.567
-22.476, -1.267
-22.457, -0.958
-22.438, -0.659
-22.419, -0.359
-22.401, -0.06
-22.382, 0.239
-28.143, 1.633
-28.106, 1.931
-28.07, 2.229
-28.033, 2.527
-27.997, 2.824
-27.959, 3.132
-27.922, 3.43
-27.886, 3.727
-27.849, 4.025
-27.813, 4.323
-27.776, 4.621
-27.955, 1.614
-27.918, 1.912
-27.882, 2.209
-27.845, 2.507
-27.809, 2.805
-27.771, 3.112
-27.734, 3.41
-27.698, 3.708
-27.661, 4.006
-27.624, 4.303
-27.588, 4.601
-27.746, 1.602
-27.709, 1.9
-27.673, 2.198
-27.636, 2.496
-27.599, 2.793
-27.562, 3.101
-27.525, 3.399
-27.488, 3.696
-27.452, 3.994
-27.415, 4.292
-27.379, 4.59
-27.557, 1.583
-27.521, 1.881
-27.484, 2.178
-27.448, 2.476
-27.411, 2.774
-27.373, 3.081
-27.337, 3.379
-27.3, 3.677
-27.264, 3.975
-27.227, 4.272
-27.19, 4.57
-27.369, 1.563
-27.333, 1.861
-27.296, 2.159
-27.259, 2.457
-27.223, 2.754
-27.185, 3.062
-27.148, 3.36
-27.112, 3.657
-27.075, 3.955
-27.039, 4.253
-27.002, 4.55
-27.181, 1.544
-27.144, 1.842
-27.108, 2.139
-27.071, 2.437
-27.035, 2.735
-26.997, 3.042
-26.96, 3.34
-26.924, 3.638
-26.887, 3.936
-26.85, 4.233
-26.814, 4.531
-26.993, 1.524
-26.956, 1.822
-26.919, 2.12
-26.883, 2.417
-26.846, 2.715
-26.808, 3.023
-26.772, 3.321
-26.735, 3.618
-26.699, 3.916
-26.662, 4.214
-26.626, 4.511
-26.804, 1.505
-26.768, 1.803
-26.731, 2.1
-26.695, 2.398
-26.658, 2.696
-26.62, 3.003
-26.584, 3.301
-26.547, 3.599
-26.511, 3.897
-26.474, 4.194
-26.437, 4.492
-26.613, 1.486
-26.576, 1.784
-26.539, 2.081
-26.503, 2.379
-26.466, 2.677
-26.428, 2.985
-26.392, 3.282
-26.355, 3.58
-26.319, 3.878
-26.282, 4.175
-26.246, 4.473
-26.424, 1.466
-26.388, 1.764
-26.351, 2.062
-26.315, 2.36
-26.278, 2.657
-26.24, 2.965
-26.204, 3.263
-26.167, 3.56
-26.13, 3.858
-26.094, 4.156
-26.057, 4.454
-26.194, 1.448
-26.157, 1.746
-26.121, 2.043
-26.084, 2.341
-26.047, 2.639
-26.01, 2.946
-25.973, 3.244
-25.936, 3.542
-25.9, 3.84
-25.863, 4.137
-25.827, 4.435
-26.005, 1.428
-25.969, 1.726
-25.932, 2.024
-25.896, 2.322
-25.859, 2.619
-25.821, 2.927
-25.785, 3.225
-25.748, 3.522
-25.712, 3.82
-25.675, 4.118
-25.638, 4.416
-25.817, 1.409
-25.781, 1.707
-25.744, 2.004
-25.707, 2.302
-25.671, 2.6
-25.633, 2.907
-25.596, 3.205
-25.56, 3.503
-25.523, 3.801
-25.487, 4.098
-25.45, 4.396
-25.629, 1.389
-25.592, 1.687
-25.556, 1.985
-25.519, 2.283
-25.483, 2.58
-25.445, 2.888
-25.408, 3.186
-25.372, 3.483
-25.335, 3.781
-25.298, 4.079
-25.262, 4.377
-25.441, 1.37
-25.404, 1.668
-25.367, 1.965
-25.331, 2.263
-25.294, 2.561
-25.256, 2.868
-25.22, 3.166
-25.183, 3.464
-25.147, 3.762
-25.11, 4.059
-25.074, 4.357
-25.252, 1.35
-25.216, 1.648
-25.179, 1.946
-25.143, 2.244
-25.106, 2.541
-25.068, 2.849
-25.032, 3.147
-24.995, 3.444
-24.958, 3.742
-24.922, 4.04
-24.885, 4.338
-25.061, 1.332
-25.024, 1.629
-24.987, 1.927
-24.951, 2.225
-24.914, 2.522
-24.876, 2.83
-24.84, 3.128
-24.803, 3.425
-24.767, 3.723
-24.73, 4.021
-24.694, 4.319
-24.872, 1.312
-24.836, 1.61
-24.799, 1.907
-24.763, 2.205
-24.726, 2.503
-24.688, 2.811
-24.652, 3.108
-24.615, 3.406
-24.578, 3.704
-24.542, 4.001
-24.505, 4.299
-24.615, 1.286
-24.579, 1.584
-24.542, 1.882
-24.505, 2.179
-24.469, 2.477
-24.431, 2.785
-24.394, 3.083
-24.358, 3.38
-24.321, 3.678
-24.285, 3.976
-24.248, 4.273
-24.427, 1.267
-24.39, 1.564
-24.354, 1.862
-24.317, 2.16
-24.281, 2.458
-24.243, 2.765
-24.206, 3.063
-24.17, 3.361
-24.133, 3.658
-24.096, 3.956
-24.06, 4.254
-24.239, 1.247
-24.202, 1.545
-24.165, 1.843
-24.129, 2.14
-24.092, 2.438
-24.054, 2.746
-24.018, 3.043
-23.981, 3.341
-23.945, 3.639
-23.908, 3.937
-23.872, 4.234
-24.05, 1.228
-24.014, 1.525
-23.977, 1.823
-23.941, 2.121
-23.904, 2.419
-23.866, 2.726
-23.83, 3.024
-23.793, 3.322
-23.756, 3.619
-23.72, 3.917
-23.683, 4.215
-23.862, 1.208
-23.825, 1.506
-23.789, 1.804
-23.752, 2.101
-23.716, 2.399
-23.678, 2.707
-23.641, 3.004
-23.605, 3.302
-23.568, 3.6
-23.532, 3.898
-23.495, 4.195
-23.674, 1.189
-23.637, 1.486
-23.601, 1.784
-23.564, 2.082
-23.527, 2.38
-23.49, 2.687
-23.453, 2.985
-23.416, 3.283
-23.38, 3.58
-23.343, 3.878
-23.307, 4.176
-23.482, 1.17
-23.445, 1.468
-23.409, 1.765
-23.372, 2.063
-23.336, 2.361
-23.298, 2.668
-23.261, 2.966
-23.225, 3.264
-23.188, 3.562
-23.257, 1.448
-23.221, 1.746
-23.184, 2.043
-23.147, 2.341
-23.11, 2.649
-23.073, 2.947
-23.036, 3.244
-23, 3.542
-22.994, 1.423
-22.958, 1.721
-22.921, 2.019
-22.885, 2.316
-22.847, 2.624
-22.81, 2.922
-22.774, 3.22
-22.737, 3.517
-22.806, 1.404
-22.77, 1.702
-22.733, 1.999
-22.696, 2.297
-22.659, 2.605
-22.622, 2.902
-22.585, 3.2
-22.549, 3.498
-22.618, 1.384
-22.581, 1.682
-22.545, 1.98
-22.508, 2.277
-22.47, 2.585
-22.434, 2.883
-22.397, 3.181
-22.361, 3.478
-22.466, 1.067
-22.43, 1.365
-22.393, 1.663
-22.356, 1.96
-22.32, 2.258
-22.282, 2.566
-22.245, 2.863
-22.209, 3.161
-22.172, 3.459
-22.136, 3.757
-22.278, 1.048
-22.241, 1.345
-22.205, 1.643
-22.168, 1.941
-22.132, 2.238
-22.094, 2.546
-22.057, 2.844
-22.021, 3.142
-21.984, 3.439
-21.948, 3.737
-27.678, 5.302
-27.629, 5.598
-27.581, 5.894
-27.532, 6.19
-27.484, 6.486
-27.433, 6.792
-27.385, 7.088
-27.336, 7.384
-27.288, 7.68
-27.239, 7.976
-27.19, 8.272
-27.491, 5.275
-27.443, 5.571
-27.394, 5.867
-27.346, 6.163
-27.297, 6.459
-27.247, 6.765
-27.198, 7.061
-27.15, 7.357
-27.101, 7.653
-27.053, 7.949
-27.004, 8.245
-27.284, 5.255
-27.235, 5.551
-27.187, 5.847
-27.138, 6.143
-27.09, 6.439
-27.039, 6.745
-26.991, 7.041
-26.942, 7.337
-26.894, 7.633
-26.845, 7.929
-26.797, 8.225
-27.097, 5.228
-27.049, 5.524
-27, 5.82
-26.952, 6.116
-26.903, 6.412
-26.853, 6.718
-26.804, 7.014
-26.756, 7.31
-26.707, 7.606
-26.659, 7.902
-26.61, 8.198
-26.911, 5.202
-26.863, 5.498
-26.814, 5.794
-26.765, 6.09
-26.717, 6.386
-26.667, 6.692
-26.618, 6.988
-26.569, 7.284
-26.521, 7.58
-26.472, 7.876
-26.424, 8.172
-26.725, 5.175
-26.676, 5.471
-26.628, 5.767
-26.579, 6.063
-26.53, 6.359
-26.48, 6.665
-26.432, 6.961
-26.383, 7.257
-26.335, 7.553
-26.286, 7.849
-26.237, 8.145
-26.538, 5.148
-26.49, 5.444
-26.441, 5.74
-26.392, 6.036
-26.344, 6.332
-26.294, 6.638
-26.245, 6.934
-26.197, 7.23
-26.148, 7.526
-26.1, 7.822
-26.051, 8.118
-26.352, 5.121
-26.303, 5.417
-26.255, 5.713
-26.206, 6.009
-26.158, 6.305
-26.107, 6.611
-26.059, 6.907
-26.01, 7.203
-25.962, 7.499
-25.913, 7.795
-25.865, 8.091
-26.162, 5.095
-26.113, 5.391
-26.064, 5.687
-26.016, 5.983
-25.967, 6.279
-25.917, 6.585
-25.869, 6.881
-25.82, 7.177
-25.771, 7.473
-25.723, 7.769
-25.674, 8.065
-25.975, 5.068
-25.927, 5.364
-25.878, 5.66
-25.829, 5.956
-25.781, 6.252
-25.731, 6.558
-25.682, 6.854
-25.634, 7.15
-25.585, 7.446
-25.537, 7.742
-25.488, 8.038
-25.746, 5.041
-25.698, 5.337
-25.649, 5.633
-25.601, 5.929
-25.552, 6.225
-25.502, 6.53
-25.454, 6.826
-25.405, 7.122
-25.356, 7.419
-25.308, 7.715
-25.259, 8.011
-25.56, 5.014
-25.512, 5.31
-25.463, 5.606
-25.414, 5.902
-25.366, 6.198
-25.316, 6.504
-25.267, 6.8
-25.219, 7.096
-25.17, 7.392
-25.121, 7.688
-25.073, 7.984
-25.374, 4.987
-25.325, 5.283
-25.277, 5.579
-25.228, 5.875
-25.179, 6.171
-25.129, 6.477
-25.081, 6.773
-25.032, 7.069
-24.984, 7.365
-24.935, 7.661
-24.886, 7.957
-25.187, 4.96
-25.139, 5.256
-25.09, 5.552
-25.042, 5.848
-24.993, 6.144
-24.943, 6.45
-24.894, 6.746
-24.846, 7.042
-24.797, 7.338
-24.749, 7.634
-24.7, 7.93
-25.001, 4.933
-24.952, 5.229
-24.904, 5.525
-24.855, 5.821
-24.807, 6.117
-24.756, 6.423
-24.708, 6.719
-24.659, 7.015
-24.611, 7.311
-24.562, 7.607
-24.514, 7.903
-24.814, 4.907
-24.766, 5.203
-24.717, 5.499
-24.669, 5.795
-24.62, 6.091
-24.57, 6.397
-24.521, 6.693
-24.473, 6.989
-24.424, 7.285
-24.376, 7.581
-24.327, 7.877
-24.624, 4.88
-24.576, 5.176
-24.527, 5.472
-24.479, 5.768
-24.43, 6.064
-24.38, 6.37
-24.331, 6.666
-24.283, 6.962
-24.234, 7.258
-24.186, 7.554
-24.137, 7.85
-24.438, 4.853
-24.389, 5.149
-24.341, 5.445
-24.292, 5.741
-24.244, 6.038
-24.193, 6.343
-24.145, 6.639
-24.096, 6.935
-24.048, 7.231
-23.999, 7.527
-23.951, 7.823
-24.183, 4.818
-24.134, 5.114
-24.086, 5.41
-24.037, 5.706
-23.989, 6.002
-23.939, 6.308
-23.89, 6.604
-23.841, 6.9
-23.793, 7.196
-23.744, 7.492
-23.696, 7.788
-23.997, 4.791
-23.948, 5.087
-23.899, 5.383
-23.851, 5.679
-23.802, 5.975
-23.752, 6.281
-23.703, 6.577
-23.655, 6.873
-23.606, 7.169
-23.558, 7.465
-23.509, 7.761
-23.81, 4.764
-23.762, 5.06
-23.713, 5.356
-23.664, 5.652
-23.616, 5.948
-23.566, 6.254
-23.517, 6.55
-23.469, 6.846
-23.42, 7.142
-23.371, 7.438
-23.323, 7.734
-23.624, 4.737
-23.575, 5.033
-23.527, 5.329
-23.478, 5.625
-23.429, 5.921
-23.379, 6.227
-23.331, 6.523
-23.282, 6.819
-23.234, 7.115
-23.185, 7.411
-23.136, 7.707
-23.437, 4.71
-23.389, 5.006
-23.34, 5.302
-23.292, 5.598
-23.243, 5.895
-23.193, 6.2
-23.144, 6.496
-23.096, 6.792
-23.047, 7.088
-22.999, 7.384
-22.95, 7.68
-23.251, 4.684
-23.202, 4.98
-23.154, 5.276
-23.105, 5.572
-23.057, 5.868
-23.006, 6.174
-22.958, 6.47
-22.909, 6.766
-22.861, 7.062
-22.812, 7.358
-22.764, 7.654
-23.061, 4.657
-23.012, 4.953
-22.963, 5.249
-22.915, 5.545
-22.866, 5.841
-22.816, 6.147
-22.768, 6.443
-22.719, 6.739
-22.671, 7.035
-22.826, 4.927
-22.777, 5.223
-22.729, 5.519
-22.68, 5.815
-22.63, 6.12
-22.581, 6.416
-22.533, 6.712
-22.484, 7.008
-22.565, 4.891
-22.516, 5.187
-22.468, 5.483
-22.419, 5.779
-22.369, 6.085
-22.32, 6.381
-22.272, 6.677
-22.223, 6.973
-22.378, 4.865
-22.33, 5.161
-22.281, 5.457
-22.233, 5.753
-22.182, 6.058
-22.134, 6.354
-22.085, 6.65
-22.037, 6.946
-22.192, 4.838
-22.143, 5.134
-22.095, 5.43
-22.046, 5.726
-21.996, 6.032
-21.947, 6.328
-21.899, 6.624
-21.85, 6.92
-22.054, 4.515
-22.005, 4.811
-21.957, 5.107
-21.908, 5.403
-21.86, 5.699
-21.81, 6.005
-21.761, 6.301
-21.712, 6.597
-21.664, 6.893
-21.615, 7.189
-21.868, 4.488
-21.819, 4.784
-21.77, 5.08
-21.722, 5.376
-21.673, 5.672
-21.623, 5.978
-21.575, 6.274
-21.526, 6.57
-21.477, 6.866
-21.429, 7.162
-26.992, 9.098
-26.931, 9.392
-26.869, 9.685
-26.807, 9.979
-26.745, 10.272
-26.681, 10.576
-26.619, 10.869
-26.557, 11.163
-26.495, 11.456
-26.433, 11.75
-26.372, 12.043
-26.81, 9.065
-26.748, 9.359
-26.686, 9.652
-26.624, 9.946
-26.562, 10.239
-26.498, 10.543
-26.436, 10.836
-26.375, 11.13
-26.313, 11.423
-26.251, 11.717
-26.189, 12.01
-26.606, 9.038
-26.544, 9.332
-26.482, 9.625
-26.42, 9.919
-26.359, 10.212
-26.295, 10.516
-26.233, 10.809
-26.171, 11.103
-26.109, 11.396
-26.047, 11.69
-25.985, 11.984
-26.423, 9.005
-26.361, 9.299
-26.3, 9.592
-26.238, 9.886
-26.176, 10.179
-26.112, 10.483
-26.05, 10.776
-25.988, 11.07
-25.926, 11.363
-25.864, 11.657
-25.802, 11.95
-26.241, 8.972
-26.179, 9.265
-26.117, 9.559
-26.055, 9.853
-25.993, 10.146
-25.929, 10.449
-25.867, 10.743
-25.805, 11.037
-25.743, 11.33
-25.682, 11.624
-25.62, 11.917
-26.058, 8.939
-25.996, 9.232
-25.934, 9.526
-25.872, 9.819
-25.81, 10.113
-25.746, 10.416
-25.685, 10.71
-25.623, 11.003
-25.561, 11.297
-25.499, 11.59
-25.437, 11.884
-25.875, 8.906
-25.813, 9.199
-25.751, 9.493
-25.689, 9.786
-25.628, 10.08
-25.564, 10.383
-25.502, 10.677
-25.44, 10.97
-25.378, 11.264
-25.316, 11.557
-25.254, 11.851
-25.692, 8.872
-25.631, 9.166
-25.569, 9.459
-25.507, 9.753
-25.445, 10.047
-25.381, 10.35
-25.319, 10.643
-25.257, 10.937
-25.195, 11.231
-25.133, 11.524
-25.072, 11.818
-25.505, 8.839
-25.443, 9.132
-25.381, 9.426
-25.32, 9.72
-25.258, 10.013
-25.194, 10.316
-25.132, 10.61
-25.07, 10.903
-25.008, 11.197
-24.946, 11.491
-24.884, 11.784
-25.323, 8.806
-25.261, 9.099
-25.199, 9.393
-25.137, 9.686
-25.075, 9.98
-25.011, 10.283
-24.949, 10.577
-24.887, 10.87
-24.825, 11.164
-24.764, 11.457
-24.702, 11.751
-25.098, 8.77
-25.036, 9.064
-24.974, 9.357
-24.912, 9.651
-24.85, 9.944
-24.786, 10.248
-24.725, 10.541
-24.663, 10.835
-24.601, 11.128
-24.539, 11.422
-24.477, 11.715
-24.915, 8.737
-24.853, 9.031
-24.791, 9.324
-24.73, 9.618
-24.668, 9.911
-24.604, 10.215
-24.542, 10.508
-24.48, 10.802
-24.418, 11.095
-24.356, 11.389
-24.294, 11.682
-24.733, 8.704
-24.671, 8.997
-24.609, 9.291
-24.547, 9.584
-24.485, 9.878
-24.421, 10.181
-24.359, 10.475
-24.297, 10.768
-24.235, 11.062
-24.174, 11.356
-24.112, 11.649
-24.55, 8.671
-24.488, 8.964
-24.426, 9.258
-24.364, 9.551
-24.302, 9.845
-24.238, 10.148
-24.177, 10.442
-24.115, 10.735
-24.053, 11.029
-23.991, 11.322
-23.929, 11.616
-24.367, 8.638
-24.305, 8.931
-24.243, 9.225
-24.181, 9.518
-24.12, 9.812
-24.056, 10.115
-23.994, 10.409
-23.932, 10.702
-23.87, 10.996
-23.808, 11.289
-23.746, 11.583
-24.184, 8.604
-24.123, 8.898
-24.061, 9.191
-23.999, 9.485
-23.937, 9.779
-23.873, 10.082
-23.811, 10.375
-23.749, 10.669
-23.687, 10.962
-23.625, 11.256
-23.564, 11.55
-23.997, 8.571
-23.935, 8.864
-23.873, 9.158
-23.812, 9.451
-23.75, 9.745
-23.686, 10.048
-23.624, 10.342
-23.562, 10.635
-23.5, 10.929
-23.438, 11.222
-23.376, 11.516
-23.815, 8.538
-23.753, 8.831
-23.691, 9.125
-23.629, 9.418
-23.567, 9.712
-23.503, 10.015
-23.441, 10.309
-23.379, 10.602
-23.317, 10.896
-23.256, 11.189
-23.194, 11.483
-23.564, 8.493
-23.502, 8.786
-23.44, 9.08
-23.378, 9.373
-23.316, 9.667
-23.253, 9.97
-23.191, 10.264
-23.129, 10.557
-23.067, 10.851
-23.005, 11.144
-22.943, 11.438
-23.381, 8.459
-23.319, 8.753
-23.258, 9.046
-23.196, 9.34
-23.134, 9.634
-23.07, 9.937
-23.008, 10.23
-22.946, 10.524
-22.884, 10.817
-22.822, 11.111
-22.76, 11.405
-23.199, 8.426
-23.137, 8.72
-23.075, 9.013
-23.013, 9.307
-22.951, 9.6
-22.887, 9.904
-22.825, 10.197
-22.763, 10.491
-22.701, 10.784
-22.64, 11.078
-22.578, 11.371
-23.016, 8.393
-22.954, 8.687
-22.892, 8.98
-22.83, 9.274
-22.768, 9.567
-22.704, 9.871
-22.642, 10.164
-22.581, 10.458
-22.519, 10.751
-22.457, 11.045
-22.395, 11.338
-22.833, 8.36
-22.771, 8.653
-22.709, 8.947
-22.647, 9.24
-22.586, 9.534
-22.522, 9.837
-22.46, 10.131
-22.398, 10.424
-22.336, 10.718
-22.274, 11.012
-22.212, 11.305
-22.65, 8.327
-22.589, 8.62
-22.527, 8.914
-22.465, 9.207
-22.403, 9.501
-22.339, 9.804
-22.277, 10.098
-22.215, 10.391
-22.153, 10.685
-22.091, 10.978
-22.029, 11.272
-22.463, 8.293
-22.401, 8.587
-22.339, 8.88
-22.278, 9.174
-22.216, 9.467
-22.152, 9.771
-22.09, 10.064
-22.028, 10.358
-21.966, 10.651
-22.219, 8.553
-22.157, 8.847
-22.095, 9.141
-22.033, 9.434
-21.969, 9.737
-21.907, 10.031
-21.845, 10.325
-21.783, 10.618
-21.961, 8.508
-21.899, 8.801
-21.837, 9.095
-21.775, 9.388
-21.711, 9.692
-21.649, 9.985
-21.588, 10.279
-21.526, 10.572
-21.778, 8.475
-21.716, 8.768
-21.654, 9.062
-21.593, 9.355
-21.529, 9.659
-21.467, 9.952
-21.405, 10.246
-21.343, 10.539
-21.595, 8.441
-21.534, 8.735
-21.472, 9.029
-21.41, 9.322
-21.346, 9.625
-21.284, 9.919
-21.222, 10.212
-21.16, 10.506
-21.475, 8.115
-21.413, 8.408
-21.351, 8.702
-21.289, 8.995
-21.227, 9.289
-21.163, 9.592
-21.101, 9.886
-21.039, 10.179
-20.978, 10.473
-20.916, 10.766
-21.292, 8.082
-21.23, 8.375
-21.168, 8.669
-21.106, 8.962
-21.044, 9.256
-20.98, 9.559
-20.919, 9.853
-20.857, 10.146
-20.795, 10.44
-20.733, 10.733
-26.251, 12.876
-26.167, 13.164
-26.083, 13.452
-25.999, 13.741
-25.915, 14.029
-25.829, 14.326
-25.745, 14.614
-25.661, 14.902
-25.577, 15.19
-25.493, 15.478
-25.409, 15.766
-25.325, 16.054
-26.069, 12.83
-25.985, 13.118
-25.901, 13.406
-25.817, 13.694
-25.733, 13.982
-25.647, 14.28
-25.563, 14.568
-25.479, 14.856
-25.395, 15.144
-25.311, 15.432
-25.227, 15.72
-25.143, 16.008
-25.866, 12.788
-25.782, 13.076
-25.698, 13.364
-25.614, 13.652
-25.53, 13.94
-25.443, 14.238
-25.359, 14.526
-25.275, 14.814
-25.191, 15.102
-25.107, 15.39
-25.023, 15.678
-24.939, 15.966
-25.684, 12.742
-25.6, 13.03
-25.516, 13.318
-25.432, 13.606
-25.348, 13.894
-25.261, 14.191
-25.177, 14.479
-25.093, 14.767
-25.009, 15.055
-24.925, 15.343
-24.841, 15.631
-24.757, 15.919
-25.502, 12.695
-25.418, 12.983
-25.334, 13.271
-25.25, 13.559
-25.166, 13.847
-25.079, 14.145
-24.995, 14.433
-24.911, 14.721
-24.827, 15.009
-24.744, 15.297
-24.66, 15.585
-24.576, 15.873
-25.32, 12.649
-25.236, 12.937
-25.152, 13.225
-25.068, 13.513
-24.984, 13.801
-24.897, 14.098
-24.814, 14.386
-24.73, 14.674
-24.646, 14.962
-24.562, 15.25
-24.478, 15.538
-24.394, 15.826
-25.138, 12.602
-25.054, 12.89
-24.97, 13.178
-24.886, 13.466
-24.802, 13.754
-24.716, 14.052
-24.632, 14.34
-24.548, 14.628
-24.464, 14.916
-24.38, 15.204
-24.296, 15.492
-24.212, 15.78
-24.956, 12.556
-24.872, 12.844
-24.789, 13.132
-24.704, 13.42
-24.621, 13.708
-24.534, 14.005
-24.45, 14.293
-24.366, 14.581
-24.282, 14.869
-24.198, 15.157
-24.114, 15.445
-24.03, 15.733
-24.771, 12.508
-24.687, 12.796
-24.603, 13.084
-24.519, 13.372
-24.435, 13.66
-24.348, 13.958
-24.264, 14.246
-24.18, 14.534
-24.096, 14.822
-24.012, 15.11
-23.928, 15.398
-24.589, 12.462
-24.505, 12.75
-24.421, 13.038
-24.337, 13.326
-24.253, 13.614
-24.166, 13.911
-24.082, 14.199
-23.998, 14.487
-23.914, 14.775
-23.83, 15.063
-23.746, 15.351
-24.365, 12.41
-24.281, 12.698
-24.197, 12.986
-24.113, 13.274
-24.029, 13.562
-23.943, 13.859
-23.859, 14.147
-23.775, 14.435
-23.691, 14.723
-23.607, 15.011
-23.523, 15.299
-24.183, 12.363
-24.099, 12.651
-24.015, 12.939
-23.931, 13.227
-23.848, 13.515
-23.761, 13.813
-23.677, 14.101
-23.593, 14.389
-23.509, 14.677
-23.425, 14.965
-23.341, 15.253
-24.001, 12.316
-23.918, 12.604
-23.834, 12.892
-23.75, 13.18
-23.666, 13.469
-23.579, 13.766
-23.495, 14.054
-23.411, 14.342
-23.327, 14.63
-23.243, 14.918
-23.159, 15.206
-23.82, 12.27
-23.736, 12.558
-23.652, 12.846
-23.568, 13.134
-23.484, 13.422
-23.397, 13.72
-23.313, 14.008
-23.229, 14.296
-23.145, 14.584
-23.061, 14.872
-22.977, 15.16
-23.638, 12.223
-23.554, 12.511
-23.47, 12.799
-23.386, 13.087
-23.302, 13.375
-23.215, 13.673
-23.131, 13.961
-23.047, 14.249
-22.963, 14.537
-22.879, 14.825
-22.795, 15.113
-23.456, 12.177
-23.372, 12.465
-23.288, 12.753
-23.204, 13.041
-23.12, 13.329
-23.033, 13.626
-22.949, 13.914
-22.865, 14.202
-22.781, 14.491
-22.697, 14.779
-22.613, 15.067
-23.27, 12.129
-23.186, 12.417
-23.102, 12.705
-23.018, 12.993
-22.934, 13.281
-22.848, 13.579
-22.764, 13.867
-22.68, 14.155
-22.596, 14.443
-22.512, 14.731
-22.428, 15.019
-23.088, 12.083
-23.004, 12.371
-22.92, 12.659
-22.836, 12.947
-22.753, 13.235
-22.666, 13.533
-22.582, 13.821
-22.498, 14.109
-22.414, 14.397
-22.33, 14.685
-22.246, 14.973
-22.84, 12.019
-22.756, 12.307
-22.672, 12.595
-22.588, 12.883
-22.504, 13.171
-22.417, 13.469
-22.333, 13.757
-22.249, 14.045
-22.165, 14.333
-22.081, 14.621
-21.997, 14.909
-22.658, 11.973
-22.574, 12.261
-22.49, 12.549
-22.406, 12.837
-22.322, 13.125
-22.235, 13.422
-22.151, 13.71
-22.067, 13.998
-21.983, 14.286
-21.899, 14.574
-21.815, 14.863
-22.476, 11.926
-22.392, 12.214
-22.308, 12.502
-22.224, 12.79
-22.14, 13.078
-22.053, 13.376
-21.969, 13.664
-21.885, 13.952
-21.801, 14.24
-21.717, 14.528
-21.633, 14.816
-22.294, 11.88
-22.21, 12.168
-22.126, 12.456
-22.042, 12.744
-21.958, 13.032
-21.871, 13.329
-21.787, 13.617
-21.703, 13.905
-21.62, 14.193
-21.536, 14.481
-21.452, 14.769
-22.112, 11.833
-22.028, 12.121
-21.944, 12.409
-21.86, 12.697
-21.776, 12.985
-21.69, 13.283
-21.606, 13.571
-21.522, 13.859
-21.438, 14.147
-21.354, 14.435
-21.27, 14.723
-21.93, 11.787
-21.846, 12.075
-21.762, 12.363
-21.678, 12.651
-21.594, 12.939
-21.508, 13.236
-21.424, 13.524
-21.34, 13.812
-21.256, 14.1
-21.172, 14.388
-21.088, 14.676
-21.661, 12.027
-21.577, 12.315
-21.493, 12.603
-21.409, 12.891
-21.322, 13.189
-21.238, 13.477
-21.154, 13.765
-21.07, 14.053
-20.986, 14.341
-20.902, 14.629
-21.479, 11.981
-21.395, 12.269
-21.311, 12.557
-21.227, 12.845
-21.14, 13.142
-21.056, 13.43
-20.972, 13.718
-20.888, 14.006
-20.804, 14.294
-20.72, 14.582
-21.224, 11.916
-21.14, 12.204
-21.056, 12.492
-20.972, 12.78
-20.885, 13.077
-20.801, 13.365
-20.717, 13.653
-20.633, 13.941
-20.549, 14.229
-20.465, 14.517
-21.042, 11.869
-20.958, 12.157
-20.874, 12.445
-20.79, 12.733
-20.703, 13.031
-20.62, 13.319
-20.536, 13.607
-20.452, 13.895
-20.368, 14.183
-20.284, 14.471
-20.86, 11.823
-20.776, 12.111
-20.692, 12.399
-20.608, 12.687
-20.522, 12.984
-20.438, 13.272
-20.354, 13.56
-20.27, 13.848
-20.186, 14.136
-20.102, 14.424
-20.762, 11.488
-20.678, 11.776
-20.594, 12.064
-20.511, 12.352
-20.427, 12.64
-20.34, 12.938
-20.256, 13.226
-20.172, 13.514
-20.088, 13.802
-20.004, 14.09
-19.92, 14.378
-20.581, 11.442
-20.497, 11.73
-20.413, 12.018
-20.329, 12.306
-20.245, 12.594
-20.158, 12.891
-20.074, 13.179
-19.99, 13.467
-19.906, 13.755
-19.822, 14.043
-19.738, 14.331
26.119, 12.834
26.024, 13.119
25.929, 13.403
25.834, 13.688
25.74, 13.972
25.641, 14.266
25.547, 14.55
25.452, 14.835
25.357, 15.119
25.262, 15.403
25.167, 15.688
25.072, 15.972
25.938, 12.787
25.843, 13.071
25.748, 13.356
25.653, 13.64
25.558, 13.924
25.46, 14.218
25.365, 14.503
25.27, 14.787
25.175, 15.071
25.08, 15.356
24.985, 15.64
24.891, 15.925
25.734, 12.744
25.64, 13.028
25.545, 13.313
25.45, 13.597
25.355, 13.882
25.257, 14.175
25.162, 14.46
25.067, 14.744
24.972, 15.029
24.877, 15.313
24.782, 15.597
24.687, 15.882
25.553, 12.697
25.458, 12.981
25.363, 13.265
25.268, 13.55
25.173, 13.834
25.075, 14.128
24.98, 14.412
24.886, 14.697
24.791, 14.981
24.696, 15.265
24.601, 15.55
24.506, 15.834
25.372, 12.649
25.277, 12.933
25.182, 13.218
25.087, 13.502
24.992, 13.786
24.894, 14.08
24.799, 14.365
24.704, 14.649
24.609, 14.933
24.514, 15.218
24.419, 15.502
24.324, 15.787
25.19, 12.601
25.096, 12.886
25.001, 13.17
24.906, 13.455
24.811, 13.739
24.713, 14.033
24.618, 14.317
24.523, 14.602
24.428, 14.886
24.333, 15.17
24.238, 15.455
24.143, 15.739
25.009, 12.554
24.914, 12.838
24.819, 13.123
24.724, 13.407
24.629, 13.691
24.531, 13.985
24.436, 14.27
24.342, 14.554
24.247, 14.838
24.152, 15.123
24.057, 15.407
23.962, 15.691
24.828, 12.506
24.733, 12.791
24.638, 13.075
24.543, 13.359
24.448, 13.644
24.35, 13.938
24.255, 14.222
24.16, 14.506
24.065, 14.791
23.97, 15.075
23.875, 15.359
23.78, 15.644
24.643, 12.456
24.548, 12.74
24.453, 13.025
24.358, 13.309
24.263, 13.593
24.165, 13.887
24.07, 14.172
23.975, 14.456
23.881, 14.74
23.786, 15.025
23.691, 15.309
24.462, 12.408
24.367, 12.693
24.272, 12.977
24.177, 13.261
24.082, 13.546
23.984, 13.84
23.889, 14.124
23.794, 14.408
23.699, 14.693
23.604, 14.977
23.509, 15.262
24.239, 12.354
24.144, 12.639
24.049, 12.923
23.954, 13.208
23.859, 13.492
23.761, 13.786
23.666, 14.07
23.571, 14.355
23.476, 14.639
23.381, 14.923
23.286, 15.208
24.057, 12.307
23.962, 12.591
23.867, 12.876
23.773, 13.16
23.678, 13.444
23.579, 13.738
23.485, 14.023
23.39, 14.307
23.295, 14.591
23.2, 14.876
23.105, 15.16
23.876, 12.259
23.781, 12.544
23.686, 12.828
23.591, 13.112
23.496, 13.397
23.398, 13.691
23.303, 13.975
23.208, 14.259
23.113, 14.544
23.018, 14.828
22.924, 15.113
23.695, 12.212
23.6, 12.496
23.505, 12.78
23.41, 13.065
23.315, 13.349
23.217, 13.643
23.122, 13.928
23.027, 14.212
22.932, 14.496
22.837, 14.781
22.742, 15.065
23.513, 12.164
23.418, 12.449
23.323, 12.733
23.228, 13.017
23.134, 13.302
23.035, 13.595
22.941, 13.88
22.846, 14.164
22.751, 14.449
22.656, 14.733
22.561, 15.017
23.332, 12.117
23.237, 12.401
23.142, 12.685
23.047, 12.97
22.952, 13.254
22.854, 13.548
22.759, 13.832
22.664, 14.117
22.569, 14.401
22.474, 14.685
22.379, 14.97
23.147, 12.066
23.052, 12.351
22.957, 12.635
22.862, 12.919
22.767, 13.204
22.669, 13.498
22.575, 13.782
22.48, 14.066
22.385, 14.351
22.29, 14.635
22.195, 14.92
22.966, 12.019
22.871, 12.303
22.776, 12.587
22.681, 12.872
22.586, 13.156
22.488, 13.45
22.393, 13.734
22.298, 14.019
22.203, 14.303
22.108, 14.588
22.013, 14.872
22.718, 11.952
22.623, 12.236
22.528, 12.521
22.433, 12.805
22.339, 13.09
22.24, 13.383
22.146, 13.668
22.051, 13.952
21.956, 14.237
21.861, 14.521
21.766, 14.805
22.537, 11.904
22.442, 12.189
22.347, 12.473
22.252, 12.758
22.157, 13.042
22.059, 13.336
21.964, 13.62
21.869, 13.905
21.774, 14.189
21.679, 14.473
21.584, 14.758
22.355, 11.857
22.261, 12.141
22.166, 12.426
22.071, 12.71
21.976, 12.994
21.878, 13.288
21.783, 13.573
21.688, 13.857
21.593, 14.141
21.498, 14.426
21.403, 14.71
22.174, 11.809
22.079, 12.094
21.984, 12.378
21.889, 12.662
21.794, 12.947
21.696, 13.241
21.601, 13.525
21.507, 13.809
21.412, 14.094
21.317, 14.378
21.222, 14.663
21.993, 11.762
21.898, 12.046
21.803, 12.33
21.708, 12.615
21.613, 12.899
21.515, 13.193
21.42, 13.477
21.325, 13.762
21.23, 14.046
21.135, 14.331
21.04, 14.615
21.811, 11.714
21.717, 11.998
21.622, 12.283
21.527, 12.567
21.432, 12.852
21.334, 13.146
21.239, 13.43
21.144, 13.714
21.049, 13.999
20.954, 14.283
20.859, 14.567
21.532, 11.948
21.437, 12.233
21.342, 12.517
21.247, 12.801
21.149, 13.095
21.054, 13.38
20.959, 13.664
20.864, 13.948
20.769, 14.233
20.674, 14.517
21.351, 11.901
21.256, 12.185
21.161, 12.469
21.066, 12.754
20.968, 13.048
20.873, 13.332
20.778, 13.616
20.683, 13.901
20.588, 14.185
20.493, 14.469
21.098, 11.83
21.003, 12.114
20.908, 12.398
20.813, 12.683
20.715, 12.977
20.62, 13.261
20.525, 13.545
20.43, 13.83
20.335, 14.114
20.24, 14.398
20.916, 11.782
20.821, 12.066
20.726, 12.351
20.631, 12.635
20.533, 12.929
20.438, 13.213
20.343, 13.498
20.249, 13.782
20.154, 14.067
20.059, 14.351
20.735, 11.734
20.64, 12.019
20.545, 12.303
20.45, 12.587
20.352, 12.881
20.257, 13.166
20.162, 13.45
20.067, 13.735
19.972, 14.019
19.877, 14.303
20.648, 11.402
20.554, 11.687
20.459, 11.971
20.364, 12.256
20.269, 12.54
20.171, 12.834
20.076, 13.118
19.981, 13.403
19.886, 13.687
19.791, 13.971
19.696, 14.256
20.467, 11.355
20.372, 11.639
20.277, 11.924
20.182, 12.208
20.087, 12.492
19.989, 12.786
19.894, 13.071
19.799, 13.355
19.705, 13.639
19.61, 13.924
19.515, 14.208
26.23, 12.006
26.301, 11.715
26.371, 11.423
26.442, 11.132
26.513, 10.84
26.586, 10.539
26.657, 10.248
26.728, 9.956
26.799, 9.665
26.87, 9.374
26.94, 9.082
26.049, 11.96
26.12, 11.668
26.19, 11.377
26.261, 11.085
26.332, 10.794
26.405, 10.493
26.476, 10.201
26.547, 9.91
26.618, 9.619
26.689, 9.327
26.759, 9.036
25.851, 11.899
25.922, 11.607
25.993, 11.316
26.064, 11.025
26.135, 10.733
26.208, 10.432
26.279, 10.141
26.35, 9.849
26.42, 9.558
26.491, 9.266
26.562, 8.975
25.671, 11.852
25.741, 11.561
25.812, 11.27
25.883, 10.978
25.954, 10.687
26.027, 10.386
26.098, 10.094
26.169, 9.803
26.239, 9.511
26.31, 9.22
26.381, 8.928
25.49, 11.806
25.561, 11.515
25.631, 11.223
25.702, 10.932
25.773, 10.64
25.846, 10.339
25.917, 10.048
25.988, 9.756
26.059, 9.465
26.129, 9.173
26.2, 8.882
25.309, 11.76
25.38, 11.468
25.45, 11.177
25.521, 10.885
25.592, 10.594
25.665, 10.293
25.736, 10.001
25.807, 9.71
25.878, 9.419
25.948, 9.127
26.019, 8.836
25.128, 11.713
25.199, 11.422
25.269, 11.13
25.34, 10.839
25.411, 10.548
25.484, 10.246
25.555, 9.955
25.626, 9.664
25.697, 9.372
25.768, 9.081
25.838, 8.789
24.947, 11.667
25.018, 11.375
25.089, 11.084
25.159, 10.793
25.23, 10.501
25.303, 10.2
25.374, 9.909
25.445, 9.617
25.516, 9.326
25.587, 9.034
25.657, 8.743
24.762, 11.618
24.833, 11.327
24.904, 11.035
24.975, 10.744
25.046, 10.452
25.119, 10.151
25.19, 9.86
25.26, 9.568
25.331, 9.277
25.402, 8.986
25.473, 8.694
24.581, 11.572
24.652, 11.28
24.723, 10.989
24.794, 10.697
24.865, 10.406
24.938, 10.105
25.009, 9.813
25.079, 9.522
25.15, 9.231
25.221, 8.939
25.292, 8.648
24.361, 11.51
24.432, 11.218
24.503, 10.927
24.574, 10.635
24.645, 10.344
24.718, 10.043
24.789, 9.751
24.86, 9.46
24.93, 9.169
25.001, 8.877
25.072, 8.586
24.18, 11.463
24.251, 11.172
24.322, 10.881
24.393, 10.589
24.464, 10.298
24.537, 9.996
24.608, 9.705
24.679, 9.414
24.749, 9.122
24.82, 8.831
24.891, 8.539
24, 11.417
24.07, 11.126
24.141, 10.834
24.212, 10.543
24.283, 10.251
24.356, 9.95
24.427, 9.659
24.498, 9.367
24.568, 9.076
24.639, 8.784
24.71, 8.493
23.819, 11.371
23.889, 11.079
23.96, 10.788
24.031, 10.496
24.102, 10.205
24.175, 9.904
24.246, 9.612
24.317, 9.321
24.388, 9.029
24.458, 8.738
24.529, 8.447
23.638, 11.324
23.709, 11.033
23.779, 10.741
23.85, 10.45
23.921, 10.158
23.994, 9.857
24.065, 9.566
24.136, 9.274
24.207, 8.983
24.277, 8.692
24.348, 8.4
23.457, 11.278
23.528, 10.986
23.598, 10.695
23.669, 10.403
23.74, 10.112
23.813, 9.811
23.884, 9.519
23.955, 9.228
24.026, 8.937
24.097, 8.645
24.167, 8.354
23.272, 11.229
23.343, 10.938
23.414, 10.646
23.485, 10.355
23.555, 10.063
23.629, 9.762
23.699, 9.471
23.77, 9.179
23.841, 8.888
23.912, 8.596
23.983, 8.305
23.091, 11.183
23.162, 10.891
23.233, 10.6
23.304, 10.308
23.375, 10.017
23.448, 9.716
23.519, 9.424
23.589, 9.133
23.66, 8.841
23.731, 8.55
23.802, 8.259
22.844, 11.118
22.915, 10.827
22.986, 10.535
23.056, 10.244
23.127, 9.952
23.2, 9.651
23.271, 9.36
23.342, 9.068
23.413, 8.777
23.484, 8.485
23.554, 8.194
22.663, 11.072
22.734, 10.78
22.805, 10.489
22.875, 10.197
22.946, 9.906
23.019, 9.605
23.09, 9.313
23.161, 9.022
23.232, 8.73
23.303, 8.439
23.374, 8.148
22.482, 11.025
22.553, 10.734
22.624, 10.442
22.694, 10.151
22.765, 9.859
22.839, 9.558
22.909, 9.267
22.98, 8.975
23.051, 8.684
23.122, 8.393
23.193, 8.101
22.301, 10.979
22.372, 10.687
22.443, 10.396
22.514, 10.105
22.584, 9.813
22.658, 9.512
22.728, 9.221
22.799, 8.929
22.87, 8.638
22.941, 8.346
23.012, 8.055
22.12, 10.932
22.191, 10.641
22.262, 10.35
22.333, 10.058
22.403, 9.767
22.477, 9.466
22.547, 9.174
22.618, 8.883
22.689, 8.591
22.76, 8.3
22.831, 8.008
21.939, 10.886
22.01, 10.595
22.081, 10.303
22.152, 10.012
22.223, 9.72
22.296, 9.419
22.367, 9.128
22.437, 8.836
22.508, 8.545
22.579, 8.253
22.65, 7.962
21.755, 10.837
21.825, 10.546
21.896, 10.254
21.967, 9.963
22.038, 9.672
22.111, 9.37
22.182, 9.079
22.253, 8.788
22.324, 8.496
21.645, 10.499
21.715, 10.208
21.786, 9.917
21.857, 9.625
21.93, 9.324
22.001, 9.033
22.072, 8.741
22.143, 8.45
21.391, 10.431
21.462, 10.14
21.533, 9.848
21.604, 9.557
21.677, 9.256
21.748, 8.964
21.819, 8.673
21.889, 8.381
21.21, 10.385
21.281, 10.093
21.352, 9.802
21.423, 9.51
21.496, 9.209
21.567, 8.918
21.638, 8.626
21.708, 8.335
21.029, 10.338
21.1, 10.047
21.171, 9.755
21.242, 9.464
21.315, 9.163
21.386, 8.871
21.457, 8.58
21.528, 8.289
20.778, 10.583
20.848, 10.292
20.919, 10
20.99, 9.709
21.061, 9.418
21.134, 9.116
21.205, 8.825
21.276, 8.534
21.347, 8.242
21.417, 7.951
20.597, 10.537
20.668, 10.245
20.738, 9.954
20.809, 9.663
20.88, 9.371
20.953, 9.07
21.024, 8.779
21.095, 8.487
21.166, 8.196
21.237, 7.904
27.155, 8.218
27.199, 7.921
27.243, 7.624
27.287, 7.328
27.331, 7.031
27.377, 6.724
27.421, 6.428
27.465, 6.131
27.509, 5.834
27.553, 5.538
27.598, 5.241
26.972, 8.181
27.016, 7.885
27.061, 7.588
27.105, 7.291
27.149, 6.995
27.194, 6.688
27.239, 6.391
27.283, 6.095
27.327, 5.798
27.371, 5.501
27.415, 5.205
26.772, 8.131
26.817, 7.835
26.861, 7.538
26.905, 7.241
26.949, 6.945
26.995, 6.638
27.039, 6.341
27.083, 6.045
27.127, 5.748
27.171, 5.451
27.215, 5.154
26.59, 8.095
26.634, 7.798
26.678, 7.502
26.723, 7.205
26.767, 6.908
26.812, 6.602
26.856, 6.305
26.901, 6.008
26.945, 5.712
26.989, 5.415
27.033, 5.118
26.408, 8.059
26.452, 7.762
26.496, 7.465
26.54, 7.169
26.584, 6.872
26.63, 6.565
26.674, 6.269
26.718, 5.972
26.762, 5.675
26.806, 5.378
26.851, 5.082
26.225, 8.022
26.269, 7.726
26.314, 7.429
26.358, 7.132
26.402, 6.835
26.447, 6.529
26.492, 6.232
26.536, 5.936
26.58, 5.639
26.624, 5.342
26.668, 5.045
26.043, 7.986
26.087, 7.689
26.131, 7.393
26.175, 7.096
26.22, 6.799
26.265, 6.493
26.309, 6.196
26.353, 5.899
26.398, 5.602
26.442, 5.306
26.486, 5.009
25.861, 7.95
25.905, 7.653
25.949, 7.356
25.993, 7.059
26.037, 6.763
26.083, 6.456
26.127, 6.159
26.171, 5.863
26.215, 5.566
26.259, 5.269
26.303, 4.973
25.674, 7.913
25.718, 7.616
25.762, 7.32
25.806, 7.023
25.85, 6.726
25.896, 6.42
25.94, 6.123
25.984, 5.826
26.028, 5.53
26.072, 5.233
26.117, 4.936
25.491, 7.877
25.535, 7.58
25.58, 7.283
25.624, 6.987
25.668, 6.69
25.713, 6.383
25.758, 6.087
25.802, 5.79
25.846, 5.493
25.89, 5.197
25.934, 4.9
25.269, 7.828
25.313, 7.531
25.357, 7.234
25.401, 6.937
25.446, 6.641
25.491, 6.334
25.535, 6.038
25.579, 5.741
25.624, 5.444
25.668, 5.147
25.712, 4.851
25.087, 7.791
25.131, 7.495
25.175, 7.198
25.219, 6.901
25.263, 6.604
25.309, 6.298
25.353, 6.001
25.397, 5.704
25.441, 5.408
25.485, 5.111
25.53, 4.814
24.904, 7.755
24.948, 7.458
24.993, 7.161
25.037, 6.865
25.081, 6.568
25.126, 6.262
25.171, 5.965
25.215, 5.668
25.259, 5.371
25.303, 5.075
25.347, 4.778
24.722, 7.718
24.766, 7.422
24.81, 7.125
24.854, 6.828
24.898, 6.532
24.944, 6.225
24.988, 5.928
25.032, 5.632
25.076, 5.335
25.121, 5.038
25.165, 4.742
24.539, 7.682
24.584, 7.385
24.628, 7.089
24.672, 6.792
24.716, 6.495
24.762, 6.189
24.806, 5.892
24.85, 5.595
24.894, 5.299
24.938, 5.002
24.982, 4.705
24.357, 7.646
24.401, 7.349
24.445, 7.052
24.49, 6.756
24.534, 6.459
24.579, 6.152
24.623, 5.856
24.668, 5.559
24.712, 5.262
24.756, 4.966
24.8, 4.669
24.17, 7.609
24.214, 7.313
24.259, 7.016
24.303, 6.719
24.347, 6.423
24.392, 6.116
24.437, 5.819
24.481, 5.523
24.525, 5.226
24.569, 4.929
24.613, 4.633
23.988, 7.573
24.032, 7.276
24.076, 6.98
24.12, 6.683
24.164, 6.386
24.21, 6.08
24.254, 5.783
24.298, 5.486
24.342, 5.19
24.387, 4.893
24.431, 4.596
23.738, 7.524
23.782, 7.227
23.826, 6.931
23.87, 6.634
23.914, 6.337
23.96, 6.031
24.004, 5.734
24.048, 5.437
24.092, 5.141
24.137, 4.844
24.181, 4.547
23.555, 7.488
23.6, 7.191
23.644, 6.894
23.688, 6.598
23.732, 6.301
23.778, 5.994
23.822, 5.698
23.866, 5.401
23.91, 5.104
23.954, 4.807
23.998, 4.511
23.373, 7.451
23.417, 7.155
23.461, 6.858
23.505, 6.561
23.55, 6.264
23.595, 5.958
23.639, 5.661
23.684, 5.364
23.728, 5.068
23.772, 4.771
23.816, 4.474
23.191, 7.415
23.235, 7.118
23.279, 6.821
23.323, 6.525
23.367, 6.228
23.413, 5.921
23.457, 5.625
23.501, 5.328
23.545, 5.031
23.589, 4.735
23.634, 4.438
23.008, 7.379
23.052, 7.082
23.097, 6.785
23.141, 6.488
23.185, 6.192
23.23, 5.885
23.275, 5.588
23.319, 5.292
23.363, 4.995
23.407, 4.698
23.451, 4.402
22.826, 7.342
22.87, 7.045
22.914, 6.749
22.958, 6.452
23.002, 6.155
23.048, 5.849
23.092, 5.552
23.136, 5.255
23.181, 4.959
23.225, 4.662
23.269, 4.365
22.639, 7.306
22.683, 7.009
22.727, 6.712
22.771, 6.416
22.816, 6.119
22.861, 5.812
22.905, 5.516
22.95, 5.219
22.994, 4.922
22.501, 6.973
22.545, 6.676
22.589, 6.379
22.633, 6.083
22.679, 5.776
22.723, 5.479
22.767, 5.183
22.811, 4.886
22.244, 6.924
22.288, 6.627
22.332, 6.33
22.376, 6.033
22.422, 5.727
22.466, 5.43
22.51, 5.133
22.554, 4.837
22.061, 6.887
22.105, 6.59
22.15, 6.294
22.194, 5.997
22.239, 5.69
22.283, 5.394
22.328, 5.097
22.372, 4.8
21.879, 6.851
21.923, 6.554
21.967, 6.257
22.011, 5.961
22.057, 5.654
22.101, 5.357
22.145, 5.061
22.189, 4.764
21.652, 7.111
21.696, 6.814
21.741, 6.518
21.785, 6.221
21.829, 5.924
21.875, 5.618
21.919, 5.321
21.963, 5.024
22.007, 4.728
22.051, 4.431
21.47, 7.075
21.514, 6.778
21.558, 6.481
21.602, 6.185
21.647, 5.888
21.692, 5.581
21.736, 5.285
21.78, 4.988
21.825, 4.691
21.869, 4.395
27.746, 4.49
27.79, 4.193
27.834, 3.897
27.877, 3.6
27.921, 3.303
27.967, 2.997
28.01, 2.7
28.054, 2.403
28.098, 2.107
28.142, 1.81
28.186, 1.513
27.561, 4.461
27.605, 4.164
27.648, 3.867
27.692, 3.571
27.736, 3.274
27.781, 2.968
27.825, 2.671
27.869, 2.374
27.913, 2.078
27.957, 1.781
28.001, 1.484
27.358, 4.419
27.401, 4.122
27.445, 3.825
27.489, 3.529
27.533, 3.232
27.578, 2.926
27.622, 2.629
27.666, 2.332
27.71, 2.035
27.754, 1.739
27.798, 1.442
27.172, 4.39
27.216, 4.093
27.26, 3.796
27.304, 3.5
27.348, 3.203
27.393, 2.896
27.437, 2.6
27.481, 2.303
27.525, 2.006
27.568, 1.71
27.612, 1.413
26.987, 4.36
27.031, 4.064
27.075, 3.767
27.119, 3.47
27.163, 3.174
27.208, 2.867
27.252, 2.57
27.296, 2.274
27.339, 1.977
27.383, 1.68
27.427, 1.384
26.802, 4.331
26.846, 4.035
26.89, 3.738
26.933, 3.441
26.977, 3.145
27.023, 2.838
27.066, 2.541
27.11, 2.245
27.154, 1.948
27.198, 1.651
27.242, 1.355
26.617, 4.302
26.661, 4.005
26.704, 3.709
26.748, 3.412
26.792, 3.115
26.837, 2.809
26.881, 2.512
26.925, 2.215
26.969, 1.919
27.013, 1.622
27.057, 1.325
26.431, 4.273
26.475, 3.976
26.519, 3.68
26.563, 3.383
26.607, 3.086
26.652, 2.78
26.696, 2.483
26.74, 2.186
26.784, 1.89
26.827, 1.593
26.871, 1.296
26.243, 4.242
26.286, 3.945
26.33, 3.648
26.374, 3.352
26.418, 3.055
26.463, 2.748
26.507, 2.452
26.551, 2.155
26.595, 1.858
26.639, 1.562
26.682, 1.265
26.057, 4.212
26.101, 3.916
26.145, 3.619
26.189, 3.322
26.233, 3.026
26.278, 2.719
26.322, 2.422
26.366, 2.126
26.41, 1.829
26.453, 1.532
26.497, 1.236
25.832, 4.171
25.876, 3.875
25.919, 3.578
25.963, 3.281
26.007, 2.985
26.052, 2.678
26.096, 2.381
26.14, 2.085
26.184, 1.788
26.228, 1.491
26.272, 1.195
25.646, 4.142
25.69, 3.846
25.734, 3.549
25.778, 3.252
25.822, 2.956
25.867, 2.649
25.911, 2.352
25.955, 2.056
25.999, 1.759
26.043, 1.462
26.086, 1.166
25.461, 4.113
25.505, 3.816
25.549, 3.52
25.593, 3.223
25.637, 2.926
25.682, 2.62
25.726, 2.323
25.77, 2.026
25.813, 1.73
25.857, 1.433
25.901, 1.136
25.276, 4.084
25.32, 3.787
25.364, 3.49
25.408, 3.194
25.451, 2.897
25.497, 2.591
25.541, 2.294
25.584, 1.997
25.628, 1.701
25.672, 1.404
25.716, 1.107
25.091, 4.055
25.135, 3.758
25.178, 3.461
25.222, 3.165
25.266, 2.868
25.311, 2.561
25.355, 2.265
25.399, 1.968
25.443, 1.671
25.487, 1.375
25.531, 1.078
24.905, 4.025
24.949, 3.729
24.993, 3.432
25.037, 3.135
25.081, 2.839
25.126, 2.532
25.17, 2.236
25.214, 1.939
25.258, 1.642
25.301, 1.346
25.345, 1.049
24.717, 3.994
24.76, 3.697
24.804, 3.401
24.848, 3.104
24.892, 2.808
24.937, 2.501
24.981, 2.204
25.025, 1.908
25.069, 1.611
25.113, 1.314
25.156, 1.018
24.531, 3.965
24.575, 3.668
24.619, 3.372
24.663, 3.075
24.707, 2.778
24.752, 2.472
24.796, 2.175
24.84, 1.878
24.884, 1.582
24.927, 1.285
24.971, 0.988
24.278, 3.924
24.322, 3.627
24.366, 3.33
24.41, 3.034
24.454, 2.737
24.499, 2.431
24.543, 2.134
24.587, 1.837
24.63, 1.541
24.674, 1.244
24.718, 0.947
24.093, 3.895
24.137, 3.598
24.181, 3.301
24.224, 3.005
24.268, 2.708
24.314, 2.401
24.357, 2.105
24.401, 1.808
24.445, 1.511
24.489, 1.215
24.533, 0.918
23.908, 3.865
23.952, 3.569
23.995, 3.272
24.039, 2.975
24.083, 2.679
24.128, 2.372
24.172, 2.076
24.216, 1.779
24.26, 1.482
24.304, 1.186
24.348, 0.889
23.722, 3.836
23.766, 3.54
23.81, 3.243
23.854, 2.946
23.898, 2.65
23.943, 2.343
23.987, 2.046
24.031, 1.75
24.075, 1.453
24.118, 1.156
24.162, 0.86
23.537, 3.807
23.581, 3.51
23.625, 3.214
23.669, 2.917
23.713, 2.62
23.758, 2.314
23.802, 2.017
23.846, 1.721
23.889, 1.424
23.933, 1.127
23.977, 0.83
23.352, 3.778
23.396, 3.481
23.44, 3.185
23.483, 2.888
23.527, 2.591
23.573, 2.285
23.616, 1.988
23.66, 1.691
23.704, 1.395
23.748, 1.098
23.792, 0.801
23.163, 3.747
23.207, 3.45
23.251, 3.153
23.295, 2.857
23.338, 2.56
23.384, 2.253
23.428, 1.957
23.471, 1.66
23.515, 1.363
23.022, 3.421
23.066, 3.124
23.109, 2.827
23.153, 2.531
23.199, 2.224
23.242, 1.928
23.286, 1.631
23.33, 1.334
22.763, 3.376
22.807, 3.079
22.85, 2.783
22.894, 2.486
22.94, 2.18
22.983, 1.883
23.027, 1.586
23.071, 1.29
22.577, 3.347
22.621, 3.05
22.665, 2.754
22.709, 2.457
22.754, 2.15
22.798, 1.854
22.842, 1.557
22.886, 1.26
22.392, 3.318
22.436, 3.021
22.48, 2.724
22.524, 2.428
22.569, 2.121
22.613, 1.825
22.657, 1.528
22.701, 1.231
22.163, 3.585
22.207, 3.289
22.251, 2.992
22.295, 2.695
22.339, 2.399
22.384, 2.092
22.428, 1.795
22.471, 1.499
22.515, 1.202
22.559, 0.905
21.978, 3.556
22.022, 3.259
22.066, 2.963
22.109, 2.666
22.153, 2.369
22.199, 2.063
22.242, 1.766
22.286, 1.47
22.33, 1.173
22.374, 0.876
28.194, 0.583
28.213, 0.284
28.232, -0.016
28.252, -0.315
28.271, -0.614
28.29, -0.924
28.309, -1.223
28.329, -1.523
28.348, -1.822
28.367, -2.121
28.386, -2.421
28.007, 0.566
28.026, 0.267
28.045, -0.032
28.064, -0.332
28.083, -0.631
28.103, -0.94
28.122, -1.24
28.141, -1.539
28.16, -1.839
28.179, -2.138
28.198, -2.437
27.801, 0.538
27.82, 0.239
27.839, -0.061
27.858, -0.36
27.877, -0.659
27.897, -0.969
27.916, -1.268
27.935, -1.567
27.954, -1.867
27.973, -2.166
27.992, -2.466
27.614, 0.522
27.633, 0.222
27.652, -0.077
27.671, -0.376
27.69, -0.676
27.71, -0.985
27.729, -1.285
27.748, -1.584
27.767, -1.883
27.786, -2.183
27.805, -2.482
27.426, 0.505
27.445, 0.206
27.464, -0.094
27.484, -0.393
27.503, -0.692
27.522, -1.002
27.541, -1.301
27.561, -1.601
27.58, -1.9
27.599, -2.199
27.618, -2.499
27.239, 0.489
27.258, 0.189
27.277, -0.11
27.296, -0.41
27.315, -0.709
27.335, -1.018
27.354, -1.318
27.373, -1.617
27.392, -1.916
27.411, -2.216
27.43, -2.515
27.052, 0.472
27.071, 0.173
27.09, -0.127
27.109, -0.426
27.128, -0.726
27.148, -1.035
27.167, -1.334
27.186, -1.634
27.205, -1.933
27.224, -2.232
27.243, -2.532
26.864, 0.455
26.883, 0.156
26.903, -0.143
26.922, -0.443
26.941, -0.742
26.96, -1.051
26.979, -1.351
26.999, -1.65
27.018, -1.95
27.037, -2.249
27.056, -2.548
26.673, 0.438
26.692, 0.139
26.712, -0.161
26.731, -0.46
26.75, -0.76
26.769, -1.069
26.789, -1.368
26.808, -1.668
26.827, -1.967
26.846, -2.266
26.865, -2.566
26.486, 0.421
26.505, 0.122
26.524, -0.177
26.543, -0.477
26.562, -0.776
26.582, -1.085
26.601, -1.385
26.62, -1.684
26.639, -1.984
26.658, -2.283
26.678, -2.582
26.257, 0.396
26.277, 0.097
26.296, -0.203
26.315, -0.502
26.334, -0.802
26.354, -1.111
26.373, -1.41
26.392, -1.71
26.411, -2.009
26.43, -2.308
26.449, -2.608
26.07, 0.379
26.089, 0.08
26.108, -0.219
26.127, -0.519
26.147, -0.818
26.166, -1.127
26.185, -1.427
26.204, -1.726
26.223, -2.026
26.243, -2.325
26.262, -2.624
25.883, 0.363
25.902, 0.064
25.921, -0.236
25.94, -0.535
25.959, -0.835
25.979, -1.144
25.998, -1.443
26.017, -1.743
26.036, -2.042
26.055, -2.341
26.074, -2.641
25.696, 0.346
25.715, 0.047
25.734, -0.252
25.753, -0.552
25.772, -0.851
25.792, -1.161
25.811, -1.46
25.83, -1.759
25.849, -2.059
25.868, -2.358
25.887, -2.657
25.508, 0.33
25.527, 0.03
25.546, -0.269
25.566, -0.568
25.585, -0.868
25.604, -1.177
25.623, -1.476
25.643, -1.776
25.662, -2.075
25.681, -2.375
25.7, -2.674
25.321, 0.313
25.34, 0.014
25.359, -0.285
25.378, -0.585
25.397, -0.884
25.417, -1.194
25.436, -1.493
25.455, -1.792
25.474, -2.092
25.493, -2.391
25.512, -2.69
25.13, 0.296
25.149, -0.004
25.168, -0.303
25.187, -0.602
25.206, -0.902
25.226, -1.211
25.245, -1.511
25.264, -1.81
25.283, -2.109
25.302, -2.409
25.321, -2.708
24.943, 0.279
24.962, -0.02
24.981, -0.32
25, -0.619
25.019, -0.918
25.039, -1.228
25.058, -1.527
25.077, -1.826
25.096, -2.126
25.115, -2.425
25.134, -2.725
24.687, 0.256
24.706, -0.043
24.725, -0.343
24.744, -0.642
24.763, -0.941
24.783, -1.251
24.802, -1.55
24.821, -1.85
24.84, -2.149
24.859, -2.448
24.878, -2.748
24.499, 0.239
24.518, -0.06
24.538, -0.359
24.557, -0.659
24.576, -0.958
24.595, -1.267
24.615, -1.567
24.634, -1.866
24.653, -2.166
24.672, -2.465
24.691, -2.764
24.312, 0.223
24.331, -0.076
24.35, -0.376
24.369, -0.675
24.388, -0.975
24.408, -1.284
24.427, -1.583
24.446, -1.883
24.465, -2.182
24.484, -2.481
24.504, -2.781
24.125, 0.206
24.144, -0.093
24.163, -0.392
24.182, -0.692
24.201, -0.991
24.221, -1.301
24.24, -1.6
24.259, -1.899
24.278, -2.199
24.297, -2.498
24.316, -2.797
23.937, 0.19
23.957, -0.11
23.976, -0.409
23.995, -0.708
24.014, -1.008
24.034, -1.317
24.053, -1.616
24.072, -1.916
24.091, -2.215
24.11, -2.515
24.129, -2.814
23.75, 0.173
23.769, -0.126
23.788, -0.425
23.807, -0.725
23.827, -1.024
23.846, -1.334
23.865, -1.633
23.884, -1.932
23.904, -2.232
23.923, -2.531
23.942, -2.83
23.559, 0.156
23.578, -0.144
23.597, -0.443
23.616, -0.742
23.635, -1.042
23.655, -1.351
23.674, -1.65
23.693, -1.95
23.713, -2.249
23.391, -0.16
23.41, -0.46
23.429, -0.759
23.448, -1.058
23.468, -1.368
23.487, -1.667
23.506, -1.966
23.525, -2.266
23.129, -0.185
23.148, -0.484
23.167, -0.784
23.186, -1.083
23.206, -1.392
23.225, -1.692
23.244, -1.991
23.263, -2.291
22.942, -0.201
22.961, -0.501
22.98, -0.8
22.999, -1.1
23.019, -1.409
23.038, -1.708
23.057, -2.008
23.076, -2.307
22.754, -0.218
22.773, -0.517
22.793, -0.817
22.812, -1.116
22.831, -1.426
22.85, -1.725
22.87, -2.024
22.889, -2.324
22.548, 0.065
22.567, -0.235
22.586, -0.534
22.605, -0.833
22.624, -1.133
22.644, -1.442
22.663, -1.741
22.682, -2.041
22.701, -2.34
22.72, -2.64
22.361, 0.048
22.38, -0.251
22.399, -0.55
22.418, -0.85
22.437, -1.149
22.457, -1.459
22.476, -1.758
22.495, -2.057
22.514, -2.357
22.533, -2.656
28.426, -3.362
28.43, -3.662
28.434, -3.962
28.438, -4.262
28.442, -4.562
28.446, -4.872
28.45, -5.172
28.454, -5.472
28.458, -5.772
28.462, -6.072
28.466, -6.372
28.239, -3.37
28.243, -3.669
28.247, -3.969
28.251, -4.269
28.255, -4.569
28.259, -4.879
28.263, -5.179
28.267, -5.479
28.271, -5.779
28.275, -6.079
28.279, -6.379
28.032, -3.388
28.036, -3.688
28.04, -3.988
28.044, -4.288
28.048, -4.588
28.052, -4.898
28.056, -5.198
28.06, -5.498
28.064, -5.798
28.068, -6.098
28.072, -6.398
27.845, -3.395
27.849, -3.695
27.853, -3.995
27.857, -4.295
27.861, -4.595
27.865, -4.905
27.869, -5.205
27.873, -5.505
27.877, -5.805
27.881, -6.105
27.885, -6.405
27.658, -3.403
27.662, -3.703
27.666, -4.003
27.67, -4.303
27.674, -4.603
27.678, -4.913
27.682, -5.213
27.686, -5.513
27.69, -5.813
27.694, -6.113
27.698, -6.413
27.47, -3.41
27.474, -3.71
27.478, -4.01
27.482, -4.31
27.486, -4.61
27.491, -4.92
27.495, -5.22
27.499, -5.52
27.503, -5.82
27.507, -6.12
27.511, -6.42
27.283, -3.418
27.287, -3.718
27.291, -4.018
27.295, -4.318
27.299, -4.618
27.303, -4.928
27.307, -5.228
27.311, -5.528
27.315, -5.828
27.319, -6.128
27.323, -6.428
27.096, -3.425
27.1, -3.725
27.104, -4.025
27.108, -4.325
27.112, -4.625
27.116, -4.935
27.12, -5.235
27.124, -5.535
27.128, -5.835
27.132, -6.135
27.136, -6.435
26.905, -3.434
26.909, -3.734
26.913, -4.034
26.917, -4.334
26.921, -4.634
26.925, -4.944
26.929, -5.243
26.933, -5.543
26.937, -5.843
26.941, -6.143
26.945, -6.443
26.717, -3.441
26.721, -3.741
26.725, -4.041
26.729, -4.341
26.734, -4.641
26.738, -4.951
26.742, -5.251
26.746, -5.551
26.75, -5.851
26.754, -6.151
26.758, -6.451
26.489, -3.456
26.493, -3.756
26.497, -4.055
26.501, -4.355
26.505, -4.655
26.509, -4.965
26.513, -5.265
26.517, -5.565
26.521, -5.865
26.525, -6.165
26.529, -6.465
26.301, -3.463
26.305, -3.763
26.309, -4.063
26.313, -4.363
26.318, -4.663
26.322, -4.973
26.326, -5.273
26.33, -5.573
26.334, -5.873
26.338, -6.173
26.342, -6.473
26.114, -3.471
26.118, -3.771
26.122, -4.071
26.126, -4.371
26.13, -4.671
26.134, -4.98
26.138, -5.28
26.142, -5.58
26.146, -5.88
26.15, -6.18
26.154, -6.48
25.927, -3.478
25.931, -3.778
25.935, -4.078
25.939, -4.378
25.943, -4.678
25.947, -4.988
25.951, -5.288
25.955, -5.588
25.959, -5.888
25.963, -6.188
25.967, -6.488
25.74, -3.486
25.744, -3.786
25.748, -4.086
25.752, -4.386
25.756, -4.686
25.76, -4.995
25.764, -5.295
25.768, -5.595
25.772, -5.895
25.776, -6.195
25.78, -6.495
25.552, -3.493
25.556, -3.793
25.56, -4.093
25.564, -4.393
25.568, -4.693
25.573, -5.003
25.577, -5.303
25.581, -5.603
25.585, -5.903
25.589, -6.203
25.593, -6.503
25.361, -3.501
25.365, -3.801
25.369, -4.101
25.373, -4.401
25.377, -4.701
25.381, -5.011
25.385, -5.311
25.389, -5.611
25.393, -5.911
25.397, -6.211
25.401, -6.511
25.174, -3.509
25.178, -3.809
25.182, -4.109
25.186, -4.409
25.19, -4.709
25.194, -5.019
25.198, -5.319
25.202, -5.619
25.206, -5.919
25.21, -6.219
25.214, -6.519
24.918, -3.52
24.922, -3.82
24.926, -4.12
24.93, -4.42
24.934, -4.719
24.938, -5.029
24.942, -5.329
24.946, -5.629
24.95, -5.929
24.954, -6.229
24.958, -6.529
24.731, -3.527
24.735, -3.827
24.739, -4.127
24.743, -4.427
24.747, -4.727
24.751, -5.037
24.755, -5.337
24.759, -5.637
24.763, -5.937
24.767, -6.237
24.771, -6.537
24.543, -3.535
24.547, -3.835
24.551, -4.135
24.555, -4.435
24.559, -4.735
24.564, -5.045
24.568, -5.344
24.572, -5.644
24.576, -5.944
24.58, -6.244
24.584, -6.544
24.356, -3.542
24.36, -3.842
24.364, -4.142
24.368, -4.442
24.372, -4.742
24.376, -5.052
24.38, -5.352
24.384, -5.652
24.388, -5.952
24.392, -6.252
24.396, -6.552
24.169, -3.55
24.173, -3.85
24.177, -4.15
24.181, -4.45
24.185, -4.75
24.189, -5.06
24.193, -5.36
24.197, -5.66
24.201, -5.959
24.205, -6.259
24.209, -6.559
23.982, -3.557
23.986, -3.857
23.99, -4.157
23.994, -4.457
23.998, -4.757
24.002, -5.067
24.006, -5.367
24.01, -5.667
24.014, -5.967
24.018, -6.267
24.022, -6.567
23.79, -3.565
23.794, -3.865
23.798, -4.165
23.802, -4.465
23.806, -4.765
23.811, -5.075
23.815, -5.375
23.819, -5.675
23.823, -5.975
23.607, -3.873
23.611, -4.173
23.615, -4.473
23.619, -4.773
23.623, -5.083
23.627, -5.383
23.631, -5.683
23.635, -5.983
23.345, -3.885
23.349, -4.185
23.353, -4.485
23.357, -4.785
23.361, -5.095
23.365, -5.395
23.369, -5.695
23.373, -5.995
23.157, -3.892
23.161, -4.192
23.165, -4.492
23.169, -4.792
23.174, -5.102
23.178, -5.402
23.182, -5.702
23.186, -6.002
22.97, -3.9
22.974, -4.2
22.978, -4.5
22.982, -4.8
22.986, -5.11
22.99, -5.41
22.994, -5.71
22.998, -6.01
22.779, -3.607
22.783, -3.907
22.787, -4.207
22.791, -4.507
22.795, -4.807
22.799, -5.117
22.803, -5.417
22.807, -5.717
22.811, -6.017
22.815, -6.317
22.592, -3.615
22.596, -3.915
22.6, -4.215
22.604, -4.515
22.608, -4.815
22.612, -5.125
22.616, -5.425
22.62, -5.725
22.624, -6.025
22.628, -6.325
28.243, -7.282
28.237, -7.581
28.231, -7.881
28.225, -8.181
28.219, -8.481
28.213, -8.791
28.207, -9.091
28.201, -9.391
28.195, -9.691
28.189, -9.991
28.182, -10.291
28.055, -7.282
28.049, -7.581
28.043, -7.881
28.037, -8.181
28.031, -8.481
28.024, -8.791
28.018, -9.091
28.012, -9.391
28.006, -9.691
28, -9.991
27.994, -10.291
27.846, -7.291
27.84, -7.591
27.834, -7.891
27.828, -8.191
27.822, -8.491
27.816, -8.801
27.81, -9.101
27.804, -9.401
27.798, -9.701
27.792, -10.001
27.786, -10.301
27.658, -7.291
27.652, -7.591
27.646, -7.891
27.64, -8.191
27.634, -8.491
27.627, -8.801
27.621, -9.101
27.615, -9.401
27.609, -9.701
27.603, -10.001
27.597, -10.3
27.469, -7.291
27.463, -7.591
27.457, -7.891
27.451, -8.191
27.445, -8.491
27.439, -8.801
27.433, -9.101
27.427, -9.401
27.42, -9.701
27.414, -10
27.408, -10.3
27.281, -7.291
27.275, -7.591
27.269, -7.891
27.262, -8.191
27.256, -8.491
27.25, -8.801
27.244, -9.101
27.238, -9.401
27.232, -9.7
27.226, -10
27.22, -10.3
27.092, -7.291
27.086, -7.591
27.08, -7.891
27.074, -8.191
27.068, -8.491
27.062, -8.801
27.056, -9.101
27.049, -9.4
27.043, -9.7
27.037, -10
27.031, -10.3
26.904, -7.291
26.897, -7.591
26.891, -7.891
26.885, -8.191
26.879, -8.491
26.873, -8.801
26.867, -9.101
26.861, -9.4
26.855, -9.7
26.849, -10
26.843, -10.3
26.711, -7.292
26.705, -7.592
26.699, -7.892
26.693, -8.192
26.687, -8.492
26.681, -8.801
26.675, -9.101
26.669, -9.401
26.663, -9.701
26.657, -10.001
26.65, -10.301
26.523, -7.292
26.517, -7.592
26.511, -7.892
26.505, -8.192
26.499, -8.492
26.492, -8.801
26.486, -9.101
26.48, -9.401
26.474, -9.701
26.468, -10.001
26.462, -10.301
26.292, -7.297
26.286, -7.597
26.28, -7.897
26.274, -8.197
26.268, -8.497
26.262, -8.807
26.256, -9.106
26.25, -9.406
26.244, -9.706
26.238, -10.006
26.231, -10.306
26.104, -7.297
26.098, -7.597
26.092, -7.897
26.086, -8.197
26.08, -8.497
26.073, -8.807
26.067, -9.106
26.061, -9.406
26.055, -9.706
26.049, -10.006
26.043, -10.306
25.915, -7.297
25.909, -7.597
25.903, -7.897
25.897, -8.197
25.891, -8.497
25.885, -8.806
25.879, -9.106
25.873, -9.406
25.866, -9.706
25.86, -10.006
25.854, -10.306
25.727, -7.297
25.721, -7.597
25.714, -7.897
25.708, -8.197
25.702, -8.496
25.696, -8.806
25.69, -9.106
25.684, -9.406
25.678, -9.706
25.672, -10.006
25.666, -10.306
25.538, -7.297
25.532, -7.597
25.526, -7.897
25.52, -8.196
25.514, -8.496
25.507, -8.806
25.501, -9.106
25.495, -9.406
25.489, -9.706
25.483, -10.006
25.477, -10.306
25.349, -7.297
25.343, -7.597
25.337, -7.896
25.331, -8.196
25.325, -8.496
25.319, -8.806
25.313, -9.106
25.307, -9.406
25.301, -9.706
25.295, -10.006
25.289, -10.306
25.157, -7.298
25.151, -7.597
25.145, -7.897
25.139, -8.197
25.133, -8.497
25.127, -8.807
25.121, -9.107
25.115, -9.407
25.109, -9.707
25.102, -10.007
25.096, -10.307
24.969, -7.297
24.963, -7.597
24.957, -7.897
24.951, -8.197
24.944, -8.497
24.938, -8.807
24.932, -9.107
24.926, -9.407
24.92, -9.707
24.914, -10.007
24.908, -10.307
24.711, -7.298
24.705, -7.598
24.699, -7.898
24.693, -8.198
24.687, -8.498
24.681, -8.808
24.674, -9.108
24.668, -9.407
24.662, -9.707
24.656, -10.007
24.65, -10.307
24.522, -7.298
24.516, -7.598
24.51, -7.898
24.504, -8.198
24.498, -8.498
24.492, -8.808
24.486, -9.107
24.48, -9.407
24.474, -9.707
24.468, -10.007
24.462, -10.307
24.334, -7.298
24.328, -7.598
24.322, -7.898
24.316, -8.198
24.31, -8.498
24.303, -8.808
24.297, -9.107
24.291, -9.407
24.285, -9.707
24.279, -10.007
24.273, -10.307
24.145, -7.298
24.139, -7.598
24.133, -7.898
24.127, -8.198
24.121, -8.498
24.115, -8.807
24.109, -9.107
24.103, -9.407
24.097, -9.707
24.091, -10.007
24.085, -10.307
23.957, -7.298
23.951, -7.598
23.945, -7.898
23.939, -8.198
23.933, -8.497
23.926, -8.807
23.92, -9.107
23.914, -9.407
23.908, -9.707
23.902, -10.007
23.896, -10.307
23.768, -7.298
23.762, -7.598
23.756, -7.898
23.75, -8.197
23.744, -8.497
23.738, -8.807
23.732, -9.107
23.726, -9.407
23.72, -9.707
23.713, -10.007
23.707, -10.307
23.576, -7.299
23.57, -7.599
23.564, -7.898
23.558, -8.198
23.552, -8.498
23.546, -8.808
23.539, -9.108
23.533, -9.408
23.527, -9.708
23.381, -7.598
23.375, -7.898
23.369, -8.198
23.363, -8.498
23.357, -8.808
23.351, -9.108
23.345, -9.408
23.339, -9.708
23.118, -7.601
23.112, -7.901
23.106, -8.2
23.1, -8.5
23.093, -8.81
23.087, -9.11
23.081, -9.41
23.075, -9.71
22.929, -7.601
22.923, -7.9
22.917, -8.2
22.911, -8.5
22.905, -8.81
22.899, -9.11
22.893, -9.41
22.887, -9.71
22.741, -7.601
22.735, -7.9
22.729, -8.2
22.723, -8.5
22.716, -8.81
22.71, -9.11
22.704, -9.41
22.698, -9.71
22.558, -7.301
22.552, -7.6
22.546, -7.9
22.54, -8.2
22.534, -8.5
22.528, -8.81
22.522, -9.11
22.516, -9.41
22.51, -9.71
22.504, -10.01
22.37, -7.3
22.364, -7.6
22.358, -7.9
22.352, -8.2
22.345, -8.5
22.339, -8.81
22.333, -9.11
22.327, -9.41
22.321, -9.71
22.315, -10.01
28.304, -11.233
28.285, -11.533
28.266, -11.832
28.247, -12.131
28.229, -12.431
28.209, -12.74
28.191, -13.039
28.172, -13.339
28.153, -13.638
28.134, -13.937
28.116, -14.237
28.117, -11.225
28.098, -11.524
28.079, -11.824
28.061, -12.123
28.042, -12.422
28.023, -12.732
28.004, -13.031
27.985, -13.33
27.966, -13.63
27.948, -13.929
27.929, -14.229
27.91, -11.226
27.891, -11.525
27.873, -11.825
27.854, -12.124
27.835, -12.423
27.816, -12.733
27.797, -13.032
27.778, -13.331
27.76, -13.631
27.741, -13.93
27.722, -14.23
27.723, -11.218
27.705, -11.517
27.686, -11.816
27.667, -12.116
27.648, -12.415
27.629, -12.724
27.61, -13.024
27.591, -13.323
27.573, -13.623
27.554, -13.922
27.535, -14.221
27.536, -11.209
27.518, -11.509
27.499, -11.808
27.48, -12.107
27.461, -12.407
27.442, -12.716
27.423, -13.016
27.405, -13.315
27.386, -13.614
27.367, -13.914
27.348, -14.213
27.35, -11.201
27.331, -11.5
27.312, -11.8
27.293, -12.099
27.275, -12.399
27.255, -12.708
27.237, -13.007
27.218, -13.307
27.199, -13.606
27.18, -13.905
27.162, -14.205
27.163, -11.193
27.144, -11.492
27.125, -11.792
27.107, -12.091
27.088, -12.39
27.068, -12.7
27.05, -12.999
27.031, -13.298
27.012, -13.598
26.993, -13.897
26.975, -14.196
26.976, -11.185
26.957, -11.484
26.938, -11.783
26.92, -12.083
26.901, -12.382
26.882, -12.691
26.863, -12.991
26.844, -13.29
26.825, -13.59
26.807, -13.889
26.788, -14.188
26.785, -11.177
26.766, -11.477
26.748, -11.776
26.729, -12.075
26.71, -12.375
26.691, -12.684
26.672, -12.983
26.653, -13.283
26.634, -13.582
26.616, -13.881
26.597, -14.181
26.598, -11.169
26.579, -11.468
26.561, -11.768
26.542, -12.067
26.523, -12.366
26.504, -12.676
26.485, -12.975
26.466, -13.274
26.448, -13.574
26.429, -13.873
26.41, -14.173
26.369, -11.164
26.351, -11.463
26.332, -11.763
26.313, -12.062
26.295, -12.362
26.275, -12.671
26.256, -12.97
26.238, -13.27
26.219, -13.569
26.2, -13.868
26.181, -14.168
26.183, -11.156
26.164, -11.455
26.145, -11.755
26.126, -12.054
26.108, -12.353
26.088, -12.663
26.07, -12.962
26.051, -13.261
26.032, -13.561
26.013, -13.86
25.995, -14.16
25.996, -11.148
25.977, -11.447
25.958, -11.746
25.94, -12.046
25.921, -12.345
25.902, -12.654
25.883, -12.954
25.864, -13.253
25.845, -13.553
25.827, -13.852
25.808, -14.151
25.809, -11.139
25.79, -11.439
25.772, -11.738
25.753, -12.037
25.734, -12.337
25.715, -12.646
25.696, -12.946
25.677, -13.245
25.658, -13.544
25.64, -13.844
25.621, -14.143
25.622, -11.131
25.603, -11.43
25.585, -11.73
25.566, -12.029
25.547, -12.329
25.528, -12.638
25.509, -12.937
25.49, -13.237
25.472, -13.536
25.453, -13.835
25.434, -14.135
25.435, -11.123
25.417, -11.422
25.398, -11.722
25.379, -12.021
25.36, -12.32
25.341, -12.63
25.322, -12.929
25.304, -13.228
25.285, -13.528
25.266, -13.827
25.247, -14.127
25.244, -11.115
25.226, -11.415
25.207, -11.714
25.188, -12.014
25.169, -12.313
25.15, -12.622
25.131, -12.922
25.113, -13.221
25.094, -13.52
25.075, -13.82
25.056, -14.119
25.058, -11.107
25.039, -11.407
25.02, -11.706
25.001, -12.005
24.983, -12.305
24.963, -12.614
24.945, -12.913
24.926, -13.213
24.907, -13.512
24.888, -13.812
24.87, -14.111
24.802, -11.097
24.783, -11.396
24.764, -11.696
24.746, -11.995
24.727, -12.294
24.708, -12.604
24.689, -12.903
24.67, -13.202
24.651, -13.502
24.633, -13.801
24.614, -14.1
24.615, -11.089
24.596, -11.388
24.578, -11.687
24.559, -11.987
24.54, -12.286
24.521, -12.595
24.502, -12.895
24.483, -13.194
24.464, -13.493
24.446, -13.793
24.427, -14.092
24.428, -11.08
24.409, -11.38
24.391, -11.679
24.372, -11.978
24.353, -12.278
24.334, -12.587
24.315, -12.886
24.296, -13.186
24.278, -13.485
24.259, -13.785
24.24, -14.084
24.241, -11.072
24.223, -11.371
24.204, -11.671
24.185, -11.97
24.166, -12.27
24.147, -12.579
24.128, -12.878
24.11, -13.178
24.091, -13.477
24.072, -13.776
24.053, -14.076
24.055, -11.064
24.036, -11.363
24.017, -11.663
23.998, -11.962
23.98, -12.261
23.96, -12.571
23.942, -12.87
23.923, -13.169
23.904, -13.469
23.885, -13.768
23.867, -14.068
23.868, -11.056
23.849, -11.355
23.83, -11.654
23.812, -11.954
23.793, -12.253
23.773, -12.562
23.755, -12.862
23.736, -13.161
23.717, -13.461
23.698, -13.76
23.68, -14.059
23.677, -11.048
23.658, -11.348
23.639, -11.647
23.621, -11.946
23.602, -12.246
23.582, -12.555
23.564, -12.854
23.545, -13.154
23.526, -13.453
23.471, -11.339
23.452, -11.639
23.434, -11.938
23.415, -12.237
23.396, -12.547
23.377, -12.846
23.358, -13.145
23.339, -13.445
23.209, -11.33
23.19, -11.63
23.171, -11.929
23.153, -12.228
23.133, -12.538
23.115, -12.837
23.096, -13.136
23.077, -13.436
23.022, -11.322
23.003, -11.621
22.985, -11.921
22.966, -12.22
22.946, -12.529
22.928, -12.829
22.909, -13.128
22.89, -13.427
22.835, -11.314
22.816, -11.613
22.798, -11.912
22.779, -12.212
22.76, -12.521
22.741, -12.82
22.722, -13.12
22.703, -13.419
22.667, -11.006
22.648, -11.305
22.63, -11.605
22.611, -11.904
22.592, -12.204
22.573, -12.513
22.554, -12.812
22.535, -13.112
22.517, -13.411
22.498, -13.71
22.48, -10.998
22.462, -11.297
22.443, -11.597
22.424, -11.896
22.405, -12.195
22.386, -12.505
22.367, -12.804
22.349, -13.103
22.33, -13.403
22.311, -13.702
28.072, -15.096
28.036, -15.394
27.999, -15.692
27.962, -15.989
27.926, -16.287
27.888, -16.595
27.852, -16.892
27.815, -17.19
27.778, -17.488
27.742, -17.786
27.705, -18.083
27.884, -15.077
27.847, -15.374
27.811, -15.672
27.774, -15.97
27.738, -16.268
27.7, -16.575
27.663, -16.873
27.627, -17.171
27.59, -17.468
27.554, -17.766
27.517, -18.064
27.675, -15.065
27.638, -15.363
27.602, -15.661
27.565, -15.958
27.529, -16.256
27.491, -16.564
27.454, -16.861
27.418, -17.159
27.381, -17.457
27.344, -17.755
27.308, -18.052
27.486, -15.046
27.45, -15.343
27.413, -15.641
27.377, -15.939
27.34, -16.237
27.302, -16.544
27.266, -16.842
27.229, -17.14
27.193, -17.437
27.156, -17.735
27.12, -18.033
27.298, -15.026
27.262, -15.324
27.225, -15.622
27.189, -15.919
27.152, -16.217
27.114, -16.525
27.078, -16.822
27.041, -17.12
27.004, -17.418
26.968, -17.716
26.931, -18.013
27.11, -15.007
27.073, -15.304
27.037, -15.602
27, -15.9
26.964, -16.197
26.926, -16.505
26.889, -16.803
26.853, -17.101
26.816, -17.398
26.78, -17.696
26.743, -17.994
26.922, -14.987
26.885, -15.285
26.849, -15.583
26.812, -15.88
26.775, -16.178
26.738, -16.486
26.701, -16.783
26.664, -17.081
26.628, -17.379
26.591, -17.677
26.555, -17.974
26.733, -14.968
26.697, -15.265
26.66, -15.563
26.624, -15.861
26.587, -16.159
26.549, -16.466
26.513, -16.764
26.476, -17.062
26.44, -17.359
26.403, -17.657
26.366, -17.955
26.542, -14.949
26.505, -15.246
26.468, -15.544
26.432, -15.842
26.395, -16.14
26.358, -16.447
26.321, -16.745
26.284, -17.043
26.248, -17.34
26.211, -17.638
26.175, -17.936
26.353, -14.929
26.317, -15.227
26.28, -15.525
26.244, -15.822
26.207, -16.12
26.169, -16.428
26.133, -16.725
26.096, -17.023
26.06, -17.321
26.023, -17.619
25.986, -17.916
26.123, -14.911
26.086, -15.208
26.05, -15.506
26.013, -15.804
25.976, -16.102
25.939, -16.409
25.902, -16.707
25.866, -17.005
25.829, -17.302
25.792, -17.6
25.756, -17.898
25.934, -14.891
25.898, -15.189
25.861, -15.487
25.825, -15.784
25.788, -16.082
25.75, -16.39
25.714, -16.687
25.677, -16.985
25.641, -17.283
25.604, -17.581
25.568, -17.878
25.746, -14.872
25.71, -15.169
25.673, -15.467
25.636, -15.765
25.6, -16.063
25.562, -16.37
25.526, -16.668
25.489, -16.966
25.452, -17.263
25.416, -17.561
25.379, -17.859
25.558, -14.852
25.521, -15.15
25.485, -15.448
25.448, -15.745
25.412, -16.043
25.374, -16.351
25.337, -16.648
25.301, -16.946
25.264, -17.244
25.228, -17.542
25.191, -17.839
25.37, -14.833
25.333, -15.13
25.297, -15.428
25.26, -15.726
25.223, -16.024
25.186, -16.331
25.149, -16.629
25.112, -16.927
25.076, -17.224
25.039, -17.522
25.003, -17.82
25.181, -14.813
25.145, -15.111
25.108, -15.409
25.072, -15.706
25.035, -16.004
24.997, -16.312
24.961, -16.609
24.924, -16.907
24.888, -17.205
24.851, -17.503
24.814, -17.8
24.99, -14.794
24.953, -15.092
24.916, -15.39
24.88, -15.687
24.843, -15.985
24.806, -16.293
24.769, -16.591
24.732, -16.888
24.696, -17.186
24.659, -17.484
24.623, -17.781
24.801, -14.775
24.765, -15.073
24.728, -15.37
24.692, -15.668
24.655, -15.966
24.617, -16.273
24.581, -16.571
24.544, -16.869
24.508, -17.166
24.471, -17.464
24.434, -17.762
24.544, -14.749
24.508, -15.047
24.471, -15.344
24.434, -15.642
24.398, -15.94
24.36, -16.248
24.324, -16.545
24.287, -16.843
24.25, -17.141
24.214, -17.438
24.177, -17.736
24.356, -14.729
24.319, -15.027
24.283, -15.325
24.246, -15.623
24.21, -15.92
24.172, -16.228
24.135, -16.526
24.099, -16.823
24.062, -17.121
24.026, -17.419
23.989, -17.717
24.168, -14.71
24.131, -15.008
24.095, -15.305
24.058, -15.603
24.021, -15.901
23.984, -16.209
23.947, -16.506
23.91, -16.804
23.874, -17.102
23.837, -17.399
23.801, -17.697
23.979, -14.69
23.943, -14.988
23.906, -15.286
23.87, -15.584
23.833, -15.881
23.795, -16.189
23.759, -16.487
23.722, -16.784
23.686, -17.082
23.649, -17.38
23.612, -17.678
23.791, -14.671
23.754, -14.969
23.718, -15.266
23.681, -15.564
23.645, -15.862
23.607, -16.17
23.57, -16.467
23.534, -16.765
23.497, -17.063
23.461, -17.36
23.424, -17.658
23.603, -14.651
23.566, -14.949
23.53, -15.247
23.493, -15.545
23.457, -15.842
23.419, -16.15
23.382, -16.448
23.346, -16.745
23.309, -17.043
23.272, -17.341
23.236, -17.639
23.411, -14.633
23.374, -14.93
23.338, -15.228
23.301, -15.526
23.265, -15.824
23.227, -16.131
23.19, -16.429
23.154, -16.727
23.117, -17.024
23.186, -14.911
23.15, -15.209
23.113, -15.506
23.076, -15.804
23.039, -16.112
23.002, -16.409
22.966, -16.707
22.929, -17.005
22.923, -14.886
22.887, -15.184
22.85, -15.481
22.814, -15.779
22.776, -16.087
22.739, -16.385
22.703, -16.682
22.666, -16.98
22.735, -14.867
22.699, -15.164
22.662, -15.462
22.625, -15.76
22.588, -16.067
22.551, -16.365
22.515, -16.663
22.478, -16.961
22.547, -14.847
22.51, -15.145
22.474, -15.443
22.437, -15.74
22.399, -16.048
22.363, -16.346
22.326, -16.643
22.29, -16.941
22.395, -14.53
22.359, -14.828
22.322, -15.125
22.286, -15.423
22.249, -15.721
22.211, -16.028
22.175, -16.326
22.138, -16.624
22.101, -16.922
22.065, -17.219
22.207, -14.51
22.17, -14.808
22.134, -15.106
22.097, -15.403
22.061, -15.701
22.023, -16.009
21.986, -16.307
21.95, -16.604
21.913, -16.902
21.877, -17.2
27.607, -18.764
27.558, -19.06
27.51, -19.356
27.461, -19.652
27.413, -19.948
27.362, -20.254
27.314, -20.55
27.265, -20.846
27.217, -21.142
27.168, -21.438
27.12, -21.734
27.42, -18.738
27.372, -19.034
27.323, -19.33
27.275, -19.626
27.226, -19.922
27.176, -20.228
27.127, -20.524
27.079, -20.82
27.03, -21.116
26.982, -21.412
26.933, -21.708
27.213, -18.718
27.164, -19.014
27.116, -19.31
27.067, -19.606
27.019, -19.902
26.969, -20.208
26.92, -20.504
26.871, -20.8
26.823, -21.096
26.774, -21.392
26.726, -21.688
27.027, -18.691
26.978, -18.987
26.929, -19.283
26.881, -19.579
26.832, -19.875
26.782, -20.181
26.734, -20.477
26.685, -20.773
26.636, -21.069
26.588, -21.365
26.539, -21.661
26.84, -18.664
26.792, -18.96
26.743, -19.256
26.694, -19.552
26.646, -19.848
26.596, -20.154
26.547, -20.45
26.499, -20.746
26.45, -21.042
26.401, -21.338
26.353, -21.634
26.654, -18.638
26.605, -18.934
26.557, -19.23
26.508, -19.526
26.459, -19.822
26.409, -20.128
26.361, -20.424
26.312, -20.72
26.264, -21.016
26.215, -21.312
26.166, -21.608
26.467, -18.611
26.419, -18.907
26.37, -19.203
26.322, -19.499
26.273, -19.795
26.223, -20.101
26.174, -20.397
26.126, -20.693
26.077, -20.989
26.029, -21.285
25.98, -21.581
26.281, -18.584
26.232, -18.88
26.184, -19.176
26.135, -19.472
26.087, -19.768
26.036, -20.074
25.988, -20.37
25.939, -20.666
25.891, -20.962
25.842, -21.258
25.794, -21.554
26.091, -18.558
26.042, -18.854
25.994, -19.15
25.945, -19.446
25.896, -19.742
25.846, -20.048
25.798, -20.344
25.749, -20.64
25.701, -20.936
25.652, -21.232
25.603, -21.528
25.904, -18.531
25.856, -18.827
25.807, -19.123
25.759, -19.419
25.71, -19.715
25.66, -20.021
25.611, -20.317
25.563, -20.613
25.514, -20.909
25.466, -21.205
25.417, -21.501
25.676, -18.503
25.627, -18.799
25.579, -19.095
25.53, -19.391
25.481, -19.687
25.431, -19.993
25.383, -20.289
25.334, -20.585
25.286, -20.881
25.237, -21.177
25.188, -21.473
25.489, -18.477
25.441, -18.773
25.392, -19.069
25.344, -19.365
25.295, -19.661
25.245, -19.966
25.196, -20.262
25.148, -20.558
25.099, -20.854
25.051, -21.15
25.002, -21.446
25.303, -18.45
25.254, -18.746
25.206, -19.042
25.157, -19.338
25.109, -19.634
25.058, -19.94
25.01, -20.236
24.961, -20.532
24.913, -20.828
24.864, -21.124
24.816, -21.42
25.116, -18.423
25.068, -18.719
25.019, -19.015
24.971, -19.311
24.922, -19.607
24.872, -19.913
24.823, -20.209
24.775, -20.505
24.726, -20.801
24.678, -21.097
24.629, -21.393
24.93, -18.396
24.881, -18.692
24.833, -18.988
24.784, -19.284
24.736, -19.58
24.685, -19.886
24.637, -20.182
24.588, -20.478
24.54, -20.774
24.491, -21.07
24.443, -21.366
24.744, -18.369
24.695, -18.665
24.646, -18.961
24.598, -19.257
24.549, -19.553
24.499, -19.859
24.451, -20.155
24.402, -20.451
24.353, -20.747
24.305, -21.043
24.256, -21.339
24.553, -18.343
24.505, -18.639
24.456, -18.935
24.408, -19.231
24.359, -19.527
24.309, -19.833
24.26, -20.129
24.212, -20.425
24.163, -20.721
24.115, -21.017
24.066, -21.313
24.367, -18.316
24.318, -18.612
24.27, -18.908
24.221, -19.204
24.173, -19.5
24.122, -19.806
24.074, -20.102
24.025, -20.398
23.977, -20.694
23.928, -20.99
23.88, -21.286
24.112, -18.28
24.063, -18.576
24.015, -18.872
23.966, -19.168
23.918, -19.464
23.868, -19.77
23.819, -20.066
23.77, -20.362
23.722, -20.658
23.673, -20.954
23.625, -21.25
23.926, -18.254
23.877, -18.55
23.829, -18.846
23.78, -19.142
23.731, -19.438
23.681, -19.744
23.633, -20.039
23.584, -20.336
23.535, -20.632
23.487, -20.928
23.438, -21.224
23.739, -18.227
23.691, -18.523
23.642, -18.819
23.593, -19.115
23.545, -19.411
23.495, -19.717
23.446, -20.013
23.398, -20.309
23.349, -20.605
23.3, -20.901
23.252, -21.197
23.553, -18.2
23.504, -18.496
23.456, -18.792
23.407, -19.088
23.359, -19.384
23.308, -19.69
23.26, -19.986
23.211, -20.282
23.163, -20.578
23.114, -20.874
23.065, -21.17
23.366, -18.173
23.318, -18.469
23.269, -18.765
23.221, -19.061
23.172, -19.357
23.122, -19.663
23.073, -19.959
23.025, -20.255
22.976, -20.551
22.928, -20.847
22.879, -21.143
23.18, -18.146
23.131, -18.442
23.083, -18.738
23.034, -19.034
22.986, -19.33
22.935, -19.636
22.887, -19.932
22.838, -20.228
22.79, -20.524
22.741, -20.82
22.693, -21.116
22.99, -18.12
22.941, -18.416
22.893, -18.712
22.844, -19.008
22.795, -19.304
22.745, -19.61
22.697, -19.906
22.648, -20.202
22.6, -20.498
22.755, -18.389
22.706, -18.685
22.658, -18.981
22.609, -19.277
22.559, -19.583
22.51, -19.879
22.462, -20.175
22.413, -20.471
22.494, -18.354
22.445, -18.65
22.397, -18.946
22.348, -19.242
22.298, -19.548
22.249, -19.844
22.201, -20.14
22.152, -20.436
22.307, -18.327
22.259, -18.623
22.21, -18.919
22.162, -19.215
22.111, -19.521
22.063, -19.817
22.014, -20.113
21.966, -20.409
22.121, -18.301
22.072, -18.596
22.024, -18.893
21.975, -19.189
21.925, -19.494
21.877, -19.79
21.828, -20.086
21.779, -20.382
21.983, -17.978
21.935, -18.274
21.886, -18.57
21.837, -18.866
21.789, -19.162
21.739, -19.468
21.69, -19.764
21.642, -20.06
21.593, -20.356
21.544, -20.652
21.797, -17.951
21.748, -18.247
21.7, -18.543
21.651, -18.839
21.602, -19.135
21.552, -19.441
21.504, -19.737
21.455, -20.033
21.407, -20.329
21.358, -20.625
26.921, -22.561
26.86, -22.854
26.798, -23.148
26.736, -23.442
26.674, -23.735
26.61, -24.038
26.548, -24.332
26.486, -24.626
26.424, -24.919
26.363, -25.213
26.301, -25.506
26.739, -22.528
26.677, -22.821
26.615, -23.115
26.553, -23.408
26.491, -23.702
26.427, -24.005
26.365, -24.299
26.304, -24.592
26.242, -24.886
26.18, -25.179
26.118, -25.473
26.535, -22.501
26.473, -22.795
26.411, -23.088
26.349, -23.382
26.288, -23.675
26.224, -23.979
26.162, -24.272
26.1, -24.566
26.038, -24.859
25.976, -25.153
25.914, -25.446
26.352, -22.468
26.291, -22.761
26.229, -23.055
26.167, -23.349
26.105, -23.642
26.041, -23.945
25.979, -24.239
25.917, -24.532
25.855, -24.826
25.793, -25.12
25.732, -25.413
26.17, -22.435
26.108, -22.728
26.046, -23.022
25.984, -23.315
25.922, -23.609
25.858, -23.912
25.796, -24.206
25.734, -24.499
25.673, -24.793
25.611, -25.086
25.549, -25.38
25.987, -22.402
25.925, -22.695
25.863, -22.989
25.801, -23.282
25.739, -23.576
25.675, -23.879
25.614, -24.173
25.552, -24.466
25.49, -24.76
25.428, -25.053
25.366, -25.347
25.804, -22.368
25.742, -22.662
25.681, -22.955
25.619, -23.249
25.557, -23.543
25.493, -23.846
25.431, -24.139
25.369, -24.433
25.307, -24.727
25.245, -25.02
25.183, -25.314
25.622, -22.335
25.56, -22.629
25.498, -22.922
25.436, -23.216
25.374, -23.509
25.31, -23.813
25.248, -24.106
25.186, -24.4
25.124, -24.693
25.063, -24.987
25.001, -25.28
25.434, -22.302
25.372, -22.595
25.311, -22.889
25.249, -23.182
25.187, -23.476
25.123, -23.779
25.061, -24.073
24.999, -24.366
24.937, -24.66
24.875, -24.953
24.813, -25.247
25.252, -22.268
25.19, -22.562
25.128, -22.856
25.066, -23.149
25.004, -23.443
24.94, -23.746
24.878, -24.04
24.816, -24.333
24.755, -24.627
24.693, -24.92
24.631, -25.214
25.027, -22.233
24.965, -22.526
24.903, -22.82
24.841, -23.114
24.78, -23.407
24.716, -23.71
24.654, -24.004
24.592, -24.298
24.53, -24.591
24.468, -24.885
24.406, -25.178
24.844, -22.2
24.782, -22.493
24.721, -22.787
24.659, -23.08
24.597, -23.374
24.533, -23.677
24.471, -23.971
24.409, -24.264
24.347, -24.558
24.285, -24.851
24.223, -25.145
24.662, -22.167
24.6, -22.46
24.538, -22.754
24.476, -23.047
24.414, -23.341
24.35, -23.644
24.288, -23.938
24.226, -24.231
24.165, -24.525
24.103, -24.818
24.041, -25.112
24.479, -22.133
24.417, -22.427
24.355, -22.721
24.293, -23.014
24.231, -23.308
24.167, -23.611
24.106, -23.904
24.044, -24.198
23.982, -24.492
23.92, -24.785
23.858, -25.079
24.296, -22.1
24.234, -22.394
24.172, -22.687
24.111, -22.981
24.049, -23.274
23.985, -23.578
23.923, -23.871
23.861, -24.165
23.799, -24.458
23.737, -24.752
23.675, -25.045
24.113, -22.067
24.052, -22.361
23.99, -22.654
23.928, -22.948
23.866, -23.241
23.802, -23.545
23.74, -23.838
23.678, -24.132
23.616, -24.425
23.554, -24.719
23.493, -25.012
23.926, -22.034
23.864, -22.327
23.803, -22.621
23.741, -22.914
23.679, -23.208
23.615, -23.511
23.553, -23.805
23.491, -24.098
23.429, -24.392
23.367, -24.685
23.305, -24.979
23.744, -22
23.682, -22.294
23.62, -22.587
23.558, -22.881
23.496, -23.175
23.432, -23.478
23.37, -23.771
23.308, -24.065
23.246, -24.359
23.185, -24.652
23.123, -24.946
23.493, -21.955
23.431, -22.249
23.369, -22.542
23.307, -22.836
23.246, -23.129
23.182, -23.433
23.12, -23.726
23.058, -24.02
22.996, -24.313
22.934, -24.607
22.872, -24.9
23.31, -21.922
23.248, -22.216
23.187, -22.509
23.125, -22.803
23.063, -23.096
22.999, -23.4
22.937, -23.693
22.875, -23.987
22.813, -24.28
22.751, -24.574
22.689, -24.867
23.128, -21.889
23.066, -22.182
23.004, -22.476
22.942, -22.77
22.88, -23.063
22.816, -23.366
22.754, -23.66
22.692, -23.954
22.631, -24.247
22.569, -24.541
22.507, -24.834
22.945, -21.856
22.883, -22.149
22.821, -22.443
22.759, -22.736
22.697, -23.03
22.633, -23.333
22.572, -23.627
22.51, -23.92
22.448, -24.214
22.386, -24.507
22.324, -24.801
22.762, -21.823
22.7, -22.116
22.638, -22.41
22.577, -22.703
22.515, -22.997
22.451, -23.3
22.389, -23.594
22.327, -23.887
22.265, -24.181
22.203, -24.474
22.141, -24.768
22.579, -21.789
22.518, -22.083
22.456, -22.376
22.394, -22.67
22.332, -22.964
22.268, -23.267
22.206, -23.56
22.144, -23.854
22.082, -24.148
22.02, -24.441
21.959, -24.735
22.392, -21.756
22.33, -22.049
22.268, -22.343
22.207, -22.636
22.145, -22.93
22.081, -23.233
22.019, -23.527
21.957, -23.82
21.895, -24.114
22.148, -22.016
22.086, -22.31
22.024, -22.603
21.962, -22.897
21.898, -23.2
21.836, -23.494
21.774, -23.787
21.712, -24.081
21.89, -21.971
21.828, -22.264
21.766, -22.558
21.704, -22.851
21.64, -23.155
21.579, -23.448
21.517, -23.742
21.455, -24.035
21.707, -21.937
21.645, -22.231
21.584, -22.524
21.522, -22.818
21.458, -23.121
21.396, -23.415
21.334, -23.708
21.272, -24.002
21.525, -21.904
21.463, -22.198
21.401, -22.491
21.339, -22.785
21.275, -23.088
21.213, -23.382
21.151, -23.675
21.089, -23.969
21.404, -21.578
21.342, -21.871
21.28, -22.165
21.218, -22.458
21.156, -22.752
21.092, -23.055
21.03, -23.349
20.969, -23.642
20.907, -23.936
20.845, -24.229
21.221, -21.544
21.159, -21.838
21.097, -22.131
21.035, -22.425
20.973, -22.718
20.91, -23.022
20.848, -23.315
20.786, -23.609
20.724, -23.902
20.662, -24.196
26.18, -26.339
26.096, -26.627
26.012, -26.915
25.928, -27.203
25.844, -27.491
25.758, -27.789
25.674, -28.077
25.59, -28.365
25.506, -28.653
25.422, -28.941
25.338, -29.229
25.254, -29.517
25.998, -26.293
25.914, -26.581
25.83, -26.869
25.747, -27.157
25.663, -27.445
25.576, -27.742
25.492, -28.03
25.408, -28.318
25.324, -28.606
25.24, -28.894
25.156, -29.182
25.072, -29.47
25.795, -26.251
25.711, -26.539
25.627, -26.827
25.543, -27.115
25.459, -27.403
25.372, -27.701
25.288, -27.989
25.204, -28.277
25.12, -28.565
25.036, -28.853
24.952, -29.141
24.868, -29.429
25.613, -26.204
25.529, -26.492
25.445, -26.78
25.361, -27.068
25.277, -27.357
25.19, -27.654
25.106, -27.942
25.022, -28.23
24.938, -28.518
24.854, -28.806
24.77, -29.094
24.686, -29.382
25.431, -26.158
25.347, -26.446
25.263, -26.734
25.179, -27.022
25.095, -27.31
25.008, -27.608
24.924, -27.896
24.841, -28.184
24.757, -28.472
24.673, -28.76
24.589, -29.048
24.505, -29.336
25.249, -26.111
25.165, -26.399
25.081, -26.687
24.997, -26.975
24.913, -27.263
24.827, -27.561
24.743, -27.849
24.659, -28.137
24.575, -28.425
24.491, -28.713
24.407, -29.001
24.323, -29.289
25.067, -26.065
24.983, -26.353
24.899, -26.641
24.815, -26.929
24.731, -27.217
24.645, -27.514
24.561, -27.802
24.477, -28.091
24.393, -28.379
24.309, -28.667
24.225, -28.955
24.141, -29.243
24.885, -26.018
24.802, -26.306
24.718, -26.594
24.634, -26.882
24.55, -27.17
24.463, -27.468
24.379, -27.756
24.295, -28.044
24.211, -28.332
24.127, -28.62
24.043, -28.908
23.959, -29.196
24.7, -25.971
24.616, -26.259
24.532, -26.547
24.448, -26.835
24.364, -27.123
24.277, -27.421
24.193, -27.709
24.109, -27.997
24.025, -28.285
23.941, -28.573
23.857, -28.861
24.518, -25.924
24.434, -26.212
24.35, -26.5
24.266, -26.788
24.182, -27.076
24.095, -27.374
24.011, -27.662
23.927, -27.95
23.843, -28.238
23.76, -28.526
23.676, -28.814
24.294, -25.872
24.21, -26.16
24.126, -26.448
24.042, -26.736
23.958, -27.024
23.872, -27.322
23.788, -27.61
23.704, -27.898
23.62, -28.186
23.536, -28.474
23.452, -28.762
24.112, -25.826
24.028, -26.114
23.944, -26.402
23.861, -26.69
23.777, -26.978
23.69, -27.275
23.606, -27.563
23.522, -27.851
23.438, -28.139
23.354, -28.427
23.27, -28.715
23.931, -25.779
23.847, -26.067
23.763, -26.355
23.679, -26.643
23.595, -26.931
23.508, -27.229
23.424, -27.517
23.34, -27.805
23.256, -28.093
23.172, -28.381
23.088, -28.669
23.749, -25.733
23.665, -26.021
23.581, -26.309
23.497, -26.597
23.413, -26.885
23.326, -27.182
23.242, -27.47
23.158, -27.758
23.074, -28.046
22.99, -28.334
22.906, -28.622
23.567, -25.686
23.483, -25.974
23.399, -26.262
23.315, -26.55
23.231, -26.838
23.144, -27.136
23.06, -27.424
22.976, -27.712
22.892, -28
22.808, -28.288
22.724, -28.576
23.385, -25.64
23.301, -25.928
23.217, -26.216
23.133, -26.504
23.049, -26.792
22.962, -27.089
22.878, -27.377
22.794, -27.665
22.71, -27.953
22.626, -28.241
22.543, -28.529
23.199, -25.592
23.115, -25.88
23.031, -26.168
22.947, -26.456
22.863, -26.744
22.777, -27.042
22.693, -27.33
22.609, -27.618
22.525, -27.906
22.441, -28.194
22.357, -28.482
23.018, -25.546
22.934, -25.834
22.85, -26.122
22.766, -26.41
22.682, -26.698
22.595, -26.995
22.511, -27.283
22.427, -27.571
22.343, -27.859
22.259, -28.147
22.175, -28.435
22.769, -25.482
22.685, -25.77
22.601, -26.058
22.517, -26.346
22.433, -26.634
22.346, -26.932
22.262, -27.22
22.178, -27.508
22.094, -27.796
22.01, -28.084
21.926, -28.372
22.587, -25.436
22.503, -25.724
22.419, -26.012
22.335, -26.3
22.251, -26.588
22.164, -26.885
22.08, -27.173
21.996, -27.461
21.912, -27.749
21.828, -28.037
21.744, -28.325
22.405, -25.389
22.321, -25.677
22.237, -25.965
22.153, -26.253
22.069, -26.541
21.982, -26.839
21.898, -27.127
21.814, -27.415
21.73, -27.703
21.646, -27.991
21.563, -28.279
22.223, -25.342
22.139, -25.63
22.055, -25.918
21.971, -26.206
21.887, -26.495
21.801, -26.792
21.717, -27.08
21.633, -27.368
21.549, -27.656
21.465, -27.944
21.381, -28.232
22.041, -25.296
21.957, -25.584
21.873, -25.872
21.789, -26.16
21.705, -26.448
21.619, -26.746
21.535, -27.034
21.451, -27.322
21.367, -27.61
21.283, -27.898
21.199, -28.186
21.859, -25.249
21.775, -25.537
21.691, -25.825
21.608, -26.113
21.524, -26.401
21.437, -26.699
21.353, -26.987
21.269, -27.275
21.185, -27.563
21.101, -27.851
21.017, -28.139
21.59, -25.49
21.506, -25.778
21.422, -26.066
21.338, -26.354
21.251, -26.652
21.167, -26.94
21.083, -27.228
20.999, -27.516
20.915, -27.804
20.831, -28.092
21.408, -25.443
21.324, -25.731
21.24, -26.019
21.156, -26.307
21.069, -26.605
20.985, -26.893
20.901, -27.181
20.817, -27.469
20.733, -27.757
20.649, -28.045
21.153, -25.379
21.069, -25.667
20.985, -25.955
20.901, -26.243
20.814, -26.54
20.73, -26.828
20.647, -27.116
20.563, -27.404
20.479, -27.692
20.395, -27.98
20.971, -25.332
20.887, -25.62
20.803, -25.908
20.719, -26.196
20.633, -26.494
20.549, -26.782
20.465, -27.07
20.381, -27.358
20.297, -27.646
20.213, -27.934
20.789, -25.285
20.705, -25.573
20.621, -25.861
20.537, -26.149
20.451, -26.447
20.367, -26.735
20.283, -27.023
20.199, -27.311
20.115, -27.599
20.031, -27.887
20.691, -24.951
20.608, -25.239
20.524, -25.527
20.44, -25.815
20.356, -26.103
20.269, -26.401
20.185, -26.689
20.101, -26.977
20.017, -27.265
19.933, -27.553
19.849, -27.841
20.51, -24.904
20.426, -25.192
20.342, -25.48
20.258, -25.768
20.174, -26.056
20.087, -26.354
20.003, -26.642
19.919, -26.93
19.835, -27.218
19.751, -27.506
19.667, -27.794
